date,pm25,n_stations,pm25_sd,pm25_max,pm25_min,temp,rh,wind,precip,pressure,wind_u,wind_v,cams_pm25
2018-01-04,266.727,5,86.381,372.111,191.583,11.8417,73.875,6.9792,0.0,989.7542,2.5199,-0.3365,
2018-01-05,228.482,4,67.319,313.524,150.483,12.3708,74.1667,6.7875,0.0,989.2833,-4.029,2.0769,
2018-01-06,249.857,5,44.106,315.211,208.831,12.0708,76.3333,7.3625,0.0,988.4125,5.0499,-3.7113,
2018-01-07,160.685,4,31.468,188.392,132.742,11.8917,69.2083,11.9875,0.0,989.3333,11.3844,-2.4992,
2018-01-08,,0,,,,12.1542,70.0833,10.825,0.0,990.9583,10.4226,-2.376,
2018-01-09,,0,,,,12.125,70.7083,9.6125,0.0,992.9833,9.0535,-2.7595,
2018-01-10,,0,,,,13.35,67.5,14.2583,0.0,992.55,13.6508,-3.7424,
2018-01-11,157.865,5,35.779,194.348,98.525,13.9375,63.4583,14.6542,0.0,991.15,14.2288,-3.3468,
2018-01-12,165.026,4,63.019,224.146,104.926,14.8458,58.3333,10.8542,0.0,990.15,10.5764,-1.7151,
2018-01-13,229.386,5,94.254,386.452,157.271,13.9917,68.7917,8.0542,0.0,990.4167,5.9443,-4.5639,
2018-01-14,,0,,,,13.5,68.7917,9.7667,0.0,990.3042,9.2873,-2.4513,
2018-01-15,172.242,4,53.771,221.0,106.354,13.9042,63.4167,11.9667,0.0,990.6083,10.9261,-4.5811,
2018-01-16,159.192,4,52.681,208.636,84.876,14.5792,56.7917,12.0583,0.0,988.3542,8.4365,-1.9037,
2018-01-17,,0,,,,13.6125,73.625,10.2917,0.0,989.2,-8.3908,5.7441,
2018-01-18,,0,,,,15.1,76.2083,7.4458,0.0,989.9292,1.6771,-1.2693,
2018-01-19,,0,,,,15.6542,73.7083,9.0667,0.0,990.3917,7.6759,-4.3777,
2018-01-20,,0,,,,14.5125,63.625,11.9458,0.0,989.4833,11.3873,-3.1112,
2018-01-21,,0,,,,14.0958,56.9167,6.8542,0.0,988.8667,3.4178,0.6887,
2018-01-22,,0,,,,14.1542,67.3333,7.8042,0.0,987.5042,-5.5268,5.0835,
2018-01-23,,0,,,,13.3792,79.375,11.9375,6.0,985.35,-8.1421,5.771,
2018-01-24,,0,,,,12.7667,81.5833,7.5792,0.8,988.2083,4.6565,-2.439,
2018-01-25,,0,,,,13.1083,79.125,11.5708,0.0,987.525,10.7231,-4.1954,
2018-01-26,,0,,,,12.5292,80.4167,8.5458,0.0,988.3625,5.9199,-5.0019,
2018-01-27,,0,,,,12.1375,77.4583,9.0083,0.0,988.2375,6.7512,-5.0467,
2018-01-28,166.474,5,47.495,228.0,101.551,12.8125,75.25,9.1083,0.0,988.9875,6.8655,-4.7877,
2018-01-29,152.639,4,44.197,190.471,94.996,13.8458,73.875,10.5708,0.0,990.55,9.153,-4.4009,
2018-01-30,,0,,,,16.3458,67.7917,16.7292,0.0,989.9792,15.3294,-6.4505,
2018-01-31,115.196,4,38.411,159.0,66.853,17.6167,63.8333,18.3667,0.0,988.9583,16.7949,-7.2176,
2018-02-01,133.19,4,37.657,172.522,82.321,17.4667,66.7917,10.9083,0.0,989.1625,9.0636,-4.9642,
2018-02-02,119.217,4,41.966,154.875,64.04,16.8708,72.2083,7.8167,0.0,987.2542,5.4595,-5.0426,
2018-02-03,,0,,,,16.3167,60.25,9.0583,0.0,989.8,4.1671,-7.7724,
2018-02-04,,0,,,,14.4042,58.625,10.9833,0.0,990.2167,9.019,-5.9939,
2018-02-05,115.739,3,29.953,148.632,90.034,14.775,55.7917,8.0417,0.0,992.0417,5.1659,-5.7137,
2018-02-06,,0,,,,16.0083,52.0417,11.55,0.0,992.2167,7.7125,-8.3597,
2018-02-07,102.235,3,18.106,121.947,86.345,14.4417,52.6667,12.4292,0.0,989.4792,9.6953,-7.3231,
2018-02-08,,0,,,,13.8542,60.2917,9.1625,0.0,988.4875,5.5317,-6.0115,
2018-02-09,,0,,,,14.3875,59.7083,9.0833,0.0,988.4875,5.1704,-6.0415,
2018-02-10,180.948,3,15.128,196.225,165.973,16.7375,50.8333,6.2167,0.0,990.8667,-2.849,-3.3537,
2018-02-11,,0,,,,16.2583,56.6667,11.4,1.6,990.2875,-8.0435,3.2452,
2018-02-12,,0,,,,15.8542,79.2083,16.5917,2.9,992.1875,-15.7812,4.2504,
2018-02-13,,0,,,,15.4708,79.4167,7.7917,0.0,996.8458,-0.08,-4.8527,
2018-02-14,,0,,,,15.4833,66.125,14.7708,0.0,996.6708,11.8082,-8.5148,
2018-02-15,80.774,6,8.967,91.944,68.671,16.85,64.4167,15.6417,0.0,994.4792,13.3861,-7.7132,
2018-02-16,115.776,4,30.966,150.765,83.479,17.7625,66.125,11.8458,0.0,993.0208,10.587,-5.0974,
2018-02-17,119.78,6,25.726,145.19,80.854,18.0625,66.7083,11.7458,0.0,987.9708,9.8947,-5.4315,
2018-02-18,133.994,6,33.934,170.529,79.859,17.5792,59.2083,9.675,0.0,986.8125,5.7811,-5.9076,
2018-02-19,177.524,6,45.507,261.19,135.948,17.4375,57.9583,7.575,0.0,988.4167,5.8469,-4.0145,
2018-02-20,170.622,6,38.654,223.706,112.121,19.4083,60.0833,8.1833,0.0,988.2333,4.6416,-4.4159,
2018-02-21,198.443,5,74.469,281.312,79.384,21.3875,58.25,6.9208,0.0,986.1792,1.9604,-0.9736,
2018-02-22,,0,,,,21.7375,63.5417,7.8,0.0,985.2792,3.4316,-4.5752,
2018-02-23,,0,,,,21.9042,68.625,6.2875,0.0,985.4708,-2.1229,-4.0426,
2018-02-24,,0,,,,21.1417,73.0833,8.4667,1.9,987.4875,-7.4723,0.6684,
2018-02-25,,0,,,,21.0583,68.3333,9.7625,0.3,990.5625,3.4268,-7.1286,
2018-02-26,,0,,,,20.5625,63.0,16.8333,0.0,988.6,14.7717,-7.6411,
2018-02-27,,0,,,,21.5125,62.3333,11.4458,0.0,987.8583,9.2623,-6.4309,
2018-02-28,,0,,,,21.6375,66.5417,8.1667,0.0,988.0625,5.0605,-5.0276,
2018-03-01,,0,,,,21.4458,65.3333,8.9917,0.0,986.225,4.4912,-6.7425,
2018-03-02,,0,,,,23.1208,58.1667,8.7542,0.0,984.9917,3.4648,-4.6971,
2018-03-03,,0,,,,22.6333,60.2083,7.725,0.0,983.0333,3.706,-2.0989,
2018-03-04,,0,,,,21.4917,59.375,10.6375,1.2,984.4083,6.0377,-7.2673,
2018-03-05,,0,,,,20.4375,56.9167,9.9583,0.0,987.9625,6.4935,-7.0213,
2018-03-06,,0,,,,20.35,52.375,12.4583,0.0,988.7375,10.2327,-6.452,
2018-03-07,,0,,,,21.1375,51.9583,11.575,0.0,987.7042,8.8283,-6.0152,
2018-03-08,,0,,,,22.3375,52.9583,5.2333,0.0,988.6542,-0.5386,-2.7499,
2018-03-09,,0,,,,22.925,52.2917,8.7583,1.1,988.8458,3.8921,-4.9326,
2018-03-10,,0,,,,23.0792,48.4583,12.4333,0.0,987.925,9.417,-7.0979,
2018-03-11,,0,,,,23.275,51.9167,11.6167,0.0,986.8667,8.8669,-6.5973,
2018-03-12,,0,,,,23.7208,53.25,10.8125,0.0,986.9583,8.449,-4.6865,
2018-03-13,,0,,,,25.4208,48.5833,9.0042,0.0,985.3167,4.1841,0.4376,
2018-03-14,,0,,,,25.8208,37.25,8.75,0.0,983.35,-0.804,7.4909,
2018-03-15,,0,,,,23.7792,42.0,9.8208,0.0,983.6083,6.0095,-1.034,
2018-03-16,,0,,,,22.7583,47.8333,9.6708,0.0,984.7167,4.6702,-6.9446,
2018-03-17,,0,,,,21.925,40.2917,12.3375,0.0,985.9833,8.72,-7.4091,
2018-03-18,,0,,,,22.7708,40.625,11.275,0.0,987.1375,6.7252,-6.8846,
2018-03-19,,0,,,,23.6333,41.0833,8.5375,0.0,988.6292,5.4227,-3.6273,
2018-03-20,,0,,,,24.3875,48.4583,6.525,0.2,985.8458,2.6239,-2.8442,
2018-03-21,,0,,,,23.5833,56.25,10.7458,1.6,983.8792,0.4389,-5.9725,
2018-03-22,,0,,,,23.0667,55.625,8.2917,0.3,984.75,1.042,-6.619,
2018-03-23,,0,,,,22.9792,53.625,9.3625,0.0,985.6708,7.4393,-5.1497,
2018-03-24,,0,,,,24.3292,48.0417,10.8458,0.0,988.0708,7.1379,-7.5093,
2018-03-25,,0,,,,25.0583,43.7917,12.8208,0.0,989.1583,9.7642,-7.3498,
2018-03-26,,0,,,,25.975,42.4583,13.6417,0.0,987.5042,11.3601,-6.927,
2018-03-27,,0,,,,26.3542,40.375,9.8167,0.0,984.375,4.6313,-3.098,
2018-03-28,,0,,,,27.9583,37.0833,9.4375,0.0,983.6833,2.6805,-1.6952,
2018-03-29,,0,,,,27.2375,33.5417,13.3708,0.0,983.1792,10.5782,-6.8528,
2018-03-30,,0,,,,26.8542,34.1667,14.375,0.0,981.0542,7.9208,-3.6159,
2018-03-31,,0,,,,25.7208,47.0,11.925,0.0,982.9833,-10.73,3.8687,
2018-04-01,,0,,,,26.5083,45.125,10.7333,0.0,984.7792,-9.7584,3.5943,
2018-04-02,,0,,,,28.0083,45.5417,8.5375,0.0,985.0333,-5.9677,4.4067,
2018-04-03,,0,,,,28.6875,44.125,8.9625,1.7,983.7958,-4.7445,3.6141,
2018-04-04,,0,,,,29.175,42.8333,8.3208,0.0,981.6333,-2.4424,-0.8059,
2018-04-05,,0,,,,28.6125,48.75,6.4042,2.1,980.4042,-1.7077,-3.9169,
2018-04-06,,0,,,,27.8833,51.7083,6.8958,1.1,981.9958,-1.7974,0.626,
2018-04-07,,0,,,,26.875,53.6667,10.5917,3.4,984.1083,-6.0907,2.693,
2018-04-08,,0,,,,26.7542,55.2083,12.9958,1.3,985.0125,-11.3969,5.0254,
2018-04-09,,0,,,,25.6125,61.75,10.2625,3.5,985.9625,-6.1291,0.4655,
2018-04-10,,0,,,,26.7708,58.25,8.6417,3.1,984.025,-3.7031,5.3375,
2018-04-11,,0,,,,25.3667,63.4167,12.8083,2.5,983.8583,-9.0823,-2.4357,
2018-04-12,,0,,,,25.425,61.4583,6.1375,0.2,983.2958,0.5639,-2.4656,
2018-04-13,,0,,,,26.25,42.9167,8.4833,0.0,984.3625,4.2424,-6.6537,
2018-04-14,,0,,,,27.2125,33.5417,10.3917,0.0,983.3208,5.6907,-7.2825,
2018-04-15,,0,,,,28.7917,34.8333,8.8208,0.0,982.6875,3.203,-4.2526,
2018-04-16,,0,,,,29.225,35.6667,10.45,5.4,983.1792,-4.2217,4.1489,
2018-04-17,,0,,,,29.4208,34.5,8.8708,1.3,984.2417,0.5154,-5.2586,
2018-04-18,,0,,,,29.45,28.125,15.45,0.0,983.7542,11.3541,-9.9871,
2018-04-19,,0,,,,30.0167,28.2917,11.4667,0.0,980.2708,5.7133,-5.7388,
2018-04-20,,0,,,,30.3667,26.875,16.1667,1.1,978.9625,1.6017,7.7882,
2018-04-21,,0,,,,27.0042,33.5833,12.3583,0.0,983.1083,8.9763,-7.8122,
2018-04-22,,0,,,,27.525,24.5833,14.9625,0.0,984.0625,10.6007,-10.1384,
2018-04-23,,0,,,,28.275,23.3333,13.5708,0.0,983.3458,11.0275,-7.2061,
2018-04-24,,0,,,,30.1042,20.125,10.1458,0.0,982.2458,8.3236,-3.2398,
2018-04-25,,0,,,,31.875,19.5,10.1667,0.0,979.6208,5.8828,0.4685,
2018-04-26,,0,,,,32.475,20.0833,9.0875,0.0,978.05,1.3697,-0.1934,
2018-04-27,,0,,,,30.9542,42.5833,13.4958,1.2,981.1625,-11.2138,5.1202,
2018-04-28,,0,,,,30.775,44.1667,13.3,0.9,981.1375,-10.0122,4.7762,
2018-04-29,,0,,,,30.8375,43.4583,9.7542,0.4,978.7208,-1.8985,-0.2019,
2018-04-30,,0,,,,31.0708,42.3333,11.2792,0.7,976.7167,-6.6975,4.4829,
2018-05-01,,0,,,,30.5208,51.625,17.7083,10.5,979.6583,-15.2328,5.9087,
2018-05-02,,0,,,,29.8,54.2083,17.05,5.9,980.5833,-11.3052,4.8775,
2018-05-03,,0,,,,28.7208,58.0,16.1,0.0,981.7083,-13.1564,6.428,
2018-05-04,,0,,,,29.0583,55.375,13.4708,0.0,982.125,-12.0173,2.5257,
2018-05-05,,0,,,,30.2958,47.9583,7.6917,0.0,981.3083,-1.4042,-2.2501,
2018-05-06,,0,,,,31.0708,38.4167,10.4167,0.0,981.5125,-0.6129,-8.7657,
2018-05-07,,0,,,,30.4792,36.4167,8.575,0.0,980.0458,0.5858,-5.5661,
2018-05-08,,0,,,,27.2042,46.3333,9.0708,3.5,980.1208,5.4368,-4.2951,
2018-05-09,,0,,,,28.1375,43.9583,7.1458,2.2,982.3042,0.0864,-5.5312,
2018-05-10,,0,,,,30.2542,37.5417,8.2958,0.0,983.1125,4.197,-2.8509,
2018-05-11,,0,,,,32.5208,36.0,9.1708,0.0,980.4208,3.2543,-3.8925,
2018-05-12,,0,,,,32.2833,41.7917,9.5458,1.1,979.6333,-3.9731,1.6388,
2018-05-13,,0,,,,29.5875,56.2917,11.6792,3.8,979.6875,-3.4294,-0.5537,
2018-05-14,,0,,,,29.9792,52.3333,8.0083,0.0,980.7792,-6.2589,1.2891,
2018-05-15,,0,,,,31.2125,49.7917,8.4167,0.0,979.6833,-6.6076,1.5151,
2018-05-16,,0,,,,31.9542,41.8333,8.1542,0.4,978.4,4.4686,-1.3889,
2018-05-17,,0,,,,32.7375,29.75,8.1875,0.0,978.6833,3.4037,-3.3433,
2018-05-18,,0,,,,32.5208,32.2083,6.9125,0.0,978.1833,-2.8533,-3.3724,
2018-05-19,,0,,,,32.1583,38.4167,6.5333,1.5,978.5417,3.2142,2.0196,
2018-05-20,,0,,,,32.8833,28.375,10.1708,0.0,979.5,6.4776,-7.1557,
2018-05-21,,0,,,,33.7417,17.375,11.6833,0.0,979.6583,4.5548,-10.1322,
2018-05-22,,0,,,,35.4833,18.0,9.8375,0.0,978.7792,4.4276,-6.1193,
2018-05-23,,0,,,,34.55,25.5833,10.1583,0.1,977.6583,-5.1469,-4.6949,
2018-05-24,,0,,,,33.7833,30.5,9.2167,0.0,977.0542,-0.8238,-2.8055,
2018-05-25,,0,,,,34.6458,24.6667,9.3167,0.0,977.1958,7.546,-3.3676,
2018-05-26,,0,,,,34.8958,16.75,9.1875,0.0,976.2833,4.1645,-2.7904,
2018-05-27,,0,,,,35.3333,18.9167,10.7958,0.0,975.6667,3.5122,2.2819,
2018-05-28,,0,,,,34.7875,27.9583,9.2083,0.0,974.0292,-2.3279,0.5781,
2018-05-29,,0,,,,33.9875,33.3333,12.5792,0.0,973.325,-6.4797,4.6276,
2018-05-30,,0,,,,32.7917,48.625,14.3333,0.7,974.875,-8.8522,5.3644,
2018-05-31,,0,,,,34.3417,45.0,11.1,0.0,976.7708,-6.707,3.993,
2018-06-01,,0,,,,33.9458,48.2083,17.9792,4.8,977.775,-15.6699,5.2066,
2018-06-02,,0,,,,32.9875,48.875,15.6375,0.0,978.3083,-14.4875,4.7216,
2018-06-03,,0,,,,32.9583,52.4583,13.3208,0.0,976.3,-12.357,2.9244,
2018-06-04,,0,,,,34.8958,45.375,16.0125,0.0,975.4083,-13.844,6.8252,
2018-06-05,,0,,,,35.3083,44.5833,16.0625,0.7,977.6042,-14.886,5.0463,
2018-06-06,,0,,,,33.4542,54.625,12.2667,0.8,978.7958,-11.5949,2.0233,
2018-06-07,,0,,,,34.175,53.0833,8.3125,0.0,975.0542,-7.1225,1.7525,
2018-06-08,,0,,,,34.8042,52.4167,16.1417,0.0,971.8125,-14.4952,6.8775,
2018-06-09,,0,,,,31.5167,69.375,14.0417,15.2,971.4292,-9.5932,5.1998,
2018-06-10,,0,,,,31.5167,67.6667,6.6458,1.9,971.6667,0.9638,-0.3513,
2018-06-11,,0,,,,34.0167,51.7917,11.0917,0.0,969.9208,8.4029,-4.1426,
2018-06-12,,0,,,,35.5583,39.875,13.5167,0.0,967.4458,12.6253,-2.075,
2018-06-13,,0,,,,36.3917,37.4583,16.8375,0.0,967.7417,16.052,0.9484,
2018-06-14,,0,,,,35.9708,36.5833,19.825,0.0,969.5792,18.6584,3.7034,
2018-06-15,,0,,,,35.4917,35.5417,17.8208,0.0,971.9167,17.2373,1.9979,
2018-06-16,,0,,,,34.9375,41.2917,14.1458,0.0,973.9333,9.5003,0.5003,
2018-06-17,,0,,,,31.7083,58.125,10.3792,0.2,975.075,-1.2619,-6.0004,
2018-06-18,,0,,,,31.125,55.3333,8.175,0.6,975.3417,3.5531,-3.0016,
2018-06-19,,0,,,,32.6542,51.375,8.5,0.0,975.2417,4.9987,-5.1664,
2018-06-20,,0,,,,34.9333,45.25,5.6667,0.0,975.9583,0.0887,-1.4351,
2018-06-21,,0,,,,35.3958,41.7917,7.3667,0.0,975.6542,1.7151,-3.006,
2018-06-22,,0,,,,36.575,38.375,5.7542,0.0,974.5917,-0.5297,-0.9389,
2018-06-23,,0,,,,35.9625,38.9167,8.475,0.0,974.0833,1.2376,-3.6065,
2018-06-24,,0,,,,35.5667,38.8333,9.2333,0.0,973.5042,6.2211,-2.6563,
2018-06-25,,0,,,,36.35,35.5833,13.1625,0.0,971.3292,11.4292,-3.7728,
2018-06-26,,0,,,,32.8792,52.1667,9.3417,1.8,971.7833,7.8038,0.4587,
2018-06-27,,0,,,,29.225,78.375,9.0375,29.8,974.1167,-6.7258,-0.4582,
2018-06-28,,0,,,,28.6417,81.2083,14.5542,12.6,975.275,-13.0211,2.0844,
2018-06-29,,0,,,,29.3875,76.0,16.5917,4.3,975.1083,-14.9386,5.8479,
2018-06-30,,0,,,,29.6292,79.0833,8.4875,4.9,975.65,-4.1903,4.5798,
2018-07-01,,0,,,,30.75,74.625,10.7917,4.7,974.6625,10.102,0.345,
2018-07-02,,0,,,,30.6792,71.875,12.0042,15.2,972.6583,9.1667,1.6484,
2018-07-03,,0,,,,30.6542,68.1667,8.5875,0.7,972.5875,2.1261,2.224,
2018-07-04,,0,,,,29.1417,77.6667,8.9333,4.8,972.9667,1.576,0.431,
2018-07-05,,0,,,,30.8292,70.9583,6.0,0.0,974.2292,3.3994,-0.3033,
2018-07-06,,0,,,,31.1708,67.4167,8.1542,0.0,974.2792,6.7676,-3.8841,
2018-07-07,,0,,,,31.7458,64.7083,7.7708,0.0,973.6,6.0939,-4.6202,
2018-07-08,,0,,,,32.9167,60.9583,6.2958,0.0,972.65,1.8949,-3.1343,
2018-07-09,,0,,,,32.9125,64.2083,9.6083,0.1,972.7125,-7.4064,3.0667,
2018-07-10,,0,,,,32.8167,67.25,11.7833,0.3,973.1833,-9.9359,5.3239,
2018-07-11,,0,,,,31.7708,72.125,9.6417,4.5,972.5583,-7.0036,4.5241,
2018-07-12,,0,,,,29.6,80.2083,7.8625,25.5,972.3125,-6.3677,2.4691,
2018-07-13,,0,,,,29.1458,81.5417,8.2708,6.6,973.3458,-7.3418,2.7314,
2018-07-14,,0,,,,28.4917,84.75,8.6542,6.4,973.0042,-7.9225,2.1232,
2018-07-15,,0,,,,29.4292,82.875,9.45,7.4,972.5917,-8.5476,3.335,
2018-07-16,,0,,,,29.1333,85.2917,9.3333,10.9,973.1917,-8.901,0.7241,
2018-07-17,,0,,,,30.4167,79.5833,9.3083,3.5,973.4042,-8.2693,1.4158,
2018-07-18,,0,,,,30.1458,80.1667,9.7667,12.2,974.1667,-8.0864,-0.0243,
2018-07-19,,0,,,,30.1542,80.5,6.5208,13.3,973.9917,-5.8979,0.3965,
2018-07-20,,0,,,,29.3708,84.0,4.2208,8.3,973.3625,-1.9343,-0.3646,
2018-07-21,,0,,,,28.45,88.7917,5.5042,20.9,973.7792,-3.0148,1.9503,
2018-07-22,,0,,,,27.4083,90.5417,4.9,30.6,974.0958,-2.2728,2.4435,
2018-07-23,,0,,,,28.8083,85.7083,6.5292,5.1,973.7917,-3.5939,-0.1663,
2018-07-24,,0,,,,29.9833,77.6667,5.0458,1.5,974.3708,-3.0768,2.6837,
2018-07-25,,0,,,,28.8458,85.2917,6.6042,8.2,973.95,4.7734,2.9683,
2018-07-26,,0,,,,26.9375,91.375,7.125,16.3,974.1083,1.0937,-4.5992,
2018-07-27,,0,,,,26.8042,89.7917,6.6333,14.2,973.3,-0.6972,-5.5142,
2018-07-28,,0,,,,28.075,83.5,12.575,2.8,973.7958,11.8075,1.1443,
2018-07-29,,0,,,,29.0083,81.7083,9.1708,2.4,974.1833,8.2697,-0.3693,
2018-07-30,,0,,,,29.2583,79.2083,10.4167,2.4,973.8625,9.749,0.5128,
2018-07-31,,0,,,,29.6917,76.0833,11.9125,2.5,973.1583,9.0904,0.1587,
2018-08-01,,0,,,,29.9125,74.4583,12.5292,0.4,973.3917,10.1573,2.0673,
2018-08-02,,0,,,,30.5167,69.6667,12.0083,0.2,974.8958,10.2854,1.7625,
2018-08-03,,0,,,,30.4708,67.5,13.1542,0.0,975.35,11.4437,2.0251,
2018-08-04,,0,,,,30.3833,65.75,12.4208,0.0,975.0167,9.3792,4.3965,
2018-08-05,,0,,,,29.1542,72.0833,11.7667,1.3,974.9792,5.3334,7.198,
2018-08-06,,0,,,,26.8083,86.25,5.7042,4.6,975.4833,-3.1874,3.9333,
2018-08-07,,0,,,,26.65,91.0417,4.9458,19.4,975.45,-3.7476,-1.0505,
2018-08-08,,0,,,,27.9667,86.0417,8.35,9.4,976.0417,-7.4766,1.2294,
2018-08-09,,0,,,,29.225,82.5417,8.5792,2.9,978.1792,-7.6516,1.7696,
2018-08-10,,0,,,,29.5292,82.4583,5.75,2.9,977.2625,1.8458,0.5737,
2018-08-11,,0,,,,29.7792,78.25,13.6958,2.7,973.9833,12.3876,0.2237,
2018-08-12,,0,,,,28.8208,79.25,9.1833,2.1,972.0667,4.6767,1.7277,
2018-08-13,,0,,,,29.1333,76.625,5.1833,2.5,973.0542,-1.4188,2.0419,
2018-08-14,,0,,,,29.3375,78.9583,6.25,1.0,974.2833,-0.0461,2.3813,
2018-08-15,,0,,,,28.9917,83.9167,7.425,7.4,976.0917,-4.3354,2.4703,
2018-08-16,,0,,,,29.1458,85.125,6.925,3.4,977.4292,-5.3001,-1.2719,
2018-08-17,,0,,,,29.4333,83.25,10.1292,3.4,975.2333,-9.3127,1.4433,
2018-08-18,35.908,3,8.838,45.062,27.425,29.2583,84.2917,7.1792,6.4,974.925,-5.7272,1.4329,
2018-08-19,,0,,,,28.9375,86.8333,6.05,4.9,974.7917,4.6202,1.0619,
2018-08-20,,0,,,,29.2667,86.125,5.2458,3.6,976.0875,-2.0193,0.8105,
2018-08-21,,0,,,,29.5042,85.4167,6.5875,2.5,975.8375,-6.0747,1.8948,
2018-08-22,,0,,,,29.3417,84.125,5.6833,10.1,975.35,-3.9848,2.5729,
2018-08-23,,0,,,,28.2917,87.625,7.6208,12.4,976.2417,6.4495,0.2957,
2018-08-24,23.576,3,5.979,29.108,17.232,28.625,83.4167,10.1042,9.1,975.5833,8.473,2.1268,
2018-08-25,17.362,4,4.715,21.812,12.951,28.55,79.3333,12.4833,1.8,974.975,10.5489,1.9301,
2018-08-26,20.558,3,4.148,25.091,16.951,28.625,79.7917,8.425,1.7,974.5875,4.2121,-1.5477,
2018-08-27,28.15,4,4.552,31.583,21.75,27.5542,89.4583,4.2458,6.0,976.2958,-0.2269,-0.9334,
2018-08-28,27.457,4,4.513,33.99,23.802,27.6625,88.5,7.4125,14.0,977.2583,-6.5255,-0.536,
2018-08-29,32.809,4,12.296,49.808,22.428,28.0042,89.0833,5.8667,4.6,978.3667,-4.4658,1.2734,
2018-08-30,43.092,4,8.9,54.25,34.568,28.9958,85.1667,6.1667,3.5,976.2958,1.5799,2.9774,
2018-08-31,44.335,4,8.04,55.31,35.996,29.5375,80.7917,8.8083,1.2,976.375,1.969,3.4094,
2018-09-01,29.149,4,20.994,50.0,0.0,28.3625,86.375,5.1375,1.3,978.0167,-0.529,1.5424,
2018-09-02,27.119,3,24.727,48.413,0.0,26.7125,89.75,4.7042,32.7,978.0792,-2.1875,-1.9195,
2018-09-03,29.633,3,26.172,49.588,0.0,26.675,89.875,4.2417,8.2,978.3583,-2.2685,1.2974,
2018-09-04,,0,,,,26.7083,91.0417,4.8167,9.0,978.9167,2.5625,-1.2873,
2018-09-05,33.573,3,6.477,40.132,27.182,27.7042,84.9167,8.3708,0.9,977.9458,6.0491,-1.2036,
2018-09-06,36.538,4,5.535,41.316,29.447,28.0417,83.0833,6.4208,7.9,977.6583,3.9829,-0.3957,
2018-09-07,38.326,3,15.655,56.307,27.731,27.9542,87.5833,6.7917,8.6,979.525,-6.2754,0.8863,
2018-09-08,,0,,,,27.3958,86.1667,13.1292,8.0,979.8958,-12.7572,-0.7072,
2018-09-09,,0,,,,27.0,83.0417,14.125,0.2,981.0458,-11.8642,5.3864,
2018-09-10,,0,,,,27.4958,82.625,6.9667,2.4,982.5792,-1.8878,5.2214,
2018-09-11,24.392,3,6.492,31.789,19.645,27.7875,83.8333,8.3625,3.0,982.25,5.8722,2.8841,
2018-09-12,22.106,4,4.655,28.188,16.996,28.5458,76.0,14.7667,0.4,979.6083,12.9239,1.304,
2018-09-13,,0,,,,28.575,70.7083,13.6125,0.0,979.1292,12.3844,2.8714,
2018-09-14,,0,,,,27.8417,70.875,9.4292,0.0,981.4958,9.0183,0.9531,
2018-09-15,30.589,3,6.93,38.562,26.021,27.875,69.625,8.625,0.0,983.1167,7.7493,-0.0906,
2018-09-16,20.129,3,17.436,30.562,0.0,28.0292,68.5833,9.0,0.0,982.0625,7.8869,-1.6144,
2018-09-17,50.362,4,13.312,66.802,34.457,28.0708,71.2917,7.8375,0.0,980.9083,5.9014,-3.7326,
2018-09-18,52.584,3,5.329,58.738,49.465,27.6417,69.2083,8.8583,0.0,981.0417,5.9498,-4.7217,
2018-09-19,57.501,3,5.624,62.51,51.417,27.7167,69.3333,8.7542,0.0,981.05,4.2641,-4.7043,
2018-09-20,76.656,3,11.398,89.812,69.802,28.4375,70.1667,5.375,0.0,981.2667,-1.2119,-1.1869,
2018-09-21,39.91,3,6.768,46.222,32.764,27.2125,78.2083,13.2375,6.2,983.525,-12.6107,1.6853,
2018-09-22,20.544,3,4.522,25.375,16.413,24.9333,88.5,17.1458,50.6,983.7667,-16.6381,0.3255,
2018-09-23,33.51,4,11.24,48.925,24.309,25.4542,88.9167,20.6333,15.6,983.8083,-19.6073,5.84,
2018-09-24,,0,,,,24.5833,92.1667,15.5667,12.8,981.5583,-5.7707,8.6089,
2018-09-25,,0,,,,25.2333,84.5417,13.1875,0.3,982.8,11.0875,-5.5824,
2018-09-26,33.19,3,0.774,34.083,32.722,26.0667,80.6667,8.475,0.0,982.7958,7.4879,-2.8572,
2018-09-27,77.507,4,8.999,85.604,65.75,26.9792,76.7083,5.525,0.0,983.6208,2.5851,-2.7054,
2018-09-28,,0,,,,27.6792,74.4167,4.975,0.6,984.3792,1.2615,0.1302,
2018-09-29,,0,,,,27.2375,74.125,5.4917,0.0,985.1042,3.2556,-1.2941,
2018-09-30,55.991,3,7.993,64.023,48.037,26.5833,73.4167,9.9458,0.0,984.5583,8.1022,-4.9196,
2018-10-01,,0,,,,26.6125,72.0,8.8667,0.0,984.325,7.0041,-3.2289,
2018-10-02,,0,,,,27.5083,68.375,6.9042,0.0,984.9292,6.0569,-1.5244,
2018-10-03,,0,,,,26.9667,65.0833,5.5083,0.0,984.3083,4.327,0.0906,
2018-10-04,80.567,3,6.551,87.422,74.37,26.375,70.6667,5.0292,1.0,985.8,0.708,-1.0811,
2018-10-05,,0,,,,26.425,72.2083,5.1958,0.0,986.925,1.5124,-2.571,
2018-10-06,71.706,3,8.528,80.275,63.219,25.7917,64.1667,8.25,0.0,986.5542,6.4213,-4.1161,
2018-10-07,78.558,3,7.068,86.295,72.441,25.3792,67.1667,7.1125,0.0,986.0,2.7319,-5.1246,
2018-10-08,117.773,3,9.725,124.688,106.653,26.0917,66.7917,4.3167,0.0,984.5792,-0.6757,0.1633,
2018-10-09,102.151,3,10.503,110.571,90.382,26.2625,72.0833,9.125,0.0,983.4583,-6.7813,4.4444,
2018-10-10,86.639,3,4.014,90.877,82.895,25.3583,77.6667,11.8792,0.2,984.275,-10.3109,2.5663,
2018-10-11,,0,,,,24.1292,80.0,10.1833,1.3,985.8167,-9.424,0.3295,
2018-10-12,,0,,,,23.6917,71.4167,6.5083,0.0,987.6458,-2.5503,-4.4402,
2018-10-13,,0,,,,23.2042,65.7917,7.9292,0.0,988.0083,3.8811,-6.3845,
2018-10-14,,0,,,,23.2208,60.7917,9.925,0.0,987.2625,7.4346,-3.7965,
2018-10-15,,0,,,,24.4333,58.3333,6.6792,0.0,987.6292,0.9563,-2.1865,
2018-10-16,,0,,,,24.8208,67.5833,7.3083,0.0,987.1917,-6.0639,3.0654,
2018-10-17,145.849,3,17.23,165.429,133.0,25.0625,68.5,7.0667,0.0,985.6125,-4.9895,2.8124,
2018-10-18,158.528,3,57.426,224.765,122.696,24.8125,70.8333,9.3042,0.4,985.2625,-6.2053,1.732,
2018-10-19,161.343,4,10.919,174.033,149.377,25.2917,59.9167,6.4083,0.0,986.9417,2.6379,-4.3854,
2018-10-20,177.146,4,35.309,207.905,134.174,24.4417,56.4583,7.0375,0.0,988.9667,0.3652,-6.143,
2018-10-21,151.248,4,25.441,181.842,120.452,23.4083,54.5,8.775,0.0,989.7417,1.7193,-8.4301,
2018-10-22,126.251,4,21.921,151.763,104.5,22.5,48.7917,9.6208,0.0,988.75,7.6747,-3.4626,
2018-10-23,129.461,4,26.126,166.647,105.412,23.0667,47.8333,7.6583,0.0,988.3917,4.1829,-2.0889,
2018-10-24,192.456,4,45.427,255.474,156.188,23.4167,56.7917,5.9583,0.0,988.4167,-3.8156,0.2724,
2018-10-25,194.93,4,34.603,239.278,162.326,23.225,59.2083,6.6625,0.0,989.6167,-5.5957,-2.3923,
2018-10-26,217.239,4,58.883,302.053,177.0,22.6792,63.2917,7.3208,0.0,991.5625,-0.782,-3.8107,
2018-10-27,205.518,4,84.417,321.792,120.117,23.3333,61.3333,7.2875,0.0,991.8958,1.7465,-6.4113,
2018-10-28,226.098,4,43.921,291.667,199.448,23.0542,62.7083,8.2167,0.0,991.5375,3.8099,-6.0854,
2018-10-29,260.177,4,63.839,354.571,213.703,22.8,63.9583,7.4458,0.0,990.6083,5.5019,-4.259,
2018-10-30,256.832,4,70.425,352.647,182.955,23.7625,63.5,4.5125,0.0,990.575,-1.2996,-1.0798,
2018-10-31,236.071,4,62.667,329.2,195.159,23.8542,63.1667,4.7917,0.0,991.0792,-1.6076,-0.386,
2018-11-01,226.313,4,47.757,297.947,202.26,23.2083,65.0417,4.8,0.0,989.9708,-2.3417,1.2924,
2018-11-02,205.674,4,13.945,221.542,188.434,23.5083,67.0833,7.1083,0.1,988.375,-5.3933,3.9388,
2018-11-03,160.976,4,8.035,169.85,150.579,23.5708,64.2083,15.55,0.0,987.3333,-12.8473,2.5111,
2018-11-04,108.545,3,12.675,123.0,99.33,22.2875,60.875,8.9,0.0,988.475,-0.5026,-2.6757,
2018-11-05,386.834,4,46.3,430.053,321.37,20.2375,62.5,9.3792,0.0,989.275,8.4636,-3.7063,
2018-11-06,174.555,4,15.596,197.227,162.969,20.025,50.3333,13.1792,0.0,989.6833,12.1386,-4.8756,
2018-11-07,171.784,4,16.084,191.36,152.0,19.0792,40.4583,9.0917,0.0,990.0958,8.5156,-1.0658,
2018-11-08,,0,,,,20.1625,48.5833,4.2833,0.0,990.3542,0.5213,-2.0295,
2018-11-09,313.9,4,20.212,328.786,285.74,20.4083,59.75,5.5917,0.0,988.7917,2.1107,-3.4522,
2018-11-10,290.395,4,47.146,360.619,259.625,20.8042,63.5,4.6708,0.0,989.5208,-1.5499,-0.949,
2018-11-11,267.096,3,41.542,314.684,238.08,21.8,60.7083,4.85,0.0,990.0,-2.0452,0.2319,
2018-11-12,258.32,3,97.749,343.304,151.5,21.4917,67.875,5.9958,0.0,988.025,-5.0403,-0.595,
2018-11-13,263.863,4,43.072,323.364,220.477,22.1708,69.0417,6.6833,0.1,985.525,-4.4716,1.0833,
2018-11-14,131.471,4,20.63,156.304,105.944,21.4958,72.0,7.2792,1.1,986.6042,-2.6922,-0.1999,
2018-11-15,111.522,4,10.578,126.522,102.8,20.775,71.9167,9.3792,0.6,989.9583,1.6799,-6.8664,
2018-11-16,145.42,4,20.862,170.275,127.795,19.1583,60.9583,14.4917,0.0,989.0625,13.2345,-5.0266,
2018-11-17,136.752,4,21.714,168.182,118.333,18.5167,63.7083,10.3875,0.0,987.4,9.6086,-2.7033,
2018-11-18,,0,,,,19.8,63.9583,6.9917,0.0,988.275,-2.315,3.6895,
2018-11-19,,0,,,,20.8167,62.5833,10.5917,0.0,990.65,-8.6701,5.9018,
2018-11-20,,0,,,,20.4875,71.5833,7.1083,0.0,991.0667,2.2871,-3.6893,
2018-11-21,,0,,,,19.7542,62.4583,9.9958,0.0,991.2833,9.2214,-1.8011,
2018-11-22,,0,,,,19.6167,57.625,5.85,0.0,991.8333,3.8576,-2.3578,
2018-11-23,,0,,,,19.2792,57.125,12.9125,0.0,993.4125,10.956,-6.48,
2018-11-24,,0,,,,19.2875,53.25,14.8833,0.0,991.8292,13.9638,-4.2805,
2018-11-25,,0,,,,17.8667,60.4583,8.1375,0.0,991.4958,5.5592,-4.8207,
2018-11-26,,0,,,,18.55,66.5,8.5583,0.0,990.6042,4.5182,-6.1416,
2018-11-27,,0,,,,19.4833,69.4583,6.7042,0.0,992.3417,-5.1533,2.4989,
2018-11-28,,0,,,,19.6333,72.2083,5.1,0.0,993.0375,-2.9003,2.1751,
2018-11-29,,0,,,,18.6542,72.2917,8.4792,0.0,993.4125,7.5016,-2.7266,
2018-11-30,,0,,,,18.3042,69.25,9.6333,0.0,992.8958,8.6107,-3.1356,
2018-12-01,,0,,,,17.4542,67.125,9.0042,0.0,990.3417,8.1491,-1.0997,
2018-12-02,,0,,,,17.825,58.4167,5.3,0.0,989.5667,0.1876,-1.5072,
2018-12-03,,0,,,,17.6875,61.25,4.9708,0.0,990.5208,3.0492,-2.4039,
2018-12-04,,0,,,,17.2875,65.9167,5.9708,0.0,992.1583,2.2875,-4.3088,
2018-12-05,,0,,,,16.7667,68.8333,6.525,0.0,989.875,3.5219,-3.368,
2018-12-06,,0,,,,17.075,67.0417,5.6958,0.0,989.125,1.5522,-3.6485,
2018-12-07,,0,,,,15.9417,70.25,9.6792,0.0,989.7833,6.3765,-6.0139,
2018-12-08,,0,,,,15.4625,70.375,7.3083,0.0,990.6708,1.9441,-4.28,
2018-12-09,,0,,,,15.9583,66.5,5.9667,0.0,989.8375,-0.4495,-4.4284,
2018-12-10,,0,,,,15.4917,72.375,7.975,0.1,989.2708,-6.6242,3.1841,
2018-12-11,,0,,,,15.5333,68.4167,6.1125,0.0,990.2042,-5.2323,1.8543,
2018-12-12,,0,,,,14.6375,75.875,8.7458,0.8,991.7625,-7.3265,-1.1366,
2018-12-13,,0,,,,14.375,74.5417,7.575,0.1,994.5458,2.0904,-6.5058,
2018-12-14,,0,,,,13.9875,69.5417,8.5917,0.0,996.5667,6.7742,-5.0565,
2018-12-15,,0,,,,13.8708,68.0833,10.8458,0.0,996.2167,9.2543,-4.9384,
2018-12-16,,0,,,,13.4167,66.5833,8.7042,0.0,996.4375,6.4362,-5.2773,
2018-12-17,,0,,,,13.0792,68.7917,8.4,0.0,994.85,6.1232,-5.5661,
2018-12-18,,0,,,,12.95,66.5417,10.3125,0.0,993.375,8.5987,-5.2099,
2018-12-19,,0,,,,12.825,68.25,9.0625,0.0,992.4583,8.3192,-1.5886,
2018-12-20,,0,,,,12.3708,68.2917,7.2708,0.0,992.5625,6.6409,-2.1414,
2018-12-21,229.009,6,73.77,302.913,88.881,12.15,68.5417,8.7625,0.0,991.4375,8.2688,-1.4923,
2018-12-22,316.298,6,72.158,433.757,206.861,11.925,70.0417,6.4875,0.0,991.7458,0.4479,1.3837,
2018-12-23,372.269,6,116.32,542.972,183.399,12.2708,69.6667,7.8917,0.0,992.4667,-6.1521,4.3582,
2018-12-24,364.735,6,60.244,481.928,317.278,13.2,65.9583,7.3542,0.0,991.725,4.7405,-3.5999,
2018-12-25,218.61,5,115.011,316.833,21.632,12.1875,65.7083,10.9917,0.0,991.0042,9.6997,-4.6835,
2018-12-26,239.26,6,39.252,300.208,191.295,11.8833,62.75,8.025,0.0,989.7333,5.6945,-0.9783,
2018-12-27,285.912,5,63.115,397.254,249.521,12.125,63.5417,6.575,0.0,991.0875,2.5587,-0.9021,
2018-12-28,,0,,,,11.5417,66.625,12.5958,0.0,991.3458,11.2509,-4.3592,
2018-12-29,,0,,,,11.2708,64.4583,9.9083,0.0,993.2542,9.3519,-2.1406,
2018-12-30,,0,,,,13.2583,61.125,4.7708,0.0,995.6,2.365,-2.8189,
2018-12-31,,0,,,,12.3417,70.0833,9.2458,0.0,995.3625,7.3841,-3.8291,
2019-01-01,,0,,,,12.7292,71.2083,7.0667,0.0,994.2792,2.6874,-0.7331,
2019-01-02,,0,,,,14.1333,70.7917,6.9458,0.0,994.6292,-5.3088,2.3525,
2019-01-03,355.05,6,33.617,396.702,299.768,13.4625,69.8333,9.9375,0.0,995.4875,7.9765,-5.2273,
2019-01-04,,0,,,,12.65,70.2083,7.5292,0.0,994.2625,4.2756,-1.0478,
2019-01-05,,0,,,,13.4292,69.2083,11.9417,0.0,992.6625,-10.7981,4.6312,
2019-01-06,,0,,,,13.0458,76.875,8.7083,2.3,992.2542,-4.0054,-5.5781,
2019-01-07,,0,,,,12.4417,77.125,8.3292,0.0,993.8833,5.4731,-5.9499,
2019-01-08,,0,,,,12.2167,75.0,10.2542,0.0,992.3583,9.4535,-3.6374,
2019-01-09,,0,,,,12.5708,68.8333,12.7792,0.0,991.5083,11.5903,-4.6216,
2019-01-10,,0,,,,12.7458,65.6667,8.7083,0.0,991.2833,5.1898,-2.3234,
2019-01-11,,0,,,,12.8875,67.75,6.8875,0.0,992.7458,-5.9418,2.1139,
2019-01-12,,0,,,,13.8708,67.2917,5.9167,0.0,991.8833,-2.3928,3.8093,
2019-01-13,,0,,,,14.525,71.7083,7.475,0.0,993.8917,0.2519,-4.2975,
2019-01-14,,0,,,,12.5208,58.5,14.9792,0.0,993.9542,12.5215,-7.8355,
2019-01-15,,0,,,,11.4958,56.3333,13.225,0.0,992.6542,12.0342,-4.6867,
2019-01-16,,0,,,,11.725,66.5833,6.5792,0.0,992.4375,-1.3029,2.8299,
2019-01-17,,0,,,,12.7708,71.1667,7.5417,0.0,991.475,3.2412,-6.0727,
2019-01-18,,0,,,,12.0792,72.25,8.6583,0.0,991.5917,7.3264,-4.3642,
2019-01-19,,0,,,,14.4375,66.6667,7.0625,0.0,991.5917,5.4906,-1.783,
2019-01-20,,0,,,,17.7792,66.7917,5.025,0.0,990.775,-0.9537,3.7912,
2019-01-21,,0,,,,16.2458,79.7917,14.8417,6.5,988.0917,-12.0688,7.8489,
2019-01-22,,0,,,,14.85,85.5417,14.2,16.9,988.2417,-6.7413,7.1198,
2019-01-23,,0,,,,13.1917,84.0417,6.3583,0.1,991.7958,-2.0397,-4.911,
2019-01-24,,0,,,,13.6833,80.625,8.1417,0.3,993.9833,2.6444,-6.4539,
2019-01-25,,0,,,,12.0917,78.5417,8.2625,0.1,993.7458,4.059,-6.6259,
2019-01-26,,0,,,,11.2667,66.2917,10.3083,0.0,996.4083,6.8568,-7.4064,
2019-01-27,,0,,,,10.1667,66.25,11.7167,0.0,996.6208,9.3244,-6.5688,
2019-01-28,,0,,,,10.6375,60.625,12.8417,0.0,996.3375,10.2575,-7.5908,
2019-01-29,,0,,,,11.0875,60.4583,12.5167,0.0,994.8125,10.5561,-6.0859,
2019-01-30,,0,,,,11.5333,67.7083,9.3667,0.0,993.4375,4.9331,-5.221,
2019-01-31,,0,,,,13.0583,69.2917,11.4417,0.6,992.1667,-9.4124,5.7,
2019-02-01,,0,,,,14.2458,73.8333,9.2083,0.2,992.8667,-3.4775,0.2144,
2019-02-02,,0,,,,12.9333,80.25,10.225,0.0,992.8792,9.1013,-4.363,
2019-02-03,,0,,,,12.6708,81.1667,8.7167,0.0,993.8875,8.1266,-1.3625,
2019-02-04,,0,,,,14.2333,72.9583,6.5708,0.0,994.6125,5.9932,-1.2471,
2019-02-05,,0,,,,15.95,75.0417,7.0375,0.0,992.0875,-5.7039,3.0284,
2019-02-06,,0,,,,17.1667,84.4583,12.1917,9.1,986.9917,-7.7051,7.6921,
2019-02-07,,0,,,,15.7667,88.875,20.9083,12.7,984.7417,-11.6926,14.5781,
2019-02-08,,0,,,,12.7167,70.6667,9.0708,0.0,990.8375,5.948,-5.7201,
2019-02-09,,0,,,,12.5458,68.2083,12.9542,0.0,993.1417,11.572,-5.3276,
2019-02-10,,0,,,,12.4542,72.0833,7.4417,0.5,994.5292,5.9712,-3.9859,
2019-02-11,,0,,,,13.2375,73.0417,6.4875,0.0,995.0583,4.0019,-3.5172,
2019-02-12,201.779,6,23.466,235.578,166.745,15.2667,74.5,5.1875,0.0,995.0375,0.4382,-3.0187,
2019-02-13,199.538,6,16.955,220.906,171.26,16.5375,73.2083,6.9792,0.4,994.1167,-4.6957,4.2288,
2019-02-14,,0,,,,16.3333,82.9167,14.7667,4.0,990.0458,-9.8807,8.7816,
2019-02-15,,0,,,,15.8958,84.7083,6.9542,4.5,990.3458,-3.99,-0.5767,
2019-02-16,,0,,,,14.4167,84.7083,8.2292,0.1,991.6167,6.0117,-4.9216,
2019-02-17,,0,,,,14.6208,79.25,11.6667,0.0,988.6875,9.2549,-5.7119,
2019-02-18,,0,,,,16.2792,71.3333,11.2042,0.1,984.325,-7.2743,4.7567,
2019-02-19,,0,,,,16.8917,76.9583,6.2708,0.0,987.3667,-3.0268,-2.573,
2019-02-20,,0,,,,16.9917,81.6667,12.4958,2.6,991.8542,-11.8698,1.8881,
2019-02-21,,0,,,,19.2958,75.2917,11.2208,0.0,990.8917,-8.7385,5.3475,
2019-02-22,,0,,,,17.95,71.8333,15.1583,0.4,991.4375,10.7915,-10.2965,
2019-02-23,,0,,,,15.1625,64.0417,14.575,0.0,989.9125,11.382,-8.9636,
2019-02-24,,0,,,,15.3917,65.6667,9.1458,0.2,986.6792,4.2884,-5.0035,
2019-02-25,,0,,,,15.4708,65.2917,7.6458,0.0,985.75,-6.3586,-0.0855,
2019-02-26,,0,,,,15.6208,67.4583,11.7083,2.8,985.5875,-9.3904,5.5774,
2019-02-27,,0,,,,13.5208,78.7083,7.4625,11.2,986.0958,0.1982,-5.9492,
2019-02-28,,0,,,,13.1083,69.75,9.4292,0.0,989.9542,6.2976,-5.5949,
2019-03-01,,0,,,,13.9167,65.9583,9.5042,0.0,990.3708,5.1176,-5.9033,
2019-03-02,,0,,,,15.0208,72.875,6.0292,6.8,990.325,-3.5484,-0.6777,
2019-03-03,,0,,,,15.8958,79.875,8.8375,4.1,987.1625,-7.5701,1.391,
2019-03-04,,0,,,,16.8833,80.25,7.8708,0.2,984.4125,3.38,-4.9767,
2019-03-05,,0,,,,16.1625,71.25,10.4625,0.0,985.3375,8.5215,-5.4194,
2019-03-06,,0,,,,16.7542,63.4167,10.7,0.0,986.4125,8.6928,-4.938,
2019-03-07,,0,,,,17.1792,61.9167,8.175,0.0,986.8958,3.9465,-4.8263,
2019-03-08,,0,,,,18.6083,58.5417,7.8667,0.0,988.65,0.388,-6.4515,
2019-03-09,,0,,,,18.2042,64.9583,11.5958,0.0,988.5917,4.244,-10.6603,
2019-03-10,,0,,,,17.725,54.0,9.275,0.0,988.75,3.6039,-4.1395,
2019-03-11,,0,,,,20.0375,55.2917,14.6042,1.7,988.0,-9.0634,5.3127,
2019-03-12,,0,,,,19.6625,56.9167,10.8583,0.0,990.3833,0.2038,-9.9767,
2019-03-13,,0,,,,18.2958,63.2917,6.9125,0.0,990.5583,0.8577,-5.6209,
2019-03-14,,0,,,,17.2083,71.7917,11.0875,0.3,991.3417,2.6389,-9.7895,
2019-03-15,,0,,,,17.9667,64.625,11.0333,0.0,992.6375,5.514,-9.3873,
2019-03-16,,0,,,,18.1042,56.7083,10.4875,0.0,991.325,7.5905,-6.9365,
2019-03-17,,0,,,,20.1375,48.7917,9.0708,0.0,989.5042,6.5554,-3.3132,
2019-03-18,,0,,,,20.7167,49.4583,6.9583,0.0,989.0667,5.7014,-2.7359,
2019-03-19,,0,,,,21.7583,50.0833,8.6542,0.0,985.6,3.5209,-0.7929,
2019-03-20,,0,,,,23.3125,46.7917,14.4542,0.0,984.0792,-10.0752,6.3984,
2019-03-21,,0,,,,22.7958,48.75,10.475,0.0,987.2333,-1.6478,-9.9267,
2019-03-22,,0,,,,22.0708,40.4167,13.1917,0.0,989.3875,8.8668,-9.3156,
2019-03-23,,0,,,,22.4,38.375,15.6917,0.0,988.6417,11.603,-10.2061,
2019-03-24,,0,,,,24.1583,45.2917,12.9083,0.0,987.2042,7.0625,-9.2429,
2019-03-25,,0,,,,21.7208,62.4583,11.525,0.5,987.5333,4.9637,-9.2064,
2019-03-26,,0,,,,22.3333,57.375,11.2542,0.0,988.7042,8.8639,-5.1904,
2019-03-27,,0,,,,23.6042,52.4583,9.4833,0.0,989.2583,7.6176,-4.2785,
2019-03-28,,0,,,,26.0583,52.2083,8.1833,0.0,987.2583,4.3328,-3.1094,
2019-03-29,,0,,,,27.9375,50.3333,7.0208,0.0,984.4083,2.6865,-3.8152,
2019-03-30,,0,,,,26.975,53.6667,7.4042,0.0,983.6,0.1977,-1.0556,
2019-03-31,,0,,,,26.4917,40.7083,14.1333,0.0,983.9625,10.3932,-9.2345,
2019-04-01,,0,,,,25.5333,32.875,13.7375,0.0,984.4125,11.0447,-7.0077,
2019-04-02,,0,,,,25.5042,38.875,8.6083,0.0,984.9917,3.1448,-5.8524,
2019-04-03,,0,,,,26.3042,38.625,9.425,0.0,984.0833,3.9261,-3.1171,
2019-04-04,,0,,,,27.9958,40.125,8.1625,0.0,984.6875,-3.4405,-0.6965,
2019-04-05,,0,,,,29.4417,41.0,7.1333,0.0,983.8875,1.4653,-0.1928,
2019-04-06,,0,,,,28.8333,46.5833,9.3,0.0,982.75,-4.0405,-3.7993,
2019-04-07,,0,,,,28.2375,54.125,10.1083,0.0,981.6375,-8.2056,3.0246,
2019-04-08,,0,,,,26.9125,53.7917,11.1875,0.2,982.4917,-7.6084,2.2897,
2019-04-09,,0,,,,28.4583,46.625,8.1,0.0,982.2333,-3.4923,-1.6352,
2019-04-10,,0,,,,29.2375,42.9583,7.9292,0.0,983.7042,0.3271,-5.2832,
2019-04-11,,0,,,,30.4167,35.7083,8.2833,0.0,983.4167,1.2267,-7.1902,
2019-04-12,,0,,,,29.5958,36.0417,10.0417,0.0,983.7042,2.418,-8.9826,
2019-04-13,,0,,,,29.9292,37.6667,11.9958,0.0,984.3583,3.6008,-10.4346,
2019-04-14,,0,,,,30.6167,33.9583,13.9917,0.0,984.1958,5.5544,-12.3014,
2019-04-15,,0,,,,31.15,31.5,11.525,0.0,982.4042,6.7241,-7.8723,
2019-04-16,,0,,,,26.2458,49.375,12.5667,0.5,984.5625,-1.16,3.0097,
2019-04-17,,0,,,,21.7875,72.9167,11.6375,4.6,986.4542,-4.4337,7.6055,
2019-04-18,,0,,,,22.5542,66.6667,5.6167,0.1,987.0375,-0.2793,-2.3757,
2019-04-19,,0,,,,24.5208,53.3333,9.0083,0.1,984.9083,7.9469,-3.109,
2019-04-20,,0,,,,26.4333,46.9583,7.2875,0.0,982.525,6.3855,-1.3109,
2019-04-21,,0,,,,28.7333,38.6667,9.3417,0.0,980.9292,6.8963,-2.5822,
2019-04-22,,0,,,,30.1375,39.375,9.375,0.0,980.9458,3.4366,-7.2223,
2019-04-23,,0,,,,32.0833,34.5417,8.5042,0.0,981.875,1.8797,-3.7789,
2019-04-24,,0,,,,32.6792,35.2083,10.8958,0.0,982.9625,-4.122,0.5537,
2019-04-25,,0,,,,32.9875,35.875,11.1375,0.0,982.8167,-6.985,0.2695,
2019-04-26,,0,,,,33.0167,32.75,12.625,0.0,982.3708,6.8637,-9.8862,
2019-04-27,,0,,,,33.525,21.7917,18.8583,0.0,981.8333,11.5479,-14.218,
2019-04-28,72.482,4,9.97,84.031,59.788,33.3333,19.5833,15.7667,0.0,980.6542,10.3928,-10.7348,
2019-04-29,83.18,4,10.297,95.389,71.09,33.6333,19.2083,10.5208,0.0,979.6708,5.7778,-5.5252,
2019-04-30,103.363,3,5.632,109.833,99.568,34.1875,19.9167,11.95,0.0,976.9417,-3.9486,6.1052,
2019-05-01,117.718,5,10.467,130.663,104.861,32.9792,24.5833,8.8917,0.0,976.4083,-4.7416,-0.4072,
2019-05-02,80.944,5,21.34,118.062,67.316,31.4958,32.7917,13.4083,0.5,978.85,-6.4236,-6.4486,
2019-05-03,,0,,,,30.9792,32.9583,9.65,0.0,980.4083,-2.8033,-1.4532,
2019-05-04,,0,,,,31.1667,22.4167,13.7792,0.0,982.2708,8.6444,-9.9346,
2019-05-05,,0,,,,31.1167,19.2083,14.1208,0.0,982.4792,11.1077,-6.8006,
2019-05-06,,0,,,,32.2,20.7083,10.7917,0.0,979.9875,7.3122,-4.0152,
2019-05-07,,0,,,,32.3625,19.5833,13.3292,0.0,978.5708,11.1365,-2.824,
2019-05-08,,0,,,,34.0208,17.9167,13.5417,0.0,978.725,11.0834,-1.2022,
2019-05-09,,0,,,,34.2667,19.5,17.1167,0.0,977.9625,16.4235,-0.5762,
2019-05-10,,0,,,,34.5917,19.625,16.8375,0.0,978.8417,15.2062,-4.7023,
2019-05-11,,0,,,,32.2833,28.625,13.0625,0.0,981.0625,7.7111,-9.7369,
2019-05-12,,0,,,,31.8958,30.25,10.8417,0.0,980.7708,9.4875,-3.7892,
2019-05-13,,0,,,,32.3833,29.75,8.3375,0.0,979.5417,3.3455,-1.2424,
2019-05-14,,0,,,,30.0792,41.5833,8.0417,0.0,980.0583,3.7926,-4.3261,
2019-05-15,,0,,,,30.35,44.7917,7.3458,0.1,981.3708,-2.7223,1.7038,
2019-05-16,,0,,,,30.2458,45.5,8.9208,0.0,982.3083,3.7705,-5.2359,
2019-05-17,,0,,,,28.3458,56.875,7.2125,2.7,982.1458,4.0494,-3.4191,
2019-05-18,,0,,,,27.4125,60.375,11.8583,0.2,981.6583,9.8007,-5.5662,
2019-05-19,,0,,,,30.1333,42.875,10.7625,0.0,982.3125,9.3888,-4.0049,
2019-05-20,,0,,,,31.9,34.5,11.0542,0.0,982.7292,9.7096,-3.342,
2019-05-21,,0,,,,32.6375,31.3333,10.5958,0.0,981.5958,9.1454,-1.9631,
2019-05-22,,0,,,,32.8667,34.7917,9.9375,0.0,979.8167,8.8813,0.7961,
2019-05-23,,0,,,,33.1292,37.25,8.3042,0.0,979.0583,6.0244,-2.0025,
2019-05-24,,0,,,,30.8708,45.25,12.4417,0.0,980.3875,3.3625,-11.0009,
2019-05-25,,0,,,,31.1333,39.375,15.3292,0.0,980.0208,12.0607,-9.1393,
2019-05-26,,0,,,,31.6333,34.2083,11.4833,0.0,978.6875,9.1873,-5.7195,
2019-05-27,,0,,,,33.7542,26.8333,11.9833,0.0,978.3333,8.8683,-5.748,
2019-05-28,,0,,,,33.5417,20.375,12.3958,0.0,978.1542,10.2503,-6.1556,
2019-05-29,,0,,,,34.6875,20.1667,10.5417,0.0,976.8042,8.4045,-4.7629,
2019-05-30,,0,,,,35.6,20.75,9.0625,0.0,975.4667,7.3139,-2.9248,
2019-05-31,,0,,,,36.8167,19.5417,10.7542,0.0,975.575,7.5611,-3.5046,
2019-06-01,,0,,,,35.6625,29.0833,10.3042,0.0,975.7958,-2.4853,0.6697,
2019-06-02,,0,,,,35.5208,40.0417,13.8042,0.0,975.8042,-11.3278,3.8037,
2019-06-03,,0,,,,34.6083,45.5833,15.55,0.0,976.45,-11.5822,6.7871,
2019-06-04,,0,,,,34.8333,42.4583,14.3833,0.0,976.7833,-9.2967,5.4209,
2019-06-05,,0,,,,35.5708,39.125,9.375,0.3,976.3833,-3.8886,3.5827,
2019-06-06,,0,,,,35.6583,36.5833,11.1708,0.5,976.7833,-5.1329,0.4563,
2019-06-07,,0,,,,34.1208,42.125,8.6042,0.0,979.1292,-4.3464,-1.1158,
2019-06-08,,0,,,,35.5542,33.0417,8.0833,0.0,978.0333,2.7075,-0.6214,
2019-06-09,,0,,,,36.9667,23.9583,8.0667,0.0,975.3,2.2954,-5.2726,
2019-06-10,,0,,,,37.2542,23.4167,7.9458,0.0,972.8083,4.3735,-0.0031,
2019-06-11,,0,,,,37.4083,23.2083,10.4,0.0,972.725,6.6498,-1.5008,
2019-06-12,,0,,,,34.6667,44.4583,11.6125,2.2,974.9417,-7.6134,6.3042,
2019-06-13,,0,,,,35.4625,38.1667,12.175,0.0,975.6167,7.5771,5.698,
2019-06-14,,0,,,,36.0583,29.4167,15.1667,0.0,974.4167,13.1611,-4.3725,
2019-06-15,,0,,,,36.5167,22.4167,14.4625,0.0,974.0708,13.3975,-2.6773,
2019-06-16,,0,,,,33.8042,42.625,20.45,0.0,975.6625,19.0986,-3.1475,
2019-06-17,,0,,,,33.575,47.0,18.975,0.0,975.4083,18.5121,-2.476,
2019-06-18,,0,,,,30.5375,55.0,8.7458,0.5,976.5,7.0406,-2.3704,
2019-06-19,,0,,,,31.0,53.0,7.5125,0.0,976.1583,2.0781,4.747,
2019-06-20,,0,,,,31.8,47.9583,7.15,0.0,977.1708,1.337,4.0878,
2019-06-21,,0,,,,33.3042,47.25,6.325,1.2,977.3208,0.783,1.7662,
2019-06-22,,0,,,,34.7,38.2083,8.85,0.0,976.7417,0.3493,-4.8122,
2019-06-23,,0,,,,34.0,49.0833,14.3167,0.0,976.95,-12.7576,5.8728,
2019-06-24,,0,,,,31.575,60.25,10.4875,0.6,978.5583,-9.5962,3.1899,
2019-06-25,,0,,,,32.1542,61.75,5.3583,4.8,978.0542,-2.175,-1.6501,
2019-06-26,,0,,,,34.7833,48.4167,8.5458,0.6,975.4875,3.1119,-6.4912,
2019-06-27,,0,,,,34.6042,39.7083,11.7958,0.0,973.0333,9.5211,-5.7705,
2019-06-28,,0,,,,35.4875,37.5833,13.2542,0.0,972.0333,12.4696,-3.5432,
2019-06-29,,0,,,,36.35,36.625,12.8792,0.0,971.6542,11.8583,-2.6976,
2019-06-30,,0,,,,36.8583,35.25,11.7375,0.0,971.9708,7.9965,-5.1476,
2019-07-01,,0,,,,35.9958,42.125,6.7458,0.0,973.0958,-0.6421,-2.5058,
2019-07-02,,0,,,,35.7208,45.5,9.075,0.0,973.95,-5.9704,-0.0076,
2019-07-03,,0,,,,33.725,55.9583,11.5167,1.6,974.7042,-8.9932,5.8341,
2019-07-04,,0,,,,33.0208,59.5,10.4208,6.6,973.6125,-4.8136,4.5847,
2019-07-05,,0,,,,30.9708,72.0833,5.9208,3.7,971.75,-3.6357,2.5025,
2019-07-06,,0,,,,31.0542,69.2917,7.9292,0.3,970.9875,-7.0184,2.6958,
2019-07-07,,0,,,,31.1667,69.1667,4.6417,2.1,971.5625,-3.3025,0.8892,
2019-07-08,,0,,,,31.875,67.8333,5.3333,4.0,971.875,2.5012,2.6314,
2019-07-09,,0,,,,30.7375,72.0417,8.725,4.9,971.5292,2.0633,2.8851,
2019-07-10,,0,,,,31.025,74.1667,9.0583,7.1,971.0583,2.9927,1.9377,
2019-07-11,,0,,,,33.3958,56.6667,15.2042,0.0,971.0625,10.1341,4.107,
2019-07-12,67.247,6,11.271,84.704,51.927,33.4417,51.1667,13.6167,0.5,973.5167,12.1775,1.4943,
2019-07-13,54.724,5,4.739,60.625,47.812,34.1083,47.375,19.6083,0.0,974.0625,15.9759,1.8201,
2019-07-14,52.734,5,5.477,58.703,47.16,32.9375,52.25,15.8958,0.0,972.9792,10.9234,1.634,
2019-07-15,31.535,4,7.161,41.688,25.01,29.7792,72.2917,10.0208,4.4,972.725,0.4687,1.1087,
2019-07-16,28.862,6,3.442,32.368,24.583,26.6125,88.5833,9.1625,20.6,975.9208,-7.1552,1.4425,
2019-07-17,32.545,6,6.034,40.514,25.09,27.2292,84.9167,6.8375,14.8,976.9292,-3.4275,1.6902,
2019-07-18,32.966,6,2.125,36.014,30.583,27.5333,82.2083,5.0333,12.8,976.8333,0.2112,1.7768,
2019-07-19,64.135,6,4.082,71.576,61.0,29.4208,78.75,4.5792,6.7,977.0333,-1.3886,3.0258,
2019-07-20,49.282,6,7.346,60.792,38.427,30.0417,80.25,6.7458,12.5,977.7708,-3.1769,1.3787,
2019-07-21,45.951,6,8.358,57.941,37.763,29.75,81.3333,7.8,11.1,977.4417,-6.5278,3.7838,
2019-07-22,63.143,5,10.488,78.125,53.378,30.4083,80.2917,6.2792,6.1,976.3875,-5.4903,1.8352,
2019-07-23,74.017,6,14.192,90.747,51.649,31.6208,76.9583,6.2333,4.6,975.0542,0.0894,1.3879,
2019-07-24,66.443,6,7.323,75.84,58.632,31.525,74.375,9.1708,6.8,973.4292,6.3336,0.7882,
2019-07-25,22.998,6,5.429,31.051,17.043,27.6208,86.125,6.6417,10.9,975.0667,3.21,2.7187,
2019-07-26,33.785,4,3.424,38.497,30.924,27.2708,87.2083,10.4125,26.9,973.3292,-8.8727,-1.4311,
2019-07-27,26.892,5,4.659,33.312,21.073,26.6375,89.75,13.4958,6.0,973.4333,-12.2843,3.8307,
2019-07-28,21.322,5,2.957,25.319,17.097,28.125,86.5,14.2083,7.3,975.2667,-13.4475,4.1705,
2019-07-29,22.766,5,4.988,28.736,18.042,29.2333,78.9583,14.3625,1.3,976.5292,-13.8068,3.4404,
2019-07-30,29.185,6,4.007,34.528,24.451,28.9208,78.25,12.4208,0.8,976.3208,-11.9829,2.6113,
2019-07-31,29.784,6,4.457,36.128,24.354,29.0625,78.4583,9.6708,0.5,975.675,-9.1031,0.7732,
2019-08-01,35.727,5,5.468,41.122,28.965,29.3417,81.5833,9.1958,2.1,975.0542,-7.8346,4.486,
2019-08-02,38.765,5,7.825,48.681,29.993,28.75,85.25,7.0833,12.9,974.2792,-6.0067,2.2621,
2019-08-03,40.089,6,8.101,48.458,27.368,28.3125,88.0833,8.2167,6.8,974.2083,-7.7767,1.0482,
2019-08-04,52.739,6,14.157,72.205,33.882,28.8917,87.4167,4.2625,4.2,973.2917,-3.1186,0.3864,
2019-08-05,51.007,6,12.948,64.139,28.007,29.2333,85.9583,5.6458,18.5,971.725,-3.403,3.9365,
2019-08-06,33.272,5,6.26,39.809,25.292,27.9417,89.0,8.5625,20.7,972.075,-6.3784,3.8455,
2019-08-07,34.701,5,5.705,42.67,28.205,28.1833,88.0833,5.575,7.0,971.7833,-4.2411,-0.4563,
2019-08-08,26.086,6,9.429,42.042,15.778,30.1458,78.375,9.2125,0.5,971.6208,-9.0181,0.9927,
2019-08-09,11.784,6,3.755,18.604,7.292,29.3208,74.5,21.425,0.8,973.4625,-21.1877,1.7424,
2019-08-10,17.161,6,3.029,21.531,13.229,28.775,79.5833,18.8375,1.7,974.2375,-16.3415,8.3232,
2019-08-11,26.69,5,4.9,30.817,18.947,29.575,78.9583,7.9375,0.3,975.75,-2.6304,6.3411,
2019-08-12,20.161,5,3.427,23.786,16.175,29.3083,79.9167,9.3167,7.6,975.9042,7.5706,-1.3634,
2019-08-13,21.27,6,3.082,25.042,15.944,29.0875,83.6667,9.0042,20.1,976.1125,5.3536,-2.6441,
2019-08-14,35.396,6,6.302,43.568,25.389,28.3542,88.0,4.0167,2.8,977.325,-2.1839,0.1982,
2019-08-15,27.658,5,4.899,31.292,19.542,29.0125,82.0,14.0292,11.2,977.0875,-13.2397,-2.7784,
2019-08-16,14.577,4,2.478,16.344,10.913,27.9,84.0,17.325,9.4,975.3125,-17.0882,-0.2008,
2019-08-17,9.449,5,2.423,13.698,8.083,26.1458,89.5,20.7292,8.4,974.5667,-15.9796,11.7079,
2019-08-18,18.929,5,3.058,21.875,15.031,26.875,87.0417,10.1042,31.0,978.0167,3.8859,2.7793,
2019-08-19,43.668,5,4.622,49.896,38.208,27.9917,84.0417,4.9542,1.3,980.3375,3.055,-1.4096,
2019-08-20,42.428,6,6.647,52.559,31.943,28.5375,81.7917,9.5708,0.8,979.6375,5.0882,-7.0833,
2019-08-21,47.84,6,4.054,52.292,41.306,29.3125,77.8333,9.8708,0.0,978.1542,5.8506,-4.1987,
2019-08-22,43.803,6,7.008,50.253,31.864,28.6042,84.1667,6.2917,0.8,978.4875,-0.1968,-1.3571,
2019-08-23,52.813,6,2.974,55.397,47.587,29.2042,82.2917,3.525,4.0,978.3958,0.7326,0.5129,
2019-08-24,,0,,,,29.0792,82.5417,5.7833,3.9,978.5917,-2.699,1.9462,
2019-08-25,36.697,5,6.953,48.569,31.271,27.5125,88.0417,8.1708,12.9,979.1958,-7.2896,1.8276,
2019-08-26,,0,,,,28.8458,83.0417,8.6292,0.6,978.8375,-8.0066,0.8535,
2019-08-27,43.604,6,18.347,77.647,25.505,29.8083,80.0417,6.3375,0.1,977.9042,-5.7051,1.2819,
2019-08-28,41.893,6,10.255,60.625,33.333,30.4542,78.2917,8.45,0.4,979.0,-7.9074,1.3106,
2019-08-29,35.73,6,2.238,38.417,31.74,30.1375,80.375,9.1208,1.0,979.9875,-7.351,5.0505,
2019-08-30,44.969,6,14.971,72.048,33.462,30.175,80.875,5.1292,0.9,977.6833,-1.7743,3.831,
2019-08-31,60.162,5,9.918,74.167,50.594,30.4833,77.9583,5.3625,6.4,975.65,-2.2829,1.9519,
2019-09-01,35.834,5,11.028,54.417,25.431,28.6375,85.5833,9.9833,4.7,977.6542,-8.7846,2.2756,
2019-09-02,48.408,5,5.814,55.16,39.111,29.5583,83.2083,4.2458,1.3,977.8958,-2.0319,0.3101,
2019-09-03,76.556,5,12.457,91.733,64.688,30.1875,79.7083,5.0833,5.5,976.7792,1.1422,0.1271,
2019-09-04,75.545,4,13.129,83.167,55.896,29.0625,84.5833,8.8542,7.8,976.525,-7.3347,4.1058,
2019-09-05,33.403,5,5.607,40.99,26.333,29.4625,82.0833,7.7875,0.6,976.5708,-6.8456,3.0755,
2019-09-06,33.016,5,4.089,39.267,28.257,29.7292,80.9583,7.775,0.4,975.675,-6.4629,3.1303,
2019-09-07,34.674,6,9.015,50.278,23.266,28.825,84.7917,9.1125,2.1,976.2,-7.1661,4.1836,
2019-09-08,34.513,5,8.753,46.625,24.236,29.1542,83.4167,6.3292,0.2,977.7542,-5.5364,0.5442,
2019-09-09,57.879,4,4.925,63.458,52.094,30.1667,78.125,4.8583,0.1,976.3583,-0.7356,-1.3049,
2019-09-10,61.205,3,12.358,75.076,51.368,30.6542,74.0,5.475,0.0,975.9083,-0.9775,-0.3423,
2019-09-11,76.47,6,4.073,81.775,69.816,31.2458,73.2917,5.8,0.4,977.0875,-2.6858,3.8224,
2019-09-12,57.978,6,5.829,65.903,51.201,30.2292,79.4583,13.3708,0.6,978.675,-10.7554,7.2297,
2019-09-13,33.304,6,3.213,36.197,27.451,29.8542,77.5833,10.8083,0.6,979.5292,-9.5427,4.4779,
2019-09-14,27.437,5,3.165,31.83,23.823,28.7333,78.7083,12.1083,0.7,980.1833,-11.8346,1.418,
2019-09-15,36.71,5,4.871,42.24,30.212,28.0792,83.2083,8.3458,5.2,980.3917,-7.2309,1.0387,
2019-09-16,60.018,5,12.249,81.464,50.848,29.2958,81.0417,5.4167,0.4,978.9542,-2.9981,-0.0589,
2019-09-17,57.408,5,3.807,62.153,52.156,29.2417,79.625,7.7667,2.0,979.9,-3.298,4.6673,
2019-09-18,35.507,6,3.083,40.528,31.792,28.5292,79.75,11.2458,3.0,983.6625,-9.5409,4.5768,
2019-09-19,21.824,5,4.09,27.636,18.043,26.9375,79.6667,12.7375,1.0,985.7292,-11.8498,4.1546,
2019-09-20,43.301,5,14.023,67.542,31.625,27.0542,83.375,6.95,7.7,984.2417,-5.8733,2.4088,
2019-09-21,46.528,6,6.737,58.706,39.142,27.8042,80.0833,6.0667,0.7,983.1333,-3.2825,3.1623,
2019-09-22,26.546,6,5.158,35.07,21.408,27.125,82.7083,8.7292,13.9,984.7542,-6.8054,4.8305,
2019-09-23,32.397,6,9.757,50.257,24.84,26.7667,80.4167,7.975,2.0,986.0375,-7.1947,1.6809,
2019-09-24,38.47,6,6.329,45.934,28.201,27.0625,80.1667,8.6083,2.9,986.2083,-7.6952,2.7562,
2019-09-25,32.339,6,4.518,38.288,27.458,27.2583,80.8333,11.2958,3.6,987.5417,-10.9159,2.305,
2019-09-26,24.632,6,6.296,36.167,19.451,27.5792,76.4583,15.8708,1.9,987.9125,-15.5051,2.3702,
2019-09-27,16.165,6,3.232,19.958,12.094,26.6417,78.1667,13.0,0.5,986.625,-12.4412,-2.0704,
2019-09-28,22.905,6,5.84,33.021,15.257,25.5542,82.9167,12.8,4.6,985.0375,-12.2945,-1.9802,
2019-09-29,18.434,6,4.077,24.729,12.201,25.0042,83.7083,11.6667,2.0,985.4958,-11.2305,1.6109,
2019-09-30,32.028,6,3.76,36.822,26.443,25.3542,83.375,7.875,6.0,984.4667,-6.197,3.809,
2019-10-01,35.758,5,5.922,43.88,29.844,25.1333,85.2917,7.5167,4.5,984.0458,-6.5721,1.9002,
2019-10-02,,0,,,,26.4958,79.5833,5.3083,0.2,984.8958,-3.1873,0.2569,
2019-10-03,56.261,5,12.832,76.435,45.049,27.4833,72.9167,4.525,0.0,984.8667,-0.7525,1.4661,
2019-10-04,44.357,4,2.572,47.333,41.242,26.1792,72.4583,8.2167,4.9,985.8417,4.2356,-5.3064,
2019-10-05,39.89,6,4.299,45.2,35.645,26.0917,66.2083,10.3833,0.0,985.6625,6.6653,-7.6989,
2019-10-06,59.125,6,4.905,64.604,51.23,26.4,62.25,8.225,0.0,986.2792,4.0765,-6.4955,
2019-10-07,55.365,6,5.934,61.535,45.042,26.3125,62.5,10.8667,0.0,987.4917,8.3601,-6.5428,
2019-10-08,47.69,5,10.741,62.875,35.568,26.3875,56.75,7.0542,0.0,987.0083,4.7405,-2.7771,
2019-10-09,82.529,5,12.081,99.083,71.378,25.525,61.0833,6.325,0.0,986.975,-0.4139,3.6282,
2019-10-10,98.589,6,19.48,126.409,68.253,26.475,59.1667,5.8958,0.0,986.4958,-1.0073,0.3382,
2019-10-11,89.323,4,33.642,126.053,44.46,26.5917,53.7917,5.6833,0.0,986.0583,2.8769,-3.9448,
2019-10-12,109.593,5,15.79,129.083,90.892,27.3458,56.7083,6.5958,0.0,986.8208,-0.4808,-5.5528,
2019-10-13,131.766,6,12.764,153.304,116.955,27.7583,52.1667,6.825,0.0,987.3583,2.5774,-4.271,
2019-10-14,121.937,6,14.898,140.25,103.944,26.9833,58.1667,7.4958,0.0,987.975,-0.9252,-4.4152,
2019-10-15,144.679,6,21.763,182.333,117.549,27.1583,61.75,6.2292,0.0,988.7875,-2.8188,-0.9151,
2019-10-16,144.549,6,14.42,162.25,126.472,27.625,57.8333,6.2833,0.0,988.9667,-3.805,2.355,
2019-10-17,121.407,6,17.809,151.219,99.098,27.0208,61.25,7.4,0.0,988.9083,-2.7702,5.7462,
2019-10-18,87.742,6,12.229,110.467,75.991,26.3708,65.125,8.9333,2.7,989.1083,-3.44,3.6255,
2019-10-19,82.98,6,11.723,97.833,65.508,25.5708,66.75,5.8167,2.5,990.275,1.3842,0.8086,
2019-10-20,99.362,6,12.286,115.375,87.021,25.7333,49.2917,9.3083,0.0,989.8417,6.5756,-6.2988,
2019-10-21,118.745,6,11.167,133.146,106.562,24.9833,51.3333,10.8083,0.0,988.1417,7.8267,-7.2674,
2019-10-22,93.28,6,17.179,111.25,64.215,24.4042,48.375,11.95,0.0,985.45,10.6587,-4.478,
2019-10-23,123.457,5,14.026,141.825,106.103,24.375,54.0,8.5375,0.0,984.6417,4.7419,-4.0546,
2019-10-24,175.693,6,21.69,217.444,158.395,24.2,64.6667,6.7125,0.0,985.7375,-4.4868,-2.0514,
2019-10-25,133.189,5,15.342,157.639,115.543,24.3792,62.7083,7.1625,0.0,987.1333,-5.328,3.0703,
2019-10-26,149.761,6,24.293,173.792,118.777,24.5708,60.5833,6.1917,0.0,988.4625,-0.8229,1.6954,
2019-10-27,212.571,6,30.4,269.083,179.551,24.55,57.875,9.1958,0.0,987.9083,6.6308,-5.7064,
2019-10-28,284.863,6,39.231,339.026,218.385,24.1625,58.875,7.4917,0.0,988.5542,5.9665,-2.9358,
2019-10-29,298.457,6,18.049,330.227,279.047,24.4583,64.7917,5.5792,0.0,989.2042,4.2286,-1.7674,
2019-10-30,,0,,,,25.4,63.4583,7.675,0.0,988.0542,6.1095,-3.153,
2019-10-31,,0,,,,24.3333,66.375,7.925,0.0,987.3125,5.0044,-4.2357,
2019-11-01,,0,,,,24.8583,65.125,6.7333,0.0,987.3583,1.607,-4.7661,
2019-11-02,,0,,,,24.4,69.0417,9.2417,0.2,988.8,4.2375,-7.837,
2019-11-03,,0,,,,23.8083,70.75,9.0875,0.0,989.8208,7.523,-4.4556,
2019-11-04,,0,,,,23.6875,62.7083,12.5667,0.0,989.575,10.4782,-6.549,
2019-11-05,,0,,,,22.9417,56.6667,12.5208,0.0,986.7833,11.825,-3.6969,
2019-11-06,,0,,,,23.3542,58.7917,7.775,0.0,984.6292,0.2585,4.5415,
2019-11-07,,0,,,,22.1292,71.4583,9.6875,1.4,985.575,-4.897,0.3274,
2019-11-08,,0,,,,21.9,73.5833,7.1292,0.8,988.6042,-1.5387,-4.9218,
2019-11-09,,0,,,,21.85,60.0,11.2167,0.0,989.0625,7.5247,-8.1845,
2019-11-10,,0,,,,20.8667,60.375,9.5042,0.0,989.0542,6.1863,-7.0154,
2019-11-11,,0,,,,20.3083,58.9583,8.425,0.0,988.0833,5.4649,-5.8888,
2019-11-12,420.286,6,49.109,517.208,388.698,19.65,61.5833,8.1667,0.0,988.8875,5.0071,-5.6339,
2019-11-13,417.685,6,50.452,492.208,367.858,20.6833,66.7083,6.9917,0.0,990.7875,1.8211,-5.9824,
2019-11-14,386.193,6,55.848,457.123,285.397,21.4542,68.7083,6.5625,0.0,991.5458,0.4956,-5.9461,
2019-11-15,391.143,4,64.038,458.603,333.931,20.9958,71.625,8.9625,0.0,990.7792,4.7019,-7.2886,
2019-11-16,192.061,6,31.249,242.762,162.807,21.9625,64.4167,14.0417,0.0,990.3208,10.1396,-9.4358,
2019-11-17,105.125,5,15.953,126.667,90.705,21.6833,60.5417,18.3958,0.0,990.4083,15.8755,-9.0148,
2019-11-18,115.144,5,20.532,150.333,97.745,19.8958,63.7917,12.6292,0.0,989.7958,11.9355,-2.7863,
2019-11-19,135.004,6,19.821,168.71,117.632,19.4333,66.125,9.2542,0.0,989.1792,8.5063,-2.049,
2019-11-20,186.783,5,43.096,261.263,154.866,19.1625,65.25,5.8333,0.0,989.7042,-0.5436,-3.026,
2019-11-21,238.385,6,38.263,289.746,173.52,19.6083,67.5,7.0833,0.0,991.5542,-3.6585,-2.5816,
2019-11-22,215.929,5,39.896,273.273,167.793,20.6208,64.9167,6.55,0.0,991.5792,1.5365,-3.617,
2019-11-23,129.988,5,10.658,144.921,118.917,20.6542,62.125,10.625,0.0,991.2375,8.9229,-5.3044,
2019-11-24,112.758,3,17.826,133.292,101.253,20.675,64.4167,11.1333,0.0,990.5875,8.7161,-6.6867,
2019-11-25,131.237,6,27.98,172.351,99.583,20.0583,66.5417,6.5958,0.0,991.0708,-0.0515,-5.5796,
2019-11-26,111.103,6,15.96,141.847,97.538,20.1458,66.6667,9.5333,0.9,990.9542,-4.3149,-7.3571,
2019-11-27,67.022,6,9.861,78.542,51.944,19.7167,68.25,7.05,0.0,990.4833,-2.0209,-1.8553,
2019-11-28,31.223,6,3.373,35.493,25.902,18.3417,82.75,13.4458,22.1,991.4458,-10.9084,-0.9833,
2019-11-29,56.816,6,11.776,76.771,42.688,17.7625,82.0,6.0875,0.0,991.7417,0.3707,-4.9381,
2019-11-30,102.58,6,12.139,122.833,86.561,16.9958,78.0833,8.8208,0.0,991.9292,7.0258,-4.7884,
2019-12-01,135.668,5,24.74,177.5,119.194,15.5333,73.8333,8.4875,0.0,991.4208,7.8651,-2.4172,
2019-12-02,152.228,5,37.435,216.875,125.023,15.4,69.5,9.8292,0.0,992.1208,8.8792,-2.91,
2019-12-03,148.604,5,37.781,213.292,119.688,15.1375,66.25,10.8167,0.0,991.5042,10.0691,-2.3797,
2019-12-04,183.124,6,29.076,222.455,145.944,15.2917,71.875,6.3917,0.0,993.5792,1.841,-2.0199,
2019-12-05,295.432,6,51.13,398.569,261.707,15.4583,74.0833,6.6208,0.0,995.575,-1.7734,-5.1559,
2019-12-06,249.111,4,31.233,289.681,218.604,15.3917,81.9583,6.475,0.0,994.7417,3.5145,-4.8327,
2019-12-07,245.887,3,40.755,283.184,202.385,16.0417,78.75,5.6875,0.0,993.7167,2.2929,-3.8029,
2019-12-08,274.233,5,70.428,391.524,203.007,15.6958,78.4583,6.9458,0.0,993.4708,1.4377,-5.6988,
2019-12-09,218.267,5,56.268,291.125,145.539,15.3,72.7917,6.1792,0.0,992.7542,3.2895,-4.2109,
2019-12-10,250.522,6,44.186,333.011,207.281,15.1375,69.875,7.3667,0.0,990.2708,4.443,-4.0911,
2019-12-11,311.707,6,69.066,425.451,241.764,15.7292,70.5417,6.1208,0.0,988.7292,-4.9413,0.1374,
2019-12-12,285.712,5,39.855,356.0,258.802,15.6375,78.2083,13.3292,5.9,987.6875,-12.0372,5.1569,
2019-12-13,95.795,5,11.948,110.958,85.469,15.0958,86.625,12.3458,3.7,988.1458,-2.3206,5.1587,
2019-12-14,78.027,5,17.824,100.812,52.704,12.9792,84.625,4.9542,0.0,994.35,-0.5378,-3.7977,
2019-12-15,100.473,6,14.051,124.09,87.069,13.2292,80.3333,8.0958,0.0,994.0583,5.7727,-5.0414,
2019-12-16,89.682,6,14.213,106.069,71.545,12.4292,80.0833,10.225,0.0,994.0417,8.732,-5.0642,
2019-12-17,105.883,6,12.74,123.91,90.622,11.8,79.5833,10.05,0.0,995.1042,8.9256,-3.7919,
2019-12-18,159.897,5,23.49,189.833,131.553,11.9708,78.2083,9.3792,0.0,994.0583,7.2193,-2.2406,
2019-12-19,293.239,6,43.393,361.333,244.472,11.5333,79.8333,5.4375,0.0,992.7375,0.288,-2.0802,
2019-12-20,330.029,6,38.448,382.123,284.674,13.0458,78.7083,5.0833,0.0,990.5458,0.7363,-1.8013,
2019-12-21,249.512,6,26.419,286.049,204.21,13.4542,81.2083,6.1542,0.2,991.5583,3.9822,-2.9024,
2019-12-22,163.556,3,14.93,178.807,148.969,12.5375,83.625,10.1125,0.0,992.6333,7.629,-6.4253,
2019-12-23,189.466,5,14.624,199.632,166.139,11.8292,81.9583,10.525,0.0,991.7375,8.3284,-4.2315,
2019-12-24,267.946,6,42.697,309.21,199.95,9.625,90.5,6.2458,0.0,993.45,-1.4252,-3.676,
2019-12-25,160.141,6,27.41,194.785,117.33,8.75,86.9167,9.7083,0.0,992.7417,7.4319,-5.9807,
2019-12-26,202.691,6,27.144,234.032,159.851,8.4667,84.4167,11.1708,0.0,992.2083,8.9135,-6.2559,
2019-12-27,246.594,6,35.908,284.024,189.38,7.3042,87.875,7.2167,0.0,993.2208,5.2054,-4.1023,
2019-12-28,286.381,6,60.127,391.486,210.007,6.6833,89.9583,6.525,0.0,993.9375,0.5742,-2.1936,
2019-12-29,334.911,6,67.445,428.132,231.589,7.3458,86.125,5.2167,0.0,994.2375,1.1148,-3.5299,
2019-12-30,330.867,6,64.569,423.771,236.657,6.9,89.4583,6.8417,0.0,993.4875,-4.2957,0.4018,
2019-12-31,253.871,6,64.85,362.587,185.025,7.6125,77.5417,6.825,0.0,994.5792,-5.1232,3.8044,
2020-01-01,386.99,5,86.195,457.667,241.722,10.05,78.9167,8.1042,0.0,995.3458,-6.3756,-2.3374,
2020-01-02,362.161,5,88.325,455.052,216.056,12.9625,78.5417,8.5792,0.0,995.2375,-8.3152,-1.564,
2020-01-03,227.168,6,40.568,277.451,177.118,14.0333,78.1667,6.4833,0.1,993.3292,-3.2817,-2.8114,
2020-01-04,227.883,6,28.256,284.524,208.837,13.45,81.7917,5.4292,0.5,992.1125,-0.04,-0.1334,
2020-01-05,178.935,5,21.447,207.458,147.554,13.3292,73.9167,9.075,0.0,992.5667,5.7808,-4.7034,
2020-01-06,164.464,5,20.796,186.788,135.757,13.4958,76.4583,6.6708,0.0,993.5167,-1.7177,-3.6556,
2020-01-07,121.567,5,19.275,150.34,96.114,13.9958,83.25,9.8458,2.1,991.0167,-8.8023,3.0116,
2020-01-08,115.426,5,20.138,135.042,82.755,12.8667,91.7083,9.2417,17.5,988.9292,-0.8314,-2.6272,
2020-01-09,95.515,6,12.828,111.792,81.208,10.5375,78.0,11.975,0.0,993.7125,8.4529,-8.2792,
2020-01-10,133.784,6,18.616,157.032,114.0,10.0792,77.5417,11.6833,0.0,994.1458,9.3141,-6.6723,
2020-01-11,173.578,3,17.08,193.083,161.302,10.3625,77.0417,9.3375,0.0,993.6917,7.5912,-4.9879,
2020-01-12,221.726,5,44.269,259.958,167.368,11.8333,77.9583,8.4458,0.0,990.8875,4.0619,-3.4629,
2020-01-13,219.903,4,26.002,248.507,186.451,14.625,82.625,10.4708,16.6,986.375,-5.6572,6.2351,
2020-01-14,125.995,5,16.998,147.23,109.064,13.9875,86.4167,8.6,0.3,989.8,4.7249,-6.9953,
2020-01-15,119.105,6,13.679,134.707,97.24,12.4708,82.9167,8.6042,0.0,990.8542,3.6901,-7.3324,
2020-01-16,145.221,6,14.152,165.565,132.903,12.4583,89.5833,7.6917,11.1,989.7917,1.0931,-7.247,
2020-01-17,111.556,5,26.5,141.75,86.0,13.0667,88.125,7.5917,0.6,990.7958,1.8179,-6.5316,
2020-01-18,128.822,6,16.629,147.382,103.903,12.5167,88.9583,6.3333,0.2,992.7,0.342,-4.8419,
2020-01-19,126.479,6,15.232,147.368,106.597,11.7625,82.4583,9.3083,0.0,993.35,7.9662,-4.4454,
2020-01-20,148.885,5,18.433,170.792,122.774,12.1667,83.75,8.2417,0.0,992.3125,6.5499,-3.1418,
2020-01-21,267.022,4,50.293,342.132,235.617,12.8833,85.5833,5.8,0.0,993.0333,-4.9749,-0.9952,
2020-01-22,199.318,5,36.049,234.639,139.127,12.5417,81.7917,10.1167,0.0,994.775,7.2999,-5.5177,
2020-01-23,75.916,5,16.311,98.083,55.928,12.4875,66.4167,17.9542,0.0,993.5042,15.8166,-8.3524,
2020-01-24,85.828,5,17.784,115.333,68.788,12.8417,60.0,17.7417,0.0,990.925,16.6308,-5.8894,
2020-01-25,155.961,5,28.626,191.25,118.826,11.8,74.125,7.7042,0.0,991.1083,5.1177,-4.1875,
2020-01-26,215.915,5,34.789,275.042,185.066,13.5792,79.5,6.9833,0.0,989.3917,4.0422,-4.4763,
2020-01-27,215.157,4,33.242,258.083,182.045,14.0458,76.5,8.1875,0.4,986.8667,-5.4924,-3.2613,
2020-01-28,112.718,4,13.413,123.0,93.052,14.2458,83.4583,13.1875,16.0,985.3333,-11.9996,2.5657,
2020-01-29,84.898,4,20.832,115.208,67.674,13.3208,81.9167,6.5875,0.5,991.075,0.7275,-3.9138,
2020-01-30,97.447,4,22.641,125.591,70.556,12.5917,76.5,11.1708,0.0,992.2625,8.1527,-7.3253,
2020-01-31,97.971,4,24.101,133.25,79.91,12.15,74.4167,9.2417,0.0,990.1708,6.1432,-4.7872,
2020-02-01,119.991,5,23.121,156.458,93.573,12.3333,74.0417,7.7083,0.0,992.7083,1.9332,-6.0607,
2020-02-02,131.793,5,28.576,173.857,103.391,11.7333,76.1667,10.1083,0.0,994.25,8.6385,-4.7881,
2020-02-03,152.278,5,30.716,199.917,116.906,12.025,74.2917,8.2667,0.0,993.0583,4.7985,-3.1741,
2020-02-04,198.86,5,38.044,254.667,158.719,13.0625,74.2083,8.0792,0.0,991.3292,-5.7695,1.2898,
2020-02-05,129.984,4,25.082,157.5,99.486,12.8792,74.2083,10.2708,0.0,991.6625,6.1237,-7.4824,
2020-02-06,134.365,5,31.637,177.409,88.89,11.6917,74.7083,8.2,0.0,991.075,3.9902,-3.5213,
2020-02-07,160.554,5,38.034,198.875,115.25,12.7667,70.8333,6.6958,0.1,993.375,0.8117,-3.4768,
2020-02-08,166.757,5,34.852,205.417,113.448,12.3917,75.0417,8.5292,0.0,995.2792,7.0089,-3.9885,
2020-02-09,168.438,4,37.916,213.75,124.111,12.7833,75.2083,7.9958,0.0,995.725,5.3678,-4.6902,
2020-02-10,203.741,4,50.749,250.417,136.833,13.2333,73.0417,9.1333,0.0,993.8417,5.7762,-5.608,
2020-02-11,190.561,5,45.437,241.896,139.458,13.5125,72.4583,8.5833,0.0,993.9208,4.3687,-6.2917,
2020-02-12,177.728,5,41.897,220.167,115.795,15.925,68.375,13.2458,0.0,993.2792,11.9919,-4.7873,
2020-02-13,101.634,5,29.605,138.5,64.378,19.2667,57.2917,18.8458,0.0,990.65,17.5073,-6.7343,
2020-02-14,80.734,5,17.599,99.792,59.642,18.5417,51.375,21.6292,0.0,987.9167,18.4247,-11.2253,
2020-02-15,105.76,4,15.702,121.0,87.514,17.5208,46.75,16.4125,0.0,988.0042,15.3015,-5.723,
2020-02-16,159.41,5,44.053,218.75,107.24,17.1708,59.8333,10.2292,0.0,990.9125,7.878,-5.8753,
2020-02-17,172.895,5,26.492,207.722,143.84,17.4917,55.75,10.7708,0.0,992.0583,9.7102,-3.6453,
2020-02-18,145.858,5,21.355,171.674,119.983,17.0042,48.0417,13.4125,0.0,989.2958,12.7335,-3.3046,
2020-02-19,147.159,5,30.074,186.354,119.375,18.2292,54.4167,14.8667,0.0,988.0792,-11.5557,7.3446,
2020-02-20,109.111,5,9.864,123.715,98.194,20.0458,61.875,20.0875,2.1,987.6542,-17.041,9.0979,
2020-02-21,52.07,5,8.698,59.75,38.201,16.2667,83.4583,18.2417,13.4,991.525,-16.6065,-3.6489,
2020-02-22,65.591,3,14.465,76.48,49.178,17.85,79.1667,8.8042,0.7,995.0667,-7.0285,-3.0984,
2020-02-23,100.425,5,21.887,126.083,73.949,17.55,82.2917,7.2333,2.6,993.1125,-0.6455,-6.8394,
2020-02-24,72.099,5,13.734,87.764,58.781,17.6417,78.375,7.95,0.1,989.6875,5.0057,-5.8769,
2020-02-25,138.932,5,31.794,178.014,91.514,18.0458,74.5833,9.2458,0.0,988.575,5.9838,-6.0765,
2020-02-26,155.346,5,36.512,214.278,116.976,18.5792,73.625,6.6458,0.0,989.2083,0.6211,-2.8002,
2020-02-27,117.146,4,24.677,147.83,93.99,19.1292,76.2917,8.0917,0.0,989.6583,-6.7443,2.1234,
2020-02-28,86.005,5,6.869,94.993,75.889,20.2792,73.5,15.8417,0.0,988.3125,-13.7526,7.6475,
2020-02-29,61.824,5,6.425,68.76,54.476,18.725,82.125,14.775,9.1,987.75,-9.0214,6.6426,
2020-03-01,44.409,5,3.057,47.589,40.031,19.15,80.125,8.5875,0.0,988.4375,-5.1528,1.0744,
2020-03-02,100.628,3,6.215,107.764,96.403,19.6958,78.25,6.2375,0.2,987.9042,-0.0274,-4.9978,
2020-03-03,90.309,4,16.159,104.304,72.56,19.6042,69.9167,7.7917,0.0,986.3542,0.9675,-6.5927,
2020-03-04,88.97,5,9.897,104.5,78.573,19.1958,72.375,8.6417,1.0,985.5167,-5.0022,3.19,
2020-03-05,30.352,5,4.025,36.25,25.982,18.2167,79.2083,13.9333,13.0,985.2042,-10.9041,2.5541,
2020-03-06,22.642,4,6.003,31.417,18.569,16.375,85.9583,18.225,23.3,984.4083,-13.6837,10.2754,
2020-03-07,46.449,5,9.195,59.333,38.178,15.8833,84.5,10.6625,1.7,988.6708,-6.7262,6.4057,
2020-03-08,68.571,5,20.448,102.25,51.283,16.4917,78.7917,7.2417,0.0,990.6833,4.3783,-4.0034,
2020-03-09,70.333,5,24.401,98.969,43.946,17.0458,67.125,14.0417,0.0,988.0875,11.6072,-7.7114,
2020-03-10,79.866,4,9.346,90.392,71.604,17.125,67.625,6.4,0.0,986.6958,1.0652,-0.2333,
2020-03-11,55.175,4,1.356,56.278,53.299,18.725,73.7917,14.2833,2.6,984.5917,-11.4973,6.4159,
2020-03-12,59.071,5,9.935,74.75,50.562,19.6375,66.7083,13.2417,0.0,986.7042,-10.2074,6.2301,
2020-03-13,72.36,5,13.932,90.78,57.663,18.7375,64.5,8.3542,10.0,988.4375,2.0805,-2.5403,
2020-03-14,41.705,5,4.686,47.0,34.493,16.3792,82.0833,10.1542,4.2,990.1292,-2.1026,-5.5911,
2020-03-15,68.67,5,16.37,85.583,52.139,16.3333,77.7917,5.5292,0.1,991.6667,0.3702,-4.3436,
2020-03-16,77.58,3,16.855,89.344,58.271,17.9958,74.5,9.6,0.0,991.2458,5.5226,-7.364,
2020-03-17,79.443,4,24.452,101.875,51.649,18.9458,71.2083,10.675,0.0,991.1875,6.7278,-8.1542,
2020-03-18,82.512,3,21.896,100.938,58.306,20.4583,67.2083,11.0083,0.0,989.5167,7.7405,-7.335,
2020-03-19,97.268,5,17.425,126.625,82.431,20.7917,71.2917,7.6917,0.2,986.5667,2.529,-4.6438,
2020-03-20,92.872,5,6.323,103.125,87.731,21.1792,68.75,8.1,0.4,985.4083,-5.9206,2.0744,
2020-03-21,93.548,5,22.774,118.236,68.319,21.675,70.2083,5.3167,1.6,985.7458,-2.9437,-1.9412,
2020-03-22,76.593,5,10.146,89.597,63.795,21.9958,68.2083,8.05,0.0,987.5,1.5945,-6.7459,
2020-03-23,,0,,,,22.525,61.0,5.575,0.0,987.3167,-0.5489,-3.9996,
2020-03-24,54.926,4,2.977,58.465,51.191,23.6625,63.7917,7.425,0.7,985.7792,-2.1502,2.4973,
2020-03-25,,0,,,,23.8333,62.5833,10.075,0.0,986.5833,2.2606,-6.0191,
2020-03-26,,0,,,,23.5208,61.25,12.7167,0.0,987.4167,9.8134,-7.4815,
2020-03-27,,0,,,,21.3792,73.6667,10.7125,6.0,989.1333,2.5808,3.8627,
2020-03-28,,0,,,,21.2958,68.5,10.4542,0.1,989.5,6.1624,-7.5567,
2020-03-29,,0,,,,21.9208,58.6667,14.4583,0.0,987.6875,9.9048,-10.416,
2020-03-30,,0,,,,21.9,55.0,12.1042,0.0,987.6792,8.5797,-7.4296,
2020-03-31,,0,,,,22.7458,56.5417,11.4083,0.1,986.325,5.0113,-7.6274,
2020-04-01,,0,,,,23.8833,56.2083,7.4375,0.0,985.525,0.2491,-5.4885,
2020-04-02,,0,,,,23.2833,52.9167,14.7583,0.0,985.8917,9.3284,-10.4541,
2020-04-03,,0,,,,22.3917,44.4167,12.0125,0.0,987.2792,8.9192,-7.658,
2020-04-04,,0,,,,23.2083,47.9583,11.7667,0.0,987.1875,6.8251,-8.7922,
2020-04-05,,0,,,,24.0167,52.875,8.9875,0.0,987.825,1.3103,-4.8836,
2020-04-06,,0,,,,26.2042,45.8333,10.0333,0.0,986.5875,1.6503,-8.0574,
2020-04-07,,0,,,,24.975,46.0417,13.6917,0.4,984.7667,6.1543,-10.8847,
2020-04-08,,0,,,,24.8792,46.2917,11.875,0.0,985.325,5.5484,-10.063,
2020-04-09,,0,,,,24.4125,46.4583,10.5958,0.0,985.95,6.7115,-7.2255,
2020-04-10,,0,,,,25.7375,46.5417,8.3667,0.0,986.7083,2.2814,-4.984,
2020-04-11,,0,,,,27.7125,41.875,8.1333,0.0,987.7792,1.4451,-6.5118,
2020-04-12,,0,,,,28.0,42.0417,11.3333,0.0,985.625,8.4226,-7.2188,
2020-04-13,,0,,,,29.3125,41.0833,10.9042,0.0,983.5917,7.6664,-6.2684,
2020-04-14,,0,,,,30.125,41.0,8.7167,0.0,983.9625,-2.554,-0.4471,
2020-04-15,,0,,,,30.4458,37.5417,10.2083,0.0,983.5625,-4.2957,2.5602,
2020-04-16,,0,,,,30.3625,36.0417,10.2,0.0,982.2792,4.9708,-6.6299,
2020-04-17,,0,,,,29.6542,33.7083,12.75,0.0,982.1083,-2.1349,-8.5813,
2020-04-18,,0,,,,29.0708,38.0,13.8417,0.0,983.3167,-6.863,-4.1514,
2020-04-19,,0,,,,27.8917,43.0417,9.7833,0.0,983.3125,4.3494,-7.4218,
2020-04-20,,0,,,,26.8667,44.9583,7.625,0.4,984.1083,2.3916,-0.8568,
2020-04-21,,0,,,,26.1167,51.4583,8.3958,0.0,984.4292,-1.2699,-5.0991,
2020-04-22,,0,,,,27.5708,41.4167,7.7917,0.0,983.0458,0.7829,-4.1717,
2020-04-23,,0,,,,28.9542,37.6667,10.1125,0.0,982.3792,3.7919,4.6372,
2020-04-24,,0,,,,28.9375,41.1667,6.9625,0.0,980.85,-0.9554,-0.2498,
2020-04-25,,0,,,,28.4792,42.7917,8.1375,0.5,981.525,-3.3536,4.1979,
2020-04-26,,0,,,,26.9042,58.2083,14.5,1.0,984.0,-11.1163,6.519,
2020-04-27,,0,,,,25.4292,68.7083,16.3875,2.8,986.8208,-14.6318,5.2884,
2020-04-28,,0,,,,26.4417,63.6667,8.975,0.2,986.7625,-5.2318,0.1372,
2020-04-29,,0,,,,28.6625,54.75,7.1625,0.0,984.25,-1.4817,2.6207,
2020-04-30,,0,,,,29.475,50.9583,10.825,0.2,983.95,-4.4218,1.2846,
2020-05-01,,0,,,,30.5708,53.7083,10.6458,0.0,982.1958,-4.0005,-0.4705,
2020-05-02,,0,,,,29.3667,56.6667,18.4375,0.9,981.5917,-15.4545,5.9916,
2020-05-03,,0,,,,27.6833,64.4583,13.6667,21.8,982.45,-10.7574,3.416,
2020-05-04,,0,,,,27.2167,66.25,6.9625,0.0,983.8667,-4.6653,-3.3306,
2020-05-05,,0,,,,28.7958,49.625,7.725,0.0,983.0542,1.4624,-4.4057,
2020-05-06,,0,,,,28.625,45.375,7.5458,0.0,982.1083,-1.4827,0.9672,
2020-05-07,,0,,,,28.6583,44.1667,10.2458,0.0,982.8167,-6.0599,-1.538,
2020-05-08,,0,,,,30.6917,39.75,9.3875,0.0,981.2167,-2.1271,1.9155,
2020-05-09,,0,,,,31.6375,40.7917,9.9167,0.0,981.7875,-6.1516,3.3692,
2020-05-10,,0,,,,29.6625,54.2917,13.2042,0.8,982.8292,-11.185,5.6587,
2020-05-11,,0,,,,29.1708,56.75,11.1583,0.3,984.125,-7.7205,5.36,
2020-05-12,,0,,,,29.4208,54.6667,10.0333,0.0,983.4333,-7.7943,0.1179,
2020-05-13,,0,,,,29.7417,55.4167,7.6958,0.3,982.2375,0.314,-3.0158,
2020-05-14,,0,,,,30.5333,53.2083,7.3208,0.0,981.6375,-2.171,-1.099,
2020-05-15,,0,,,,31.4583,40.5417,12.2167,0.0,980.95,7.1239,-9.5847,
2020-05-16,,0,,,,31.5417,32.5833,12.3958,0.0,980.2375,8.8972,-8.5014,
2020-05-17,,0,,,,31.8,31.5417,8.8333,0.0,978.85,5.6475,-4.7249,
2020-05-18,,0,,,,31.3875,30.4583,10.1875,0.0,977.9833,3.3768,-8.2746,
2020-05-19,,0,,,,32.1042,21.9583,7.7583,0.0,977.5083,1.4805,-6.3984,
2020-05-20,,0,,,,30.7792,25.5833,12.7083,0.0,977.075,8.2643,-9.2773,
2020-05-21,,0,,,,32.225,25.9583,13.675,0.0,976.1583,11.1074,-7.319,
2020-05-22,,0,,,,34.0292,25.9583,6.4167,0.0,976.1583,0.8336,-1.204,
2020-05-23,,0,,,,34.6167,27.625,8.775,0.0,977.5917,-2.8007,0.446,
2020-05-24,,0,,,,35.5833,25.0417,12.5542,0.0,977.8583,6.5291,-6.2072,
2020-05-25,,0,,,,35.7417,22.1667,12.8375,0.0,977.6292,9.3632,-6.1801,
2020-05-26,,0,,,,36.9292,18.8333,11.0208,0.0,975.9583,7.6963,-4.0569,
2020-05-27,,0,,,,36.5083,20.75,9.8708,0.0,974.3667,0.6325,-2.7561,
2020-05-28,,0,,,,32.975,41.4583,19.5583,0.1,975.8167,-16.3029,7.2511,
2020-05-29,,0,,,,30.1042,57.625,20.6833,4.2,978.6708,-17.4597,8.2602,
2020-05-30,,0,,,,28.1833,61.2917,12.1333,5.4,981.0208,-8.4101,6.8833,
2020-05-31,,0,,,,26.8667,69.1667,7.5667,0.2,982.6292,-4.3231,1.8849,
2020-06-01,,0,,,,27.8125,67.2917,6.5458,0.0,983.1833,-2.2179,-3.4214,
2020-06-02,,0,,,,29.0167,61.5417,6.4958,0.0,981.4125,2.2702,-0.1415,
2020-06-03,,0,,,,29.9792,57.75,6.15,0.0,979.3542,-0.4277,-3.4877,
2020-06-04,,0,,,,29.6125,56.8333,7.0667,0.0,978.5708,-3.0354,2.8428,
2020-06-05,,0,,,,29.05,59.75,8.2333,0.0,978.5417,-1.9733,5.4372,
2020-06-06,,0,,,,29.5208,58.1667,7.6458,0.0,978.05,-5.0644,4.5952,
2020-06-07,,0,,,,30.5917,58.875,8.4167,1.2,977.8583,-1.2882,1.7448,
2020-06-08,,0,,,,30.825,59.8333,6.8708,0.1,977.4875,0.3638,-3.0533,
2020-06-09,,0,,,,33.0792,51.4583,6.4667,0.0,977.3917,0.9915,-0.9992,
2020-06-10,,0,,,,33.7458,51.9167,7.4958,0.0,976.8208,1.7326,-2.5308,
2020-06-11,,0,,,,33.5583,53.4167,6.4292,0.0,975.7125,-4.2372,-2.4759,
2020-06-12,,0,,,,33.8,51.7083,9.0375,0.0,974.6917,-5.9068,2.7086,
2020-06-13,,0,,,,33.6458,54.5833,9.0417,0.0,975.0792,-6.9066,1.6141,
2020-06-14,,0,,,,33.6708,55.8333,8.6125,0.0,976.5792,-5.7345,-0.5929,
2020-06-15,,0,,,,34.3458,47.3333,8.6917,0.0,974.6583,0.7272,-0.6489,
2020-06-16,,0,,,,33.8417,48.125,9.4167,0.1,972.4583,-4.3734,6.4265,
2020-06-17,,0,,,,33.8875,51.5417,11.5542,0.0,972.0458,-8.571,3.7126,
2020-06-18,,0,,,,34.6292,50.125,10.1208,0.0,972.6208,-5.6938,2.4648,
2020-06-19,,0,,,,34.9667,52.9583,11.2,0.0,974.4458,-7.5054,4.3146,
2020-06-20,,0,,,,33.7208,53.375,12.0292,1.2,976.0125,-0.2106,0.2393,
2020-06-21,,0,,,,33.3958,54.0,8.9667,0.0,975.6667,-4.3999,1.1449,
2020-06-22,,0,,,,31.8875,60.875,7.175,1.0,975.7167,-4.9946,-0.4993,
2020-06-23,,0,,,,31.5417,64.0,14.3083,2.0,977.8625,-13.4621,3.7609,
2020-06-24,,0,,,,30.3292,72.0,11.75,3.1,978.7167,-11.0148,3.509,
2020-06-25,,0,,,,31.8958,66.1667,5.5375,0.0,976.1792,0.8364,-0.733,
2020-06-26,,0,,,,32.4,64.5,9.9958,1.4,975.3083,7.8785,-1.6151,
2020-06-27,,0,,,,33.7333,56.5417,13.5542,0.1,974.4792,12.0782,-1.5647,
2020-06-28,,0,,,,35.0417,51.125,13.9042,0.2,973.7583,12.1403,0.0629,
2020-06-29,,0,,,,34.4125,53.6667,12.8375,0.5,975.5875,-4.3331,-1.1227,
2020-06-30,,0,,,,32.1958,63.3333,12.2458,0.0,976.9792,-11.1758,4.2296,
2020-07-01,,0,,,,33.3708,59.375,8.4125,0.0,975.8667,-6.2405,2.3722,
2020-07-02,,0,,,,35.1458,52.625,8.2042,0.1,973.4833,0.0144,0.0485,
2020-07-03,,0,,,,35.0583,55.9167,12.3917,0.0,973.0083,-8.4087,4.8895,
2020-07-04,,0,,,,33.1,63.5417,14.5,0.0,973.3833,-13.2368,5.0042,
2020-07-05,,0,,,,29.9417,69.5,11.6125,4.1,973.7,-9.3887,-3.5309,
2020-07-06,,0,,,,30.6583,70.2917,10.8292,0.3,973.7625,-9.9181,2.7992,
2020-07-07,,0,,,,29.275,74.0833,15.0875,1.5,976.4833,-14.1436,3.6425,
2020-07-08,,0,,,,28.8167,81.625,12.4958,5.4,977.575,-8.0766,8.2866,
2020-07-09,,0,,,,30.2417,77.4167,8.2375,2.2,974.3792,4.1715,5.9229,
2020-07-10,,0,,,,32.7417,63.1667,10.5708,1.6,972.2458,8.6853,-1.9744,
2020-07-11,,0,,,,31.9,64.4583,12.0333,0.9,972.7625,7.9494,1.647,
2020-07-12,,0,,,,31.6917,66.4583,7.8625,0.5,974.1708,4.0631,1.1531,
2020-07-13,,0,,,,31.9417,64.5417,8.25,0.1,974.55,7.0777,-1.2878,
2020-07-14,,0,,,,33.2667,60.2083,7.4833,0.0,975.3333,1.5783,0.3071,
2020-07-15,,0,,,,31.925,67.625,14.8833,0.1,976.1583,-14.1894,2.9646,
2020-07-16,,0,,,,30.75,72.6667,14.2458,4.6,975.2958,-13.7519,2.7546,
2020-07-17,,0,,,,31.1458,73.9583,11.5333,10.8,976.0042,-10.6038,4.1101,
2020-07-18,36.347,5,5.941,45.789,31.031,31.575,74.0,10.4625,2.5,976.7958,-9.2121,2.9613,
2020-07-19,25.01,4,0.694,25.712,24.378,30.5417,79.875,9.4583,14.1,975.3708,5.707,0.917,
2020-07-20,,0,,,,29.2958,79.0,11.2625,15.3,973.8875,8.7441,-0.0937,
2020-07-21,20.562,5,3.059,24.979,17.939,28.1875,82.0833,7.275,13.5,976.6458,-0.5755,2.8681,
2020-07-22,22.176,4,9.585,32.167,13.838,27.1833,86.1667,8.2625,14.4,977.9167,7.1885,-0.6807,
2020-07-23,31.595,4,7.763,38.312,20.391,28.5417,78.5833,6.3208,0.2,976.9583,2.1342,-1.5882,
2020-07-24,42.288,5,10.505,59.095,31.188,28.825,78.4583,8.3667,1.6,979.7917,-7.0543,2.0803,
2020-07-25,28.048,5,4.881,35.588,24.156,28.8042,82.1667,10.05,1.9,981.175,-9.0551,3.0915,
2020-07-26,,0,,,,29.9042,79.6667,6.175,2.6,981.0083,-4.6028,1.0059,
2020-07-27,,0,,,,31.0083,75.1667,9.9125,2.7,978.5125,8.9995,-0.1636,
2020-07-28,,0,,,,31.8542,67.25,13.2625,0.4,976.3583,10.5175,1.9394,
2020-07-29,,0,,,,30.5458,72.2083,10.35,0.1,976.7792,-2.5222,9.009,
2020-07-30,16.769,5,5.297,21.941,7.851,28.9375,79.25,7.8208,3.9,978.3792,-2.9441,5.2427,
2020-07-31,,0,,,,29.1667,84.125,6.8,8.5,977.7167,-4.5889,1.5785,
2020-08-01,,0,,,,29.4,83.7917,5.5917,5.6,977.1208,-2.6663,3.1095,
2020-08-02,,0,,,,31.1375,75.25,8.825,0.2,975.2333,6.1138,-1.8879,
2020-08-03,,0,,,,31.6917,72.4583,8.725,1.3,971.3625,7.1143,0.7766,
2020-08-04,,0,,,,31.6792,73.3333,8.3,0.9,969.6375,1.5141,-1.8984,
2020-08-05,,0,,,,30.5792,79.1667,10.7333,2.1,971.0,-9.6642,-0.2526,
2020-08-06,15.003,4,4.654,20.632,9.235,30.8708,70.875,22.9708,0.1,973.7167,-22.6107,2.5633,
2020-08-07,,0,,,,29.9667,76.375,16.6167,0.9,976.5583,-15.2488,5.3248,
2020-08-08,,0,,,,30.8042,78.375,3.8583,3.3,974.925,-0.0001,2.2408,
2020-08-09,,0,,,,29.8125,83.3333,5.575,22.8,974.075,-1.5649,0.0267,
2020-08-10,,0,,,,28.7792,86.9167,9.1,2.4,975.2542,-7.659,3.9777,
2020-08-11,,0,,,,28.9375,87.25,6.2333,15.8,975.1292,1.6151,1.9277,
2020-08-12,,0,,,,29.8375,82.6667,11.0625,3.4,974.1833,8.248,0.763,
2020-08-13,,0,,,,26.6417,94.7917,8.125,84.6,973.4792,-3.4574,-2.0292,
2020-08-14,,0,,,,27.6417,89.1667,12.5792,5.0,972.925,-12.2224,2.0936,
2020-08-15,,0,,,,28.8875,86.2083,10.975,2.6,972.9083,-9.7784,4.6337,
2020-08-16,,0,,,,28.7583,87.3333,9.3375,6.2,974.1208,-8.0635,3.9566,
2020-08-17,,0,,,,29.1583,85.875,9.1292,2.1,974.4333,-6.0837,4.8373,
2020-08-18,,0,,,,29.8125,83.5417,5.325,9.7,974.9958,0.7688,1.6773,
2020-08-19,,0,,,,27.1125,92.4583,6.9667,16.7,974.9125,-1.078,5.2225,
2020-08-20,,0,,,,26.4833,92.6667,8.0958,8.8,977.0667,-7.2845,-0.0344,
2020-08-21,,0,,,,28.5833,79.3333,13.2917,0.2,978.4375,-13.1243,0.2667,
2020-08-22,,0,,,,28.6208,75.2083,18.125,0.1,977.7792,-18.0376,-0.066,
2020-08-23,,0,,,,28.0958,81.4583,17.2833,2.0,976.5333,-16.9245,0.0544,
2020-08-24,,0,,,,27.75,82.375,15.4792,0.8,976.75,-12.9905,6.7932,
2020-08-25,,0,,,,28.4917,80.0417,10.7375,0.9,978.7167,-6.2827,7.8905,
2020-08-26,,0,,,,28.9792,78.5833,7.5125,0.9,979.9375,5.7373,2.4232,
2020-08-27,,0,,,,28.7042,80.25,6.7375,1.1,979.4167,2.4091,-1.3755,
2020-08-28,,0,,,,28.5292,84.2083,5.6292,2.8,977.5833,-0.3803,-0.4627,
2020-08-29,,0,,,,28.55,83.4583,7.2375,1.8,977.2625,-6.6112,1.1384,
2020-08-30,,0,,,,27.9667,78.9583,20.1875,2.4,976.8958,-19.6428,1.6759,
2020-08-31,,0,,,,27.9083,77.4167,16.1792,1.5,979.125,-9.2538,12.1815,
2020-09-01,,0,,,,28.5708,75.0417,9.4542,1.3,980.65,0.522,8.967,
2020-09-02,,0,,,,28.8625,76.1667,6.5667,0.8,982.5333,2.5924,0.7995,
2020-09-03,,0,,,,28.4875,83.375,10.3833,5.4,983.1375,-9.5205,3.2771,
2020-09-04,,0,,,,28.8792,81.0833,9.9625,2.5,982.1458,-7.4508,5.1227,
2020-09-05,,0,,,,28.3417,84.5417,4.8708,9.6,980.4167,1.7432,2.4117,
2020-09-06,,0,,,,28.2208,86.0417,5.4667,5.3,979.3292,4.3207,-1.4605,
2020-09-07,,0,,,,28.7542,82.9167,4.5042,4.5,979.8958,1.6907,-1.8464,
2020-09-08,,0,,,,29.3375,79.0,5.4208,0.4,980.5,4.082,-2.0552,
2020-09-09,,0,,,,29.8,73.7083,6.9333,0.0,980.25,4.7166,-3.5677,
2020-09-10,,0,,,,29.8083,71.6667,8.6,0.0,977.9125,6.6069,-2.4966,
2020-09-11,,0,,,,30.2542,68.5417,6.775,0.0,978.225,2.2484,-1.7371,
2020-09-12,,0,,,,30.2458,69.625,6.2125,0.0,980.825,-0.9659,-2.729,
2020-09-13,,0,,,,29.975,72.4167,6.0375,0.0,980.9083,-1.1558,-2.6905,
2020-09-14,,0,,,,29.8083,77.2083,5.2875,0.6,979.8333,-2.7354,-1.2923,
2020-09-15,,0,,,,30.8042,68.5833,5.2667,0.0,979.2375,1.7886,-3.2411,
2020-09-16,,0,,,,31.4167,65.0833,6.9542,0.0,978.8917,4.2156,-1.6564,
2020-09-17,,0,,,,31.7,61.125,10.3167,0.0,978.4958,8.7904,-4.1655,
2020-09-18,,0,,,,32.0792,57.7083,9.7917,0.0,977.55,8.7082,-2.4189,
2020-09-19,,0,,,,31.4167,63.0833,6.1333,0.0,977.8417,0.6893,-5.0066,
2020-09-20,,0,,,,30.7042,66.5417,8.525,0.0,977.4417,0.6426,-7.4066,
2020-09-21,,0,,,,30.8708,61.9583,7.025,0.0,976.2917,0.7341,-6.3543,
2020-09-22,,0,,,,30.2167,72.5417,8.3375,5.7,976.7958,-7.7921,1.4355,
2020-09-23,,0,,,,29.5708,73.0833,8.4917,2.3,977.1125,-7.439,2.0689,
2020-09-24,,0,,,,29.6667,69.4583,7.5417,0.0,978.7167,-0.9694,-1.7739,
2020-09-25,,0,,,,30.5917,58.6667,11.4833,0.0,978.2625,7.7271,-0.9181,
2020-09-26,,0,,,,29.2292,56.25,9.7083,0.0,978.4542,8.65,-1.0864,
2020-09-27,,0,,,,28.9042,57.875,8.8625,0.0,981.05,7.0329,-3.4738,
2020-09-28,,0,,,,28.5375,57.125,10.0542,0.0,982.2042,7.1221,-5.3307,
2020-09-29,,0,,,,28.075,54.5833,10.8292,0.0,981.85,8.4993,-5.2652,
2020-09-30,,0,,,,27.8917,50.875,12.1542,0.0,980.6333,9.8707,-5.7859,
2020-10-01,,0,,,,28.3542,52.1667,10.525,0.0,980.2792,8.4502,-4.7283,
2020-10-02,,0,,,,27.9208,58.75,8.025,0.0,980.8458,5.1184,-2.364,
2020-10-03,,0,,,,27.3167,55.875,8.4625,0.0,981.9083,5.91,-4.7601,
2020-10-04,,0,,,,26.425,52.0833,8.5625,0.0,982.7167,6.2686,-4.2229,
2020-10-05,,0,,,,26.7125,50.4583,10.8958,0.0,982.3208,8.6339,-5.5864,
2020-10-06,,0,,,,26.7125,52.4583,10.5708,0.0,982.7083,6.9049,-5.7398,
2020-10-07,,0,,,,26.7958,56.7917,7.3333,0.0,984.4417,3.2487,-2.5031,
2020-10-08,,0,,,,26.975,56.0417,7.0458,0.0,984.9625,4.5871,-3.623,
2020-10-09,,0,,,,27.05,56.1667,5.6667,0.0,985.2208,2.9147,-3.2663,
2020-10-10,,0,,,,27.3333,54.5833,6.9333,0.0,983.9833,5.4103,-2.8888,
2020-10-11,,0,,,,27.4917,53.0833,7.2667,0.0,982.0875,3.5977,-3.661,
2020-10-12,,0,,,,27.2833,59.5833,6.3167,0.0,980.6167,-2.2313,-2.7636,
2020-10-13,,0,,,,27.4292,62.2083,8.0625,0.0,981.4958,-7.3009,0.0899,
2020-10-14,,0,,,,27.6125,65.875,7.1,0.0,982.8583,-5.4063,-3.0072,
2020-10-15,,0,,,,27.325,55.5833,7.8708,0.0,983.3833,-2.7866,-5.3224,
2020-10-16,,0,,,,25.675,46.6667,6.7875,0.0,983.2,0.6849,-4.7711,
2020-10-17,,0,,,,27.0375,43.25,5.7583,0.0,983.9875,-0.8342,-2.4771,
2020-10-18,,0,,,,26.1542,39.0833,8.9083,0.0,983.9958,6.5596,-4.5896,
2020-10-19,,0,,,,25.3333,36.0417,9.0917,0.0,983.6583,7.2383,-4.364,
2020-10-20,,0,,,,24.9458,35.9167,8.8792,0.0,983.2833,3.0159,-5.2988,
2020-10-21,,0,,,,25.4583,41.8333,7.3083,0.0,984.4458,-2.8198,-0.9192,
2020-10-22,,0,,,,26.2708,42.125,6.5042,0.0,983.1917,-2.9537,-2.3868,
2020-10-23,,0,,,,25.3917,43.8333,7.3375,0.0,983.0458,-0.9299,-4.8326,
2020-10-24,198.269,4,20.162,228.368,185.469,24.9,42.5,7.6667,0.0,983.8958,3.487,-3.4181,
2020-10-25,192.22,4,15.551,209.389,171.882,25.6417,41.7917,6.5875,0.0,986.2167,-1.371,-2.9956,
2020-10-26,,0,,,,25.15,41.75,7.2083,0.0,987.6042,1.3223,-3.8424,
2020-10-27,,0,,,,23.1542,34.6667,11.0208,0.0,987.3292,8.9425,-5.4221,
2020-10-28,,0,,,,23.1167,38.75,6.975,0.0,988.0,3.2075,-3.4377,
2020-10-29,269.21,3,57.525,335.63,235.375,23.975,44.75,5.4542,0.0,988.9292,-1.4489,-3.9102,
2020-10-30,,0,,,,22.3917,46.375,8.95,0.0,988.6917,7.2204,-4.6038,
2020-10-31,302.68,4,34.914,351.458,272.519,21.9,39.5,10.7542,0.0,988.4375,8.7101,-5.8371,
2020-11-01,,0,,,,21.475,30.1667,10.7417,0.0,988.9667,10.0288,-3.1022,
2020-11-02,186.368,3,36.23,224.961,153.088,21.925,29.125,10.0458,0.0,989.7875,8.1726,-2.9581,
2020-11-03,,0,,,,21.8875,32.0,7.2542,0.0,989.1208,5.7452,0.4356,
2020-11-04,,0,,,,21.4083,39.0,9.2,0.0,987.8958,8.6574,0.0265,
2020-11-05,327.7,3,52.165,366.711,268.447,22.65,39.9167,8.0208,0.0,989.1667,6.5047,-1.5495,
2020-11-06,,0,,,,21.9625,41.4167,8.6167,0.0,991.7417,7.7182,-1.5848,
2020-11-07,,0,,,,21.3917,42.5417,10.2917,0.0,992.6333,9.5201,-2.4322,
2020-11-08,,0,,,,21.5042,45.5,5.6167,0.0,993.3417,1.6107,-0.8976,
2020-11-09,,0,,,,20.9583,52.2917,7.0625,0.0,991.9042,0.3869,-4.0508,
2020-11-10,,0,,,,21.1167,57.3333,6.0333,0.0,990.7333,-5.0371,-0.9364,
2020-11-11,,0,,,,20.6333,62.2083,7.7292,0.0,992.3958,-7.0461,-0.8949,
2020-11-12,,0,,,,20.975,57.875,5.925,0.0,993.7375,-3.9078,-2.5018,
2020-11-13,,0,,,,21.05,53.0417,5.0917,0.0,992.425,3.207,-1.386,
2020-11-14,,0,,,,20.4583,54.5,6.1042,0.0,990.0833,0.682,-0.8534,
2020-11-15,,0,,,,21.1625,61.0417,14.1792,4.2,989.5667,-8.8077,7.5709,
2020-11-16,,0,,,,19.5083,79.1667,9.675,8.2,991.3167,-6.6721,-2.6832,
2020-11-17,,0,,,,18.7042,73.5,8.3167,0.0,989.825,5.6176,-5.7132,
2020-11-18,,0,,,,17.8542,67.9583,7.0375,0.0,988.4833,3.7262,-5.0392,
2020-11-19,,0,,,,17.2458,63.2083,6.7333,0.0,989.0,0.9033,-5.9348,
2020-11-20,,0,,,,16.525,57.625,11.2417,0.0,990.3583,8.1143,-7.5132,
2020-11-21,,0,,,,16.3708,52.5,14.1417,0.0,990.7917,12.3362,-6.1717,
2020-11-22,,0,,,,15.8042,52.9583,9.9292,0.0,991.3292,8.8339,-3.0694,
2020-11-23,,0,,,,15.8625,57.8333,5.8125,0.0,991.6,-1.1011,-1.7409,
2020-11-24,,0,,,,16.1542,62.1667,7.2,0.0,991.1625,-5.45,0.9893,
2020-11-25,,0,,,,17.0417,63.625,8.9833,0.0,991.5083,-7.4141,-1.5599,
2020-11-26,,0,,,,17.2917,68.5417,7.675,0.7,993.8083,-0.0861,-6.326,
2020-11-27,,0,,,,17.3292,66.7083,12.1583,0.0,995.3583,9.5923,-7.2658,
2020-11-28,,0,,,,16.4708,63.125,11.4292,0.0,994.225,10.6489,-3.4873,
2020-11-29,,0,,,,15.5792,63.6667,8.6667,0.0,992.8875,7.6077,-2.446,
2020-11-30,,0,,,,16.2375,64.8333,7.5083,0.0,991.9292,6.3281,-2.6431,
2020-12-01,,0,,,,16.5958,69.25,7.6708,0.0,992.1125,6.0698,-3.1513,
2020-12-02,,0,,,,17.6875,66.4583,10.1417,0.0,990.1583,9.5715,-1.9874,
2020-12-03,,0,,,,18.5375,64.4167,6.2625,0.0,989.3083,4.7771,-1.3606,
2020-12-04,,0,,,,18.6708,64.2083,7.5292,0.0,987.7875,-5.2558,3.6243,
2020-12-05,,0,,,,18.95,67.625,10.1792,0.0,988.2083,-8.8871,4.7866,
2020-12-06,,0,,,,18.9833,71.4167,6.8542,0.0,990.3625,-0.7091,0.4617,
2020-12-07,,0,,,,18.4083,74.5,9.4208,0.0,991.8542,8.547,-3.2268,
2020-12-08,,0,,,,18.2667,73.2083,6.7875,0.0,991.9417,1.5001,-3.8739,
2020-12-09,,0,,,,19.4583,67.5417,5.675,0.0,990.2458,1.6019,-4.0495,
2020-12-10,,0,,,,18.6833,68.4583,7.7333,0.0,989.7792,3.1177,-6.1751,
2020-12-11,,0,,,,18.9,70.1667,6.775,0.2,989.55,-2.626,0.7876,
2020-12-12,,0,,,,17.9375,82.2917,6.2667,0.9,990.0292,-0.8612,-1.0676,
2020-12-13,,0,,,,15.0792,67.8333,11.0,0.0,990.3083,8.0683,-7.2856,
2020-12-14,,0,,,,12.6542,70.375,9.6917,0.0,991.2542,6.2519,-7.127,
2020-12-15,,0,,,,11.3125,71.6667,8.7,0.0,993.3958,4.3108,-7.3899,
2020-12-16,,0,,,,11.4917,70.125,10.5167,0.0,995.4167,7.4259,-7.2671,
2020-12-17,,0,,,,10.2167,64.875,13.9458,0.0,994.6458,11.867,-7.1088,
2020-12-18,,0,,,,11.0708,57.7083,14.0083,0.0,992.925,12.7713,-5.2815,
2020-12-19,,0,,,,12.2292,59.1667,13.0833,0.0,993.4792,12.1133,-4.4528,
2020-12-20,,0,,,,13.4708,60.75,12.4333,0.0,993.775,11.3534,-4.6068,
2020-12-21,,0,,,,13.2125,69.9167,9.0292,0.0,991.9958,7.7781,-3.9782,
2020-12-22,,0,,,,14.0917,71.2083,6.8833,0.0,990.7625,5.8874,-2.6326,
2020-12-23,,0,,,,13.9667,71.75,6.3708,0.0,989.825,5.1562,-3.2876,
2020-12-24,,0,,,,13.8083,66.5,8.5875,0.0,990.2125,5.1161,-5.8545,
2020-12-25,,0,,,,13.3542,65.3333,9.2958,0.0,991.3458,7.0703,-5.5514,
2020-12-26,,0,,,,12.7875,70.875,9.6667,0.0,990.5833,6.8137,-3.9156,
2020-12-27,,0,,,,14.9292,64.3333,10.0125,0.2,988.175,-3.1402,5.8767,
2020-12-28,,0,,,,12.0208,52.7083,10.7167,0.0,991.0917,3.4033,-9.9166,
2020-12-29,,0,,,,10.3083,66.8333,11.2708,0.0,992.2125,7.6538,-8.0769,
2020-12-30,,0,,,,9.7333,76.4167,10.2583,0.0,993.6042,7.5619,-6.4569,
2020-12-31,,0,,,,9.7667,79.2917,9.1042,0.0,992.8417,8.0805,-3.3174,
2021-01-01,,0,,,,10.5042,74.625,5.6583,0.0,992.1083,-2.7327,0.6139,
2021-01-02,,0,,,,13.7083,72.375,9.6333,4.5,990.9583,-8.5386,2.7595,
2021-01-03,,0,,,,16.0375,83.0833,15.1458,8.1,989.2333,-12.6783,7.7076,
2021-01-04,,0,,,,16.6792,88.0833,9.9125,5.6,990.5708,-6.7791,0.7398,
2021-01-05,,0,,,,17.525,83.7083,10.7333,2.8,990.2292,-9.4649,0.6806,
2021-01-06,147.366,3,13.854,161.944,134.373,17.5292,86.1667,8.0083,2.7,989.9125,-2.2342,1.1571,
2021-01-07,119.805,4,6.19,124.333,111.044,14.9583,85.2917,9.1042,0.0,989.6917,8.0997,-4.0381,
2021-01-08,139.444,4,10.869,153.239,130.526,13.4375,85.1667,6.325,0.0,989.2292,1.7471,-5.2109,
2021-01-09,141.796,5,16.214,160.532,121.783,14.9667,80.7917,12.125,0.0,990.2458,7.9306,-8.9645,
2021-01-10,,0,,,,12.3208,73.9583,14.0,0.0,990.6042,11.3204,-8.0798,
2021-01-11,112.811,5,14.482,131.45,99.353,11.6,79.6667,14.1125,0.0,990.9125,11.8223,-7.0279,
2021-01-12,179.306,5,21.57,206.865,153.009,11.4333,77.4583,11.3125,0.0,991.1458,10.8526,-2.7035,
2021-01-13,244.651,4,60.184,302.529,175.991,10.9625,76.75,10.6583,0.0,990.2167,9.9221,-3.1786,
2021-01-14,389.361,4,121.313,497.389,219.991,11.3542,78.625,6.6875,0.0,990.6292,-3.4826,-0.4111,
2021-01-15,451.96,5,77.442,507.211,319.706,12.2917,82.375,4.9333,0.0,989.1458,-2.2931,-1.8235,
2021-01-16,268.479,4,66.578,343.892,184.0,10.3333,86.125,7.75,0.0,987.8208,5.4886,-4.5465,
2021-01-17,236.715,3,24.335,264.312,218.333,11.4708,83.2083,11.4042,0.0,990.0042,-10.6657,2.7579,
2021-01-18,,0,,,,13.4083,86.2083,10.45,3.0,990.8958,-8.9843,-0.1509,
2021-01-19,,0,,,,14.6625,85.0417,9.9625,0.0,988.6333,8.3477,-3.9317,
2021-01-20,,0,,,,14.2583,83.4167,14.9375,0.0,988.9417,14.3473,-3.7074,
2021-01-21,,0,,,,13.675,75.6667,14.3833,0.0,988.0,13.7942,-2.7509,
2021-01-22,,0,,,,13.4125,75.9167,9.7417,0.0,989.1375,-7.6633,3.3072,
2021-01-23,,0,,,,14.25,76.7083,13.1,0.0,987.55,-9.9091,8.1311,
2021-01-24,,0,,,,13.1417,78.6667,9.8375,0.0,990.3667,7.2714,-4.9007,
2021-01-25,,0,,,,11.5208,79.1667,8.2625,0.0,992.3625,5.911,-3.9148,
2021-01-26,,0,,,,11.7625,76.625,9.5625,0.0,992.0917,8.5663,-3.1197,
2021-01-27,,0,,,,11.6958,73.4167,10.5292,0.0,991.8208,9.303,-4.1504,
2021-01-28,,0,,,,10.85,75.25,8.6167,0.0,992.4958,5.4201,-5.6922,
2021-01-29,,0,,,,11.7458,72.0833,10.8167,0.0,992.9917,9.8485,-3.2548,
2021-01-30,,0,,,,12.0375,67.1667,12.0458,0.0,991.4958,11.4931,-2.5593,
2021-01-31,,0,,,,12.5125,65.625,7.5792,0.0,991.7833,3.9104,-0.9852,
2021-02-01,,0,,,,14.3708,71.5833,7.4292,0.0,993.3833,-0.2992,-1.3701,
2021-02-02,,0,,,,15.1208,72.375,6.4583,0.0,992.0042,1.0589,-1.287,
2021-02-03,,0,,,,17.1958,72.2917,12.3542,0.1,990.6333,-10.181,6.4152,
2021-02-04,,0,,,,15.6,80.4167,9.9292,11.0,991.175,-4.53,-3.502,
2021-02-05,,0,,,,13.4167,82.5417,8.8083,0.0,992.225,4.6873,-7.171,
2021-02-06,106.041,3,13.037,115.328,91.137,13.9458,73.0417,11.5833,0.0,992.6667,8.8491,-6.7985,
2021-02-07,138.291,3,22.812,160.647,115.049,14.775,70.5,12.775,0.0,992.4917,11.0793,-5.4744,
2021-02-08,181.589,4,14.581,197.688,162.634,15.0667,75.0,8.3292,0.0,992.4292,7.2596,-3.4657,
2021-02-09,,0,,,,16.5917,70.4583,9.1542,0.0,989.425,5.6364,-1.4403,
2021-02-10,,0,,,,17.7458,72.375,7.3375,0.0,988.0333,-0.7916,-1.2329,
2021-02-11,,0,,,,17.0375,75.125,7.5375,0.0,988.7375,3.1347,-5.276,
2021-02-12,,0,,,,17.1958,76.5417,6.9667,0.0,989.7,4.6686,-4.1447,
2021-02-13,,0,,,,16.975,77.75,6.1375,0.0,989.95,1.5842,-4.2769,
2021-02-14,,0,,,,18.2375,71.3333,5.925,0.0,989.4792,-0.7147,-1.952,
2021-02-15,,0,,,,18.9708,67.9167,6.6875,0.0,987.825,0.2125,-0.9241,
2021-02-16,,0,,,,18.7917,70.4167,7.0583,0.0,987.4167,-0.7615,-5.2993,
2021-02-17,,0,,,,18.0875,71.2917,7.4292,0.0,989.1292,3.5426,-6.2254,
2021-02-18,,0,,,,18.3708,71.0,6.8833,0.0,991.9083,1.7262,-6.3876,
2021-02-19,,0,,,,17.8875,74.25,7.9125,0.0,994.2042,5.1985,-5.6141,
2021-02-20,,0,,,,17.9833,69.125,8.9083,0.0,993.8083,6.9522,-4.9352,
2021-02-21,,0,,,,18.7458,65.4167,10.5667,0.0,992.2125,9.4525,-4.3434,
2021-02-22,,0,,,,19.5208,66.125,10.6625,0.0,990.3,9.8869,-3.1769,
2021-02-23,,0,,,,21.5042,55.875,8.125,0.0,988.0333,5.8033,-1.1291,
2021-02-24,,0,,,,22.0625,57.625,8.2125,0.0,986.3917,5.3143,-2.2805,
2021-02-25,,0,,,,22.5583,58.9167,9.4458,0.0,985.225,8.4919,-3.2375,
2021-02-26,,0,,,,23.2375,56.2917,11.1292,0.0,982.9958,8.887,-0.34,
2021-02-27,,0,,,,24.1375,42.4583,10.7167,0.0,982.6292,5.469,-1.4887,
2021-02-28,,0,,,,22.2458,49.25,8.8208,0.0,985.3792,1.1516,-5.9203,
2021-03-01,,0,,,,20.4,45.9583,12.7042,0.0,989.1917,8.1599,-8.7216,
2021-03-02,,0,,,,20.6833,40.0417,17.775,0.0,989.4375,15.3915,-8.8204,
2021-03-03,,0,,,,22.3125,38.9583,12.4083,0.0,987.6042,9.9971,-6.0383,
2021-03-04,,0,,,,23.675,44.4583,5.5583,0.0,987.1583,-0.3608,-2.4737,
2021-03-05,,0,,,,22.6583,44.8333,15.0958,0.0,986.8083,11.2872,-8.8505,
2021-03-06,,0,,,,22.6542,42.75,12.3583,0.0,986.1292,9.3254,-5.463,
2021-03-07,,0,,,,24.8375,42.125,10.8292,0.0,984.7583,-8.9481,4.6102,
2021-03-08,,0,,,,24.7458,50.25,14.9,0.0,986.175,-13.2965,3.115,
2021-03-09,,0,,,,24.7458,59.2083,7.2458,0.2,987.325,-4.9864,0.8607,
2021-03-10,,0,,,,23.8833,61.4583,7.9958,0.1,987.3,2.0386,-7.0,
2021-03-11,,0,,,,24.7875,52.5,7.9208,0.0,988.2917,-4.0803,-2.6277,
2021-03-12,,0,,,,23.4125,54.0,10.5042,0.7,990.2292,-8.3592,2.6827,
2021-03-13,,0,,,,23.3583,60.8333,6.7792,0.0,990.9708,3.0044,-4.1158,
2021-03-14,,0,,,,23.2583,50.4167,10.5,0.0,988.125,7.9412,-6.028,
2021-03-15,,0,,,,24.1292,50.7083,11.4042,0.0,987.0708,9.5085,-5.5452,
2021-03-16,,0,,,,24.45,46.75,11.4375,0.0,987.2,9.3026,-6.3424,
2021-03-17,,0,,,,25.125,42.4167,9.5083,0.0,985.9125,5.3833,-6.0659,
2021-03-18,,0,,,,24.8,46.75,7.775,0.0,986.325,4.7777,-2.126,
2021-03-19,,0,,,,24.7125,50.5833,8.4333,0.0,985.825,6.5345,-0.7215,
2021-03-20,,0,,,,24.95,43.8333,11.5292,0.0,984.35,9.1178,-5.2012,
2021-03-21,,0,,,,25.8083,42.4167,9.6792,0.0,983.8792,2.1675,-2.2084,
2021-03-22,,0,,,,25.025,48.0833,11.6,0.0,987.1,-6.6229,-1.9008,
2021-03-23,,0,,,,24.7042,48.75,11.125,0.5,988.3708,-3.8046,1.5102,
2021-03-24,,0,,,,24.4083,43.5,9.7708,0.0,988.9833,5.8383,-6.3146,
2021-03-25,,0,,,,23.5417,40.4583,16.175,0.0,988.5125,13.4624,-8.419,
2021-03-26,,0,,,,23.65,46.3333,13.7792,0.0,986.7708,12.0006,-6.2015,
2021-03-27,,0,,,,25.6042,45.5833,7.75,0.0,984.9625,4.9603,-2.9674,
2021-03-28,,0,,,,27.9208,43.25,7.1625,0.0,982.5708,2.1694,-0.3255,
2021-03-29,,0,,,,29.275,37.4583,8.6792,0.0,980.0,-3.3633,2.4339,
2021-03-30,,0,,,,30.1917,30.0833,19.175,0.0,976.1417,15.434,-3.8206,
2021-03-31,,0,,,,27.6708,22.5,20.6875,0.0,977.475,17.6582,-10.6483,
2021-04-01,,0,,,,26.175,15.625,21.2958,0.0,978.4125,18.3489,-10.5063,
2021-04-02,,0,,,,25.2917,16.625,12.2125,0.0,981.5542,8.8044,-6.7157,
2021-04-03,,0,,,,25.1875,19.0417,8.85,0.0,984.1375,2.9865,-6.6191,
2021-04-04,,0,,,,26.5708,21.8333,10.8583,0.0,984.8875,6.9493,-5.5906,
2021-04-05,,0,,,,29.4,25.9167,10.3875,0.0,983.425,-7.2594,-1.5977,
2021-04-06,,0,,,,30.1292,28.9167,10.0458,0.0,981.8417,-7.679,0.9469,
2021-04-07,,0,,,,28.6833,30.5833,11.5208,0.0,984.4125,4.4881,-5.5625,
2021-04-08,,0,,,,27.15,24.7083,11.5042,0.0,984.2042,8.6477,-6.5097,
2021-04-09,,0,,,,26.9542,21.4167,11.0958,0.0,984.9708,4.164,-9.5658,
2021-04-10,,0,,,,28.25,18.2917,11.35,0.0,986.5125,7.3785,-7.0248,
2021-04-11,,0,,,,29.1417,19.625,10.1125,0.0,986.45,6.8865,-6.0972,
2021-04-12,,0,,,,29.925,19.4167,9.5167,0.0,987.0,4.5176,-5.4585,
2021-04-13,,0,,,,30.3208,21.625,12.2833,0.0,985.4375,10.0973,-5.0167,
2021-04-14,,0,,,,30.6458,22.0417,13.5542,0.0,984.1125,10.5957,-3.8187,
2021-04-15,,0,,,,31.0083,19.0,10.7542,0.0,983.0542,9.162,-3.1727,
2021-04-16,,0,,,,29.4542,32.9583,10.7125,2.6,982.3792,3.6598,0.8446,
2021-04-17,,0,,,,27.4917,44.2917,10.0958,0.0,984.8708,5.8208,-4.4606,
2021-04-18,,0,,,,28.9,29.0417,8.3458,0.0,986.6375,3.8435,-5.1948,
2021-04-19,,0,,,,29.4875,28.875,11.2375,0.0,982.7167,7.7019,-6.929,
2021-04-20,,0,,,,27.7333,28.8333,15.3667,0.0,981.725,-3.2068,-11.3771,
2021-04-21,,0,,,,26.2583,40.5417,13.4875,0.0,983.3625,6.4755,0.3717,
2021-04-22,,0,,,,26.5458,42.5,8.6875,0.0,985.9042,-4.1539,-1.2857,
2021-04-23,,0,,,,27.7417,35.2083,17.5,0.0,984.3292,-9.3367,3.3597,
2021-04-24,,0,,,,26.5167,35.625,12.9875,0.0,985.3083,6.1169,-10.7737,
2021-04-25,,0,,,,28.725,27.125,13.7792,0.0,985.0917,8.9835,-9.8075,
2021-04-26,,0,,,,30.05,23.875,9.3083,0.0,983.2625,7.2868,-4.0621,
2021-04-27,,0,,,,32.8083,21.7083,9.7083,0.0,982.4125,7.1468,-5.1461,
2021-04-28,,0,,,,33.85,19.3333,10.7708,0.0,982.9833,8.2477,-4.2999,
2021-04-29,,0,,,,33.3375,21.0417,11.0875,0.0,983.0958,4.7811,-5.4155,
2021-04-30,,0,,,,32.2208,27.8333,9.2625,0.0,982.7375,-4.7499,-1.5663,
2021-05-01,,0,,,,32.2292,29.875,9.0875,0.0,982.5667,-2.3421,2.6606,
2021-05-02,,0,,,,31.9667,30.1667,7.8917,0.0,983.0417,-3.7407,4.4807,
2021-05-03,,0,,,,31.7417,30.7083,8.275,0.0,981.6417,3.8122,-1.3738,
2021-05-04,,0,,,,32.8167,29.9167,9.675,0.0,980.3042,-1.0812,0.438,
2021-05-05,,0,,,,31.5208,39.125,12.7875,0.3,981.2375,-8.7289,0.6295,
2021-05-06,,0,,,,29.2792,52.625,14.4167,6.1,982.9958,-9.3284,-0.6905,
2021-05-07,,0,,,,28.2833,56.0,8.2833,4.1,984.9208,-6.2138,-2.4735,
2021-05-08,,0,,,,31.0875,38.875,7.3375,0.0,983.5375,-3.068,-3.6223,
2021-05-09,,0,,,,31.0792,39.7083,8.3417,0.0,981.6958,-4.3637,3.0647,
2021-05-10,,0,,,,30.5542,42.0,10.1083,0.4,980.1375,-6.3129,2.4666,
2021-05-11,,0,,,,31.2833,40.6667,11.2625,0.1,979.0792,-6.1058,2.2962,
2021-05-12,,0,,,,29.8333,45.2917,11.6042,0.4,977.7,-7.8438,1.4476,
2021-05-13,,0,,,,27.3708,58.3333,13.3375,1.5,979.0083,-11.1527,0.2415,
2021-05-14,,0,,,,29.6,46.7917,8.8333,0.0,979.2542,-5.6332,-1.917,
2021-05-15,,0,,,,30.2292,41.125,6.7458,0.0,980.3792,-3.6539,-1.542,
2021-05-16,,0,,,,31.675,37.375,7.2208,0.0,981.475,-4.4921,-3.5304,
2021-05-17,,0,,,,32.3625,34.625,7.225,0.0,981.6875,0.9771,2.7597,
2021-05-18,,0,,,,27.125,53.9167,10.4875,1.1,981.8167,2.1649,9.5128,
2021-05-19,,0,,,,21.7125,87.25,13.725,98.7,979.3708,-9.7592,-4.8255,
2021-05-20,,0,,,,24.2458,76.7083,15.1833,31.5,977.5292,-0.2149,-10.9498,
2021-05-21,,0,,,,26.125,76.1667,9.825,2.3,980.3667,-8.2633,3.2944,
2021-05-22,,0,,,,28.5667,65.625,6.5708,0.0,979.8792,-0.6196,4.1145,
2021-05-23,,0,,,,28.4667,55.875,10.1458,0.0,980.8042,8.6833,-1.1774,
2021-05-24,,0,,,,28.8125,41.5417,15.5875,0.0,980.9917,13.4279,-7.251,
2021-05-25,,0,,,,30.1083,35.4583,14.7958,0.0,977.7,9.0986,-11.1855,
2021-05-26,,0,,,,30.175,35.5,8.1792,0.0,975.5417,5.4083,-4.4085,
2021-05-27,,0,,,,30.1875,43.875,6.7667,0.0,975.7792,-0.6438,-0.5779,
2021-05-28,,0,,,,30.3833,59.0833,13.2,0.0,977.1875,-8.4226,9.0097,
2021-05-29,,0,,,,31.1292,55.5417,16.8958,0.0,978.6292,-11.4246,11.4812,
2021-05-30,,0,,,,30.3458,63.0,11.8125,0.7,978.7,-7.2961,6.0972,
2021-05-31,,0,,,,31.6458,59.4583,8.1542,0.1,975.85,-3.8354,4.6169,
2021-06-01,,0,,,,28.9792,65.5,8.675,0.5,978.1208,-4.133,2.0429,
2021-06-02,,0,,,,29.3208,64.25,6.1208,5.4,980.0625,1.4974,-1.459,
2021-06-03,,0,,,,30.3458,58.75,5.8542,0.0,980.9875,-4.4055,-1.74,
2021-06-04,,0,,,,30.4083,62.0833,6.0458,0.0,980.9667,-2.5984,-4.0952,
2021-06-05,,0,,,,30.8958,59.4583,9.0208,0.1,979.4333,-3.4942,2.0731,
2021-06-06,,0,,,,31.8958,51.625,8.0542,0.0,978.7583,6.2209,-0.6305,
2021-06-07,,0,,,,32.6875,50.3333,7.8208,0.0,976.8,1.4191,-3.4505,
2021-06-08,,0,,,,35.0708,38.75,15.5875,0.0,974.5083,14.4259,-1.5728,
2021-06-09,,0,,,,35.9833,37.875,15.9917,0.0,973.0708,11.6842,-0.454,
2021-06-10,,0,,,,32.9833,58.25,15.7875,0.0,973.5958,-14.2666,4.0122,
2021-06-11,,0,,,,32.1708,59.2917,12.4833,0.0,973.4083,-11.3544,2.0492,
2021-06-12,,0,,,,32.4042,58.875,16.0167,0.0,974.4333,-14.1232,6.341,
2021-06-13,,0,,,,30.7583,67.1667,8.0542,7.2,975.2458,-6.7934,2.0018,
2021-06-14,,0,,,,31.3667,60.625,7.9083,0.0,973.45,-6.4077,1.0938,
2021-06-15,,0,,,,30.65,63.9167,9.0167,4.2,970.7042,4.1245,2.7095,
2021-06-16,,0,,,,29.475,71.875,8.6042,2.3,973.1375,-4.453,0.408,
2021-06-17,,0,,,,30.0083,68.375,9.1542,0.1,975.2292,-7.9806,-1.9971,
2021-06-18,,0,,,,29.3292,69.5,12.0042,0.7,975.9292,-11.6691,0.5223,
2021-06-19,,0,,,,28.4792,72.2917,11.6083,0.2,975.9542,-9.0396,-5.6859,
2021-06-20,,0,,,,28.875,73.4167,8.8333,1.1,976.475,-7.3408,-3.6819,
2021-06-21,,0,,,,30.7125,64.375,8.7208,0.1,977.3458,-3.4243,-4.3257,
2021-06-22,,0,,,,33.5042,47.875,8.725,0.0,976.6875,6.0174,-2.1063,
2021-06-23,,0,,,,34.4167,43.375,7.6583,0.0,976.9042,-4.2117,0.3903,
2021-06-24,,0,,,,32.5,58.4583,10.5917,0.0,977.0417,-6.3202,4.058,
2021-06-25,,0,,,,32.5083,58.5,8.7708,1.6,976.1833,0.8879,1.1725,
2021-06-26,,0,,,,32.0417,57.0,5.8583,0.0,977.7333,-3.7684,0.0788,
2021-06-27,,0,,,,33.4708,54.0,9.0667,0.0,980.225,-5.2996,2.361,
2021-06-28,,0,,,,34.3292,48.9167,7.25,0.0,978.9333,-3.9364,0.0357,
2021-06-29,,0,,,,36.175,37.8333,11.4583,0.0,975.7167,7.8092,-0.484,
2021-06-30,,0,,,,36.9458,29.7917,18.475,0.0,972.95,17.7999,-1.3337,
2021-07-01,,0,,,,37.0458,33.0417,16.6042,0.0,971.6,14.953,3.9842,
2021-07-02,,0,,,,35.525,42.0,14.7875,0.1,972.9542,12.7491,2.0634,
2021-07-03,,0,,,,33.325,50.25,10.8542,0.0,976.1125,7.4072,1.9854,
2021-07-04,,0,,,,34.2,48.3333,7.8583,0.0,977.35,5.6123,0.3427,
2021-07-05,,0,,,,34.7083,45.625,8.2958,0.0,977.7458,5.4502,-4.4544,
2021-07-06,,0,,,,35.2458,44.625,11.8583,0.0,976.275,10.7252,-4.2708,
2021-07-07,,0,,,,36.2333,39.75,11.1875,0.0,975.0125,10.5139,-2.4125,
2021-07-08,,0,,,,36.0208,39.125,13.2417,0.0,975.0958,5.4333,-2.7785,
2021-07-09,,0,,,,33.1833,57.7083,13.375,0.2,976.3125,-12.4644,1.2794,
2021-07-10,,0,,,,33.5833,57.5,10.6917,1.2,976.1417,-9.4961,2.8446,
2021-07-11,,0,,,,32.1542,64.4583,17.5125,2.0,977.4833,-16.5717,5.2897,
2021-07-12,,0,,,,30.5167,69.2083,18.6042,4.9,979.3333,-17.1344,7.0625,
2021-07-13,,0,,,,29.9917,76.2917,11.6875,5.3,978.6667,-10.7204,0.1649,
2021-07-14,,0,,,,29.3333,81.0,11.1083,9.4,978.1333,-9.5551,-4.3826,
2021-07-15,,0,,,,30.7167,75.125,11.7292,2.5,978.4875,-11.0196,-1.9092,
2021-07-16,,0,,,,31.0125,74.375,10.8875,3.8,980.025,-10.3727,0.5709,
2021-07-17,,0,,,,32.7083,67.0833,7.3583,0.7,977.55,-2.2378,2.456,
2021-07-18,,0,,,,30.2,80.875,8.7792,24.9,974.6667,1.6675,5.2857,
2021-07-19,,0,,,,26.3,95.8333,6.775,122.7,974.025,-1.9062,3.4628,
2021-07-20,,0,,,,27.775,87.7083,3.9208,27.3,974.0167,-0.5234,0.8785,
2021-07-21,,0,,,,28.7958,84.9167,6.6833,5.3,973.1375,-1.9656,-0.3329,
2021-07-22,,0,,,,28.0417,87.0833,9.0667,5.1,972.0125,-8.3157,-0.7463,
2021-07-23,,0,,,,28.8958,85.0417,9.1417,5.8,973.3542,-8.3401,3.222,
2021-07-24,,0,,,,30.2375,81.6667,5.8542,0.7,974.4708,-4.9801,2.0426,
2021-07-25,,0,,,,30.9083,77.5417,7.7792,0.0,974.0917,-6.7193,3.2816,
2021-07-26,,0,,,,29.0083,84.9167,8.2792,4.9,973.0792,-7.0098,3.2642,
2021-07-27,,0,,,,28.2333,88.875,8.15,14.1,971.2375,6.6991,0.7219,
2021-07-28,,0,,,,27.1708,90.1667,8.175,18.7,972.5667,6.7865,-1.8475,
2021-07-29,,0,,,,27.3792,88.4583,5.9458,8.2,973.2833,3.937,-1.8766,
2021-07-30,,0,,,,27.325,88.9583,7.375,11.0,974.225,-6.975,0.0844,
2021-07-31,,0,,,,28.2125,86.5417,9.2792,3.3,974.6083,-9.1043,0.205,
2021-08-01,,0,,,,29.1208,82.9167,6.2125,0.9,973.7708,0.935,1.2379,
2021-08-02,,0,,,,27.7583,88.3333,5.8542,25.7,974.65,-3.6528,-0.7191,
2021-08-03,,0,,,,28.6208,84.875,10.9875,8.2,975.5208,-8.5655,-6.316,
2021-08-04,,0,,,,28.75,78.25,11.8542,0.0,976.1625,-11.3024,-2.6839,
2021-08-05,,0,,,,29.175,78.9583,5.7125,0.3,976.0708,-5.3417,-0.6738,
2021-08-06,,0,,,,29.6833,81.125,4.5667,2.0,975.925,-2.7738,-1.098,
2021-08-07,,0,,,,28.7792,86.7083,3.8792,8.5,977.4833,-3.1077,0.3703,
2021-08-08,,0,,,,28.2792,88.6667,4.45,17.1,979.0292,-2.5341,0.684,
2021-08-09,,0,,,,28.2083,87.3333,5.3,3.2,979.2042,-2.8656,1.4422,
2021-08-10,,0,,,,29.8958,76.9167,10.2583,0.7,977.4458,8.6887,0.7254,
2021-08-11,,0,,,,30.5208,64.25,15.85,0.0,977.65,14.8316,2.2574,
2021-08-12,,0,,,,30.25,66.0,12.75,0.0,978.8417,11.7411,2.5712,
2021-08-13,,0,,,,30.6042,64.6667,12.5167,0.0,977.1458,10.7783,3.5804,
2021-08-14,,0,,,,30.6292,63.4583,14.0208,0.0,975.15,11.8997,2.3936,
2021-08-15,,0,,,,30.4292,63.875,10.3375,0.0,976.65,8.699,1.1321,
2021-08-16,,0,,,,30.4333,65.75,7.9083,0.0,979.5208,4.3948,-0.1118,
2021-08-17,,0,,,,31.2,65.625,7.475,0.0,979.3083,1.9953,-2.2078,
2021-08-18,,0,,,,31.2208,66.5417,6.2208,0.0,977.5083,0.7286,-3.2052,
2021-08-19,,0,,,,30.8375,73.8333,7.0375,0.5,976.7667,-4.6087,-1.4115,
2021-08-20,,0,,,,27.8542,86.5417,12.0458,2.0,979.2,-11.135,2.2253,
2021-08-21,,0,,,,26.7083,91.0,11.7208,30.3,980.7875,-11.1422,2.5673,
2021-08-22,,0,,,,27.6167,88.375,9.3542,9.8,980.6542,-8.188,3.9307,
2021-08-23,,0,,,,28.5042,86.7083,5.8458,5.9,978.5083,0.5985,3.9461,
2021-08-24,,0,,,,29.0,87.0833,4.6917,2.1,977.2333,0.7699,2.601,
2021-08-25,,0,,,,30.4167,68.2917,15.2333,0.0,975.1417,14.2588,0.2981,
2021-08-26,,0,,,,29.7292,66.9583,14.7292,0.0,974.375,14.0657,1.2515,
2021-08-27,,0,,,,29.6708,66.8333,10.1833,0.0,976.4917,5.4524,5.8922,
2021-08-28,,0,,,,29.3958,74.25,7.0875,0.0,977.3625,-1.3131,1.8015,
2021-08-29,,0,,,,28.5917,84.875,7.8375,1.3,978.2042,-6.7513,2.7098,
2021-08-30,,0,,,,27.4542,85.7083,10.8125,1.2,981.2583,-10.3347,1.2696,
2021-08-31,,0,,,,27.0083,86.9167,11.3,5.3,982.9708,-10.8189,1.2655,
2021-09-01,,0,,,,26.4042,90.1667,9.1625,10.7,982.6,-8.1522,-2.4654,
2021-09-02,,0,,,,27.8042,87.4167,6.0,1.2,980.4542,-4.5318,0.07,
2021-09-03,,0,,,,27.1625,89.125,6.75,11.3,978.9667,-2.9999,2.6316,
2021-09-04,,0,,,,27.3708,88.125,4.6,14.7,978.7292,-1.2139,2.563,
2021-09-05,,0,,,,28.2167,85.75,4.6542,3.8,978.8292,0.4164,2.3166,
2021-09-06,,0,,,,29.0667,84.375,4.8625,4.1,980.1583,-2.183,2.8039,
2021-09-07,,0,,,,28.0125,88.0417,11.1167,7.6,981.6625,-10.4405,-0.9534,
2021-09-08,,0,,,,28.0458,80.125,17.3167,2.3,980.4542,-16.9022,3.0771,
2021-09-09,,0,,,,27.7,83.75,11.45,4.4,979.5208,-11.3195,0.9654,
2021-09-10,,0,,,,26.8458,88.1667,14.3417,16.6,979.4792,-14.0897,1.3313,
2021-09-11,,0,,,,25.8917,90.7917,17.0167,15.3,979.3167,-16.3806,3.8689,
2021-09-12,,0,,,,26.4792,90.75,8.5333,6.4,977.6458,-6.0567,0.5044,
2021-09-13,,0,,,,27.6667,87.9167,6.2625,7.8,977.8083,-5.6047,-2.364,
2021-09-14,,0,,,,27.9625,83.5417,9.8375,0.3,979.8625,-7.0768,-6.5157,
2021-09-15,,0,,,,28.4375,76.5833,10.55,0.0,980.975,-8.8493,-1.2181,
2021-09-16,27.774,4,5.796,33.158,21.588,27.9542,77.2917,13.275,4.1,979.1667,-4.9245,-7.2636,
2021-09-17,21.744,4,7.197,31.5,15.875,26.8083,75.5,15.8958,1.5,978.5792,-10.5449,-9.4929,
2021-09-18,29.579,4,4.676,34.925,24.913,27.3875,80.125,12.5875,0.1,980.8042,-11.8653,-2.4709,
2021-09-19,32.485,4,5.335,40.0,28.587,28.15,80.75,9.4875,0.3,982.4917,-8.2639,3.2456,
2021-09-20,33.847,4,5.633,39.773,28.9,28.325,81.0833,7.7,0.7,981.6167,-6.1368,4.0997,
2021-09-21,32.236,5,6.254,42.818,27.295,28.0167,82.9583,8.5417,1.7,980.7542,-6.8969,4.6004,
2021-09-22,27.07,5,3.677,33.132,24.111,26.45,90.0,10.2417,17.3,980.5833,-7.959,3.838,
2021-09-23,,0,,,,26.6708,88.5417,9.6417,6.4,982.0417,-8.5056,0.4913,
2021-09-24,,0,,,,26.975,84.75,8.5542,2.1,982.9,-7.7998,-2.6233,
2021-09-25,35.165,5,10.593,47.682,19.609,27.2083,85.6667,6.95,2.1,981.7458,-5.5593,-2.8526,
2021-09-26,35.298,5,7.269,45.5,26.7,26.8292,85.2917,9.3083,1.5,981.4792,-9.173,-0.8887,
2021-09-27,54.085,5,6.396,64.0,46.125,28.15,81.0417,5.7333,0.2,981.8833,-5.1702,-1.7188,
2021-09-28,48.289,4,2.609,51.348,45.37,28.1625,81.7083,10.275,1.7,982.5833,-9.9509,-0.3107,
2021-09-29,31.093,5,4.256,37.114,27.438,28.1792,79.8333,11.7917,0.2,983.6958,-11.3528,2.4041,
2021-09-30,34.795,5,6.1,45.684,31.556,28.2583,81.7917,6.4708,0.7,984.9375,-5.6176,2.2269,
2021-10-01,,0,,,,28.6042,82.125,3.7958,0.2,984.475,0.4932,0.4765,
2021-10-02,,0,,,,28.9542,76.875,7.5667,0.2,983.075,6.8346,-1.5608,
2021-10-03,,0,,,,29.1042,73.9583,10.1417,0.0,981.275,9.4913,-0.7846,
2021-10-04,,0,,,,28.9542,70.25,7.2,0.1,981.0625,4.9895,1.937,
2021-10-05,,0,,,,28.4042,76.7917,5.0708,2.3,983.6833,-2.7795,-0.49,
2021-10-06,,0,,,,28.4083,75.4167,5.8458,0.1,983.8417,2.4851,-3.653,
2021-10-07,,0,,,,27.2875,71.25,8.3833,0.0,982.4667,6.585,-3.6119,
2021-10-08,,0,,,,27.9042,66.0833,8.6667,0.0,981.3458,6.6201,-1.7062,
2021-10-09,,0,,,,28.5333,61.5833,8.5208,0.0,981.675,6.5466,-0.6212,
2021-10-10,,0,,,,28.3042,62.8333,7.0958,0.0,982.0208,4.0001,1.8739,
2021-10-11,,0,,,,28.0,60.5417,7.45,0.0,981.6833,1.9454,2.999,
2021-10-12,,0,,,,27.8708,57.6667,7.5167,0.0,982.0,3.2187,-0.7089,
2021-10-13,,0,,,,26.45,54.25,10.7625,0.0,982.7958,8.2924,-6.6414,
2021-10-14,77.591,5,5.721,82.619,70.875,25.275,54.0,11.1,0.0,982.6667,9.3146,-5.4484,
2021-10-15,95.477,5,10.901,107.458,80.568,25.8542,53.3333,9.5042,0.0,980.6625,7.634,-4.9428,
2021-10-16,171.092,5,6.52,178.833,161.75,27.0417,62.25,6.5208,0.0,980.8625,-1.9331,-2.4578,
2021-10-17,105.41,5,40.226,134.25,42.094,26.3875,76.75,10.7083,3.3,982.2583,-9.5404,-2.2241,
2021-10-18,14.416,5,4.577,20.409,8.5,22.4708,92.9583,10.3958,27.4,980.9333,-3.9261,-7.8111,
2021-10-19,57.82,5,3.885,62.579,54.292,23.8125,79.7083,12.65,0.0,982.8042,10.2033,-6.2018,
2021-10-20,106.171,5,8.438,118.5,98.896,24.3875,69.7917,10.5167,0.0,985.85,9.7816,-1.2377,
2021-10-21,73.582,4,11.604,86.087,59.042,23.3458,60.875,13.3875,0.0,985.4917,13.0974,-0.2557,
2021-10-22,58.59,5,10.996,74.5,47.174,23.8958,61.4583,13.3542,0.0,985.75,10.4801,0.6083,
2021-10-23,68.784,5,10.095,85.354,58.5,23.9417,64.7917,7.7875,0.0,987.3833,-0.634,6.4242,
2021-10-24,73.212,5,11.868,89.708,57.854,22.8583,70.0833,8.9125,0.2,989.125,-3.6151,4.3137,
2021-10-25,41.427,4,11.041,51.5,26.938,22.0292,77.7917,6.8958,0.0,989.6125,2.0401,-5.587,
2021-10-26,78.48,4,12.291,94.952,67.182,20.9208,70.7917,9.8333,0.0,988.7083,7.203,-5.3184,
2021-10-27,116.484,5,9.986,130.9,106.913,20.9583,63.625,10.2083,0.0,990.35,7.7028,-5.6892,
2021-10-28,132.458,4,7.424,141.479,125.042,20.6417,64.25,10.0583,0.0,990.4333,7.9567,-5.3125,
2021-10-29,139.356,5,11.744,158.042,127.708,21.0292,62.875,7.1958,0.0,991.8625,4.3412,-4.7852,
2021-10-30,126.38,5,8.515,135.318,116.0,21.4125,56.4583,11.6333,0.0,991.3583,9.6244,-5.1911,
2021-10-31,141.197,5,23.784,181.261,117.906,22.2125,51.1667,10.3292,0.0,989.1167,8.8944,-0.5429,
2021-11-01,140.365,5,22.395,176.208,120.167,22.1292,53.6667,8.0875,0.0,988.5292,-4.3978,5.3533,
2021-11-02,140.993,5,20.588,175.354,122.854,21.5417,65.4167,10.4625,0.0,990.0417,-6.466,7.6905,
2021-11-03,175.667,3,47.647,229.457,138.761,21.725,61.7083,7.5292,0.0,989.8208,-0.8673,6.7391,
2021-11-04,341.451,4,29.939,382.771,311.405,21.2167,64.25,6.0667,0.0,988.9417,1.9532,-0.6051,
2021-11-05,441.752,4,17.299,457.868,420.344,20.6583,62.875,8.0542,0.0,988.9083,6.3839,-4.0315,
2021-11-06,342.94,5,5.549,347.833,335.771,20.9333,56.5833,11.9833,0.0,987.2333,10.6626,-3.6229,
2021-11-07,288.662,5,48.408,351.955,240.917,21.225,59.6667,10.8625,0.0,987.0917,9.9308,-2.5631,
2021-11-08,280.874,5,34.324,331.739,253.792,21.0417,60.25,9.55,0.0,988.775,8.4497,-3.6926,
2021-11-09,290.416,5,49.603,369.042,245.304,20.9625,59.6667,9.7208,0.0,989.5667,7.7964,-4.0556,
2021-11-10,245.247,4,26.417,279.348,214.857,20.7625,60.5,8.5458,0.0,988.8792,7.5117,-1.9727,
2021-11-11,327.156,4,33.428,375.5,298.542,20.3917,60.5833,7.6375,0.0,988.4167,6.4055,-3.5058,
2021-11-12,439.954,4,28.785,467.188,399.292,20.1875,60.5417,8.7125,0.0,988.7292,6.793,-4.6931,
2021-11-13,290.438,3,32.696,322.452,257.1,19.4333,57.5,8.3333,0.0,988.7667,6.9512,-3.4325,
2021-11-14,193.769,4,34.028,239.891,157.955,18.6125,54.0417,7.1792,0.0,987.8292,6.5427,-1.8309,
2021-11-15,221.976,4,32.826,262.174,192.458,18.4958,52.9167,8.2167,0.0,987.1292,6.5131,-3.5064,
2021-11-16,278.536,5,33.318,314.333,247.952,17.8833,57.125,7.5208,0.0,988.0958,6.4521,-2.8369,
2021-11-17,229.2,5,28.477,264.083,196.396,17.775,64.5,6.4125,0.0,990.1125,0.8473,-2.3824,
2021-11-18,227.565,5,29.429,267.771,185.146,19.0958,65.5833,3.2833,0.0,989.025,0.5392,-1.3478,
2021-11-19,253.189,5,26.306,286.458,218.84,18.7042,63.875,6.4125,0.0,986.5958,4.8517,-3.1552,
2021-11-20,243.253,5,27.514,273.065,210.958,19.3042,58.125,6.1542,0.0,986.9417,5.3387,-1.8171,
2021-11-21,203.921,4,19.388,221.381,178.304,18.9833,57.75,10.1458,0.0,988.4125,8.3803,-5.1764,
2021-11-22,134.239,5,12.413,154.875,121.324,18.7917,51.25,15.775,0.0,988.1917,14.7746,-5.2193,
2021-11-23,163.922,5,21.271,186.1,130.158,18.2833,55.25,12.4167,0.0,987.0208,12.2092,-0.5102,
2021-11-24,241.207,5,34.158,290.529,205.438,18.6625,57.7917,6.6333,0.0,988.3833,-3.036,1.6074,
2021-11-25,280.046,5,47.407,352.271,229.417,17.9083,70.4167,6.7208,0.0,989.6,-3.1086,5.161,
2021-11-26,295.461,5,49.302,372.848,248.417,18.4583,68.875,6.25,0.0,989.4792,-1.3452,2.4616,
2021-11-27,271.933,5,56.695,361.891,229.125,18.7792,72.1667,7.9167,0.0,990.5542,-6.2001,3.8887,
2021-11-28,280.779,5,38.041,336.152,235.167,18.9042,74.0417,7.2125,0.0,992.1958,-5.2019,-0.585,
2021-11-29,232.651,5,19.496,255.455,212.043,18.1333,63.875,9.8292,0.0,992.4708,8.1685,-4.8103,
2021-11-30,189.733,5,17.491,205.727,163.021,18.0375,64.8333,11.5375,0.0,991.7,10.3538,-4.6615,
2021-12-01,263.5,5,38.768,306.048,227.854,17.1458,72.5,6.2958,0.0,991.9625,3.4027,-5.0135,
2021-12-02,280.133,5,12.326,297.326,268.159,16.4417,80.7917,7.225,3.9,992.0792,6.3839,-3.1604,
2021-12-03,212.489,4,22.942,241.068,185.091,17.2125,79.75,6.375,0.0,992.2,5.5798,-2.2289,
2021-12-04,178.316,5,29.937,223.562,140.771,17.4292,72.75,7.2417,0.0,990.9625,6.3442,-1.1706,
2021-12-05,187.963,5,45.308,247.729,132.587,19.0667,69.7083,5.7625,0.5,991.1708,-2.037,1.8764,
2021-12-06,143.931,5,22.385,167.688,112.043,18.2,78.75,7.7208,1.6,991.5083,3.4761,-6.4491,
2021-12-07,100.389,4,23.835,121.382,74.395,16.6917,71.5,10.9875,0.0,992.4458,8.6362,-6.6129,
2021-12-08,113.145,4,15.316,133.222,96.917,15.5458,68.2083,9.6042,0.0,992.2875,8.9697,-2.9493,
2021-12-09,161.866,5,24.025,202.13,141.348,15.1458,69.5833,6.6,0.0,994.4708,5.8573,-2.5932,
2021-12-10,153.017,5,20.839,178.479,127.188,15.4083,67.625,9.1042,0.0,994.5625,8.5079,-2.5152,
2021-12-11,123.788,4,17.051,139.375,100.896,14.6125,65.4167,9.9625,0.0,993.5208,9.6768,-0.5738,
2021-12-12,163.583,5,31.466,185.559,109.312,14.5375,65.5,5.1875,0.0,993.9917,2.713,1.0577,
2021-12-13,208.062,5,45.807,278.667,157.333,14.5917,66.0417,4.1,0.0,992.8542,-0.7531,1.445,
2021-12-14,235.677,5,40.872,285.636,187.761,14.8792,70.9167,6.35,0.0,992.0792,-4.8907,-1.4311,
2021-12-15,195.732,4,25.691,221.75,161.619,13.9875,66.875,8.3875,0.0,992.4292,2.8822,-7.4581,
2021-12-16,224.972,5,21.129,248.457,194.104,13.5708,69.625,8.9542,0.0,993.1958,2.7378,-6.8579,
2021-12-17,165.733,4,20.958,192.844,147.818,12.3208,57.4583,14.2167,0.0,995.0583,9.9241,-9.8479,
2021-12-18,,0,,,,11.1875,64.625,16.2458,0.0,994.9208,14.2359,-7.3534,
2021-12-19,150.316,5,10.36,160.333,134.043,11.0708,62.5417,14.0292,0.0,994.4625,12.8431,-5.4511,
2021-12-20,,0,,,,11.5875,67.25,9.6667,0.0,993.4042,8.5748,-3.7327,
2021-12-21,,0,,,,12.1375,70.7083,7.2875,0.0,991.9167,5.3846,-4.1186,
2021-12-22,,0,,,,13.325,66.8333,6.3958,0.0,989.7375,2.5236,-2.7549,
2021-12-23,,0,,,,14.1833,72.2917,7.4333,0.0,988.9875,-4.7643,4.304,
2021-12-24,,0,,,,14.5417,75.125,7.2667,0.0,988.85,-5.6627,4.1108,
2021-12-25,,0,,,,15.4875,71.9583,4.9917,0.0,990.8583,-3.1466,0.0201,
2021-12-26,,0,,,,15.025,79.75,7.5333,4.6,992.6375,-5.7297,0.8925,
2021-12-27,,0,,,,14.8667,72.0833,6.9375,3.2,993.9167,-4.062,-3.4086,
2021-12-28,,0,,,,13.9458,77.7083,5.4542,1.7,993.0208,-2.3117,-3.6977,
2021-12-29,,0,,,,13.0167,72.4583,7.2583,0.0,993.7167,5.2617,-4.0588,
2021-12-30,,0,,,,10.7208,66.5833,8.5458,0.0,997.6167,3.7264,-7.4135,
2021-12-31,,0,,,,10.5042,70.6667,7.975,0.0,997.4583,6.9694,-3.1125,
2022-01-01,,0,,,,10.9708,75.8333,7.7125,0.0,996.2542,7.1184,-1.936,
2022-01-02,,0,,,,11.9042,77.0417,7.3292,0.0,994.9083,6.5141,-3.0834,
2022-01-03,,0,,,,12.6208,74.75,8.1292,0.0,993.0875,7.7084,-1.9905,
2022-01-04,,0,,,,14.5208,71.0417,6.625,0.2,992.3375,3.2053,-1.0257,
2022-01-05,280.503,3,63.541,353.05,234.737,13.3667,86.25,10.75,9.6,991.1417,-7.1841,4.8517,
2022-01-06,,0,,,,14.5917,82.9583,11.9792,0.9,991.2333,-8.2032,7.8632,
2022-01-07,,0,,,,15.6417,85.5,14.25,1.9,990.7625,-10.2136,9.1377,
2022-01-08,,0,,,,15.3792,90.5417,15.3208,16.2,990.2,-11.9454,7.7956,
2022-01-09,,0,,,,14.0792,89.4583,7.7,3.6,989.7625,6.0709,-3.1583,
2022-01-10,,0,,,,11.4958,82.0417,8.5542,0.0,992.2583,6.7071,-4.4069,
2022-01-11,,0,,,,11.5083,79.0417,9.4667,0.0,992.375,7.7605,-4.7531,
2022-01-12,,0,,,,11.3417,80.2917,8.3167,0.0,991.8333,7.8588,-1.1853,
2022-01-13,,0,,,,12.3,75.375,4.2042,0.0,992.15,1.4125,-0.3787,
2022-01-14,,0,,,,10.7625,81.25,5.6625,0.0,992.725,2.9393,-3.8431,
2022-01-15,,0,,,,9.975,86.6667,6.7792,0.0,994.2083,4.4713,-4.5029,
2022-01-16,172.873,3,40.107,205.72,128.176,10.1917,85.8333,6.125,0.0,995.025,4.9483,-1.8646,
2022-01-17,,0,,,,9.7667,85.4583,4.2083,0.0,995.65,2.448,-1.0249,
2022-01-18,240.625,3,53.209,301.47,202.816,9.5833,88.5,8.2625,0.0,993.4542,7.4667,-2.061,
2022-01-19,,0,,,,11.0625,88.6667,6.2417,0.7,990.5417,3.2464,-2.21,
2022-01-20,,0,,,,13.1458,85.2917,5.4583,0.9,986.5792,-2.7878,2.3003,
2022-01-21,,0,,,,12.2625,85.2083,6.7542,0.0,986.4333,-4.6625,3.5484,
2022-01-22,,0,,,,13.2208,84.6667,19.7042,22.8,982.2458,-16.8257,9.6007,
2022-01-23,,0,,,,12.7583,86.2083,8.2167,3.5,984.6125,-0.7952,2.038,
2022-01-24,,0,,,,10.7292,82.9583,8.3458,0.6,988.3875,5.5341,-4.1756,
2022-01-25,,0,,,,10.2833,80.1667,8.6083,0.0,989.3208,7.7442,-3.1208,
2022-01-26,,0,,,,10.7,81.4167,10.1125,0.0,990.3083,8.8149,-3.138,
2022-01-27,,0,,,,11.5542,73.3333,13.1708,0.0,991.575,11.989,-3.7998,
2022-01-28,,0,,,,11.5917,71.1667,13.7875,0.0,991.4333,13.2195,-2.9661,
2022-01-29,,0,,,,12.3792,72.8333,9.2417,0.0,991.3583,8.5819,-1.9304,
2022-01-30,155.514,4,43.794,219.24,119.261,13.6958,71.6667,14.6917,0.0,987.1417,13.8898,-4.1296,
2022-01-31,,0,,,,13.6792,79.9167,5.45,0.0,986.4583,-1.7041,1.6122,
2022-02-01,,0,,,,13.9667,84.75,8.75,0.0,986.0583,4.5141,-2.5129,
2022-02-02,185.227,3,29.439,216.02,157.361,14.25,77.875,10.3833,0.0,985.8833,2.467,2.1396,
2022-02-03,,0,,,,12.7333,85.0833,19.4333,16.6,981.9833,-16.3587,6.3414,
2022-02-04,,0,,,,11.5583,83.75,13.2208,0.2,984.4833,9.4743,-6.681,
2022-02-05,,0,,,,10.9042,83.5,6.5917,0.0,988.6542,1.9275,-5.3223,
2022-02-06,,0,,,,13.6917,74.625,5.8208,0.0,990.6167,-0.5472,0.5753,
2022-02-07,,0,,,,15.2167,77.8333,7.7458,0.0,989.6833,-3.1455,5.9602,
2022-02-08,,0,,,,16.1,81.375,5.2792,1.4,988.1083,-3.8241,2.0795,
2022-02-09,,0,,,,14.3958,82.875,8.5333,3.6,989.8333,-5.8638,-4.7806,
2022-02-10,,0,,,,13.7792,74.7917,10.7125,0.0,992.2292,8.5275,-4.0866,
2022-02-11,,0,,,,14.2583,64.5833,15.5958,0.0,990.9,14.6855,-4.9205,
2022-02-12,,0,,,,14.3458,67.4583,12.8667,0.0,989.4917,12.2298,-3.2093,
2022-02-13,,0,,,,14.775,70.1667,6.9417,0.0,988.2417,1.1654,-0.3963,
2022-02-14,,0,,,,15.5667,69.9583,7.8458,0.0,988.25,-1.9345,2.5833,
2022-02-15,,0,,,,16.5542,65.2917,6.6125,0.0,988.2875,1.4333,0.1037,
2022-02-16,,0,,,,16.1792,69.4167,8.025,0.0,986.2708,6.1982,-4.3238,
2022-02-17,,0,,,,17.3708,63.5833,8.3083,0.0,986.0333,3.2779,-4.6096,
2022-02-18,,0,,,,17.3542,60.6667,7.8208,0.0,987.3,4.7337,-5.1387,
2022-02-19,,0,,,,16.5958,61.25,11.9417,0.0,988.5875,9.6296,-6.2625,
2022-02-20,,0,,,,17.225,57.2917,16.0,0.0,983.6792,14.6733,-5.5282,
2022-02-21,,0,,,,17.575,53.5417,9.0833,0.0,983.3167,6.742,-0.7932,
2022-02-22,,0,,,,18.6125,55.6667,20.7208,0.0,985.125,-17.48,10.8941,
2022-02-23,,0,,,,18.6583,67.5833,14.2042,0.0,988.9,-12.0387,5.6674,
2022-02-24,,0,,,,18.2458,72.0,7.0167,0.0,990.5542,1.8258,-4.9935,
2022-02-25,,0,,,,18.6208,68.2917,8.0875,0.0,991.0833,-6.7425,0.9703,
2022-02-26,,0,,,,17.8083,69.1667,17.6,1.5,991.6667,-16.8687,0.452,
2022-02-27,,0,,,,17.1375,63.7083,10.525,0.0,993.025,1.7494,-8.4379,
2022-02-28,,0,,,,16.4125,62.6667,12.0875,0.0,991.5208,9.9178,-6.6109,
2022-03-01,,0,,,,17.1167,64.5417,8.4667,0.0,991.6,6.373,-4.6073,
2022-03-02,,0,,,,18.4792,62.0417,6.3833,0.0,991.3417,5.0096,-3.1206,
2022-03-03,,0,,,,19.5,63.3333,6.2958,1.6,990.2417,-0.472,-2.2683,
2022-03-04,,0,,,,18.8625,69.75,13.6375,0.0,991.1875,10.6767,-8.1957,
2022-03-05,,0,,,,18.9458,65.2917,14.9792,0.0,989.55,13.2846,-6.071,
2022-03-06,,0,,,,19.6208,62.9583,7.5583,0.0,988.45,3.8147,0.0207,
2022-03-07,,0,,,,20.9542,59.9583,7.0792,0.0,989.825,-4.4696,0.7583,
2022-03-08,,0,,,,21.5,56.375,9.8542,0.0,989.0958,5.6719,-6.8427,
2022-03-09,,0,,,,22.1208,51.0417,10.9875,0.0,988.1208,8.9218,-5.8224,
2022-03-10,,0,,,,22.2208,51.0,12.3292,0.0,988.15,10.1374,-6.4687,
2022-03-11,,0,,,,22.0042,57.375,12.7708,0.0,988.1125,11.2382,-4.8744,
2022-03-12,,0,,,,22.2708,53.8333,11.975,0.0,986.8167,10.7888,-4.5318,
2022-03-13,,0,,,,23.525,59.0417,11.1292,0.0,986.3958,8.7567,-4.1277,
2022-03-14,,0,,,,24.2708,64.4583,8.2958,0.0,985.9708,6.495,-4.098,
2022-03-15,,0,,,,26.1208,63.8333,9.8917,0.0,983.4625,8.6039,-3.4357,
2022-03-16,,0,,,,27.0208,58.2917,15.65,0.0,981.2875,14.6792,-4.5132,
2022-03-17,,0,,,,26.5417,64.0833,7.7958,0.0,982.0875,0.5598,-3.7955,
2022-03-18,,0,,,,27.375,65.625,9.0958,0.0,983.1875,-6.4649,5.6207,
2022-03-19,,0,,,,27.7917,60.1667,7.1292,0.0,981.2583,-1.9359,4.5509,
2022-03-20,,0,,,,28.1208,48.1667,9.4292,0.0,979.6625,0.4717,4.3832,
2022-03-21,,0,,,,27.8583,44.6667,10.0792,0.0,982.0583,5.9089,-6.1493,
2022-03-22,,0,,,,27.85,43.0,17.3042,0.0,982.9125,14.3601,-8.7684,
2022-03-23,,0,,,,27.5417,38.4167,9.9167,0.0,982.5792,7.2285,-0.8972,
2022-03-24,,0,,,,27.4208,36.9167,12.0,0.0,980.925,8.2753,-1.0874,
2022-03-25,,0,,,,26.8667,31.3333,12.5083,0.0,982.45,10.3724,-6.2482,
2022-03-26,86.128,6,16.033,110.5,62.833,27.1792,29.9583,17.5,0.0,984.2333,15.9388,-6.3034,
2022-03-27,,0,,,,28.0208,27.5,14.4542,0.0,983.9833,13.3376,-3.7894,
2022-03-28,118.632,6,29.929,149.431,80.458,28.9542,27.9167,9.1458,0.0,983.0542,7.521,-3.4385,
2022-03-29,128.488,6,38.291,164.91,76.391,29.1,26.7083,11.6542,0.0,981.1083,10.537,-3.0633,
2022-03-30,144.93,6,45.62,197.364,94.739,29.3792,28.375,7.4083,0.0,981.225,2.1113,-1.9927,
2022-03-31,158.365,5,15.072,168.52,132.261,29.475,38.375,8.2958,0.0,981.8417,-3.1464,2.1149,
2022-04-01,73.329,5,11.006,88.05,60.909,28.9167,26.1667,13.875,0.0,982.5375,12.0872,-4.9315,
2022-04-02,118.049,5,24.443,147.958,90.609,28.9125,23.5,8.6292,0.0,983.8,4.1547,0.1429,
2022-04-03,112.136,4,18.078,128.056,93.19,30.1208,18.875,9.9375,0.0,983.0958,3.2234,0.2062,
2022-04-04,115.086,6,24.16,138.273,80.25,29.1417,18.2083,12.8,0.0,982.9333,11.6767,-1.9104,
2022-04-05,109.486,6,18.784,127.25,85.042,29.4667,20.2917,10.7458,0.0,985.8375,9.3016,-4.2475,
2022-04-06,124.625,6,27.518,153.042,91.875,30.2667,19.2917,12.15,0.0,985.7,10.3545,-4.3662,
2022-04-07,142.139,6,31.695,185.348,98.739,31.0542,18.25,11.2333,0.0,984.9042,9.3075,-3.9786,
2022-04-08,121.678,6,35.444,161.0,72.211,32.1083,15.7083,11.1417,0.0,982.3833,7.8352,-3.8598,
2022-04-09,120.468,6,38.085,174.738,75.947,32.925,15.875,10.4,0.0,980.7625,8.2611,-1.9243,
2022-04-10,,0,,,,33.2875,15.5,15.1292,0.0,980.0958,13.0925,-4.8201,
2022-04-11,118.193,6,26.798,150.75,75.875,32.9708,17.8333,10.9542,0.0,979.4375,10.3678,-0.2649,
2022-04-12,96.157,6,26.715,141.17,68.333,32.375,20.125,10.0375,0.0,979.4208,6.6483,1.7808,
2022-04-13,122.493,6,24.866,160.67,94.5,32.4958,19.7083,10.25,0.0,978.9625,7.1557,2.6922,
2022-04-14,79.061,6,13.458,97.04,59.875,31.8292,18.4167,13.4167,0.0,978.5917,11.4695,-4.3071,
2022-04-15,69.785,6,11.728,87.24,52.917,31.1458,20.375,10.5542,0.0,978.4667,1.8497,-2.2043,
2022-04-16,108.161,6,15.876,127.833,89.684,31.7208,18.5,8.4542,0.0,978.2208,1.8867,-1.7535,
2022-04-17,,0,,,,32.0583,19.375,9.3042,0.0,979.1375,0.0746,0.4183,
2022-04-18,,0,,,,32.6833,21.2083,8.1167,0.0,980.9208,0.4873,-1.6943,
2022-04-19,143.647,5,26.321,184.82,115.958,34.0958,17.1667,15.125,0.0,982.6167,14.4285,-3.4656,
2022-04-20,98.672,6,10.706,116.667,87.583,33.9708,17.0417,15.775,0.0,981.3667,14.1667,-5.359,
2022-04-21,120.153,4,16.918,131.773,95.136,31.5042,23.0,13.3208,0.0,982.1792,7.4847,-4.2529,
2022-04-22,77.025,4,34.135,127.05,50.167,30.9333,28.2083,10.1875,0.0,983.2417,4.0131,-2.1125,
2022-04-23,124.066,6,29.429,151.737,83.708,31.6292,19.625,9.7167,0.0,983.25,6.6474,-5.9159,
2022-04-24,,0,,,,32.0958,18.6667,15.9,0.0,981.5208,13.7106,-6.9195,
2022-04-25,98.342,4,17.655,122.94,85.474,32.9917,19.7083,13.0417,0.0,980.3458,12.1176,-3.2041,
2022-04-26,89.377,4,17.356,110.88,70.609,33.0208,20.0,12.1417,0.0,980.6583,9.2854,-5.6082,
2022-04-27,,0,,,,33.2333,16.7917,10.9708,0.0,980.3167,9.9614,-3.5962,
2022-04-28,170.449,5,44.525,246.059,131.522,34.9417,16.25,10.7625,0.0,980.1375,9.8776,-1.9194,
2022-04-29,165.696,4,42.132,216.144,113.65,35.8708,13.625,14.725,0.0,979.7292,13.6532,-4.3294,
2022-04-30,136.562,6,39.862,183.692,84.25,35.7833,13.7917,12.0875,0.0,976.9625,10.3117,-1.0836,
2022-05-01,97.459,3,12.579,107.625,83.391,32.9958,31.0,15.4833,0.0,976.3333,-12.0675,4.2771,
2022-05-02,,0,,,,32.5917,37.2083,15.2458,0.0,976.7333,-12.7351,4.6695,
2022-05-03,,0,,,,32.8583,42.0833,11.275,0.1,979.2208,-7.5705,1.7756,
2022-05-04,,0,,,,31.0583,47.0,10.95,0.2,981.5625,-5.4251,-0.9067,
2022-05-05,70.61,5,9.918,88.11,63.897,30.6375,46.5,7.8417,0.0,981.625,2.033,-4.1567,
2022-05-06,,0,,,,32.2833,33.0417,7.0958,0.0,981.1958,3.6879,0.5055,
2022-05-07,87.386,5,23.641,116.118,64.565,32.7917,29.8333,8.2167,0.0,980.8167,-0.4812,-4.0193,
2022-05-08,,0,,,,33.0792,33.8333,11.9667,0.0,979.1667,-2.9761,3.7082,
2022-05-09,65.519,6,5.475,74.675,60.95,33.3667,44.25,14.6667,0.0,979.0417,-12.5318,5.6455,
2022-05-10,59.206,5,1.215,60.636,57.609,33.45,45.4167,11.8458,0.0,979.1667,-10.4844,4.7753,
2022-05-11,56.547,5,2.2,60.19,54.667,34.0875,43.9583,11.6417,0.0,977.4833,-6.4244,1.6555,
2022-05-12,63.215,5,3.401,67.75,58.609,35.1458,41.4583,12.7542,0.0,976.0458,-4.167,3.1972,
2022-05-13,67.89,4,7.572,78.85,61.55,34.9958,41.7083,13.0375,0.0,973.4125,-1.0655,-0.4065,
2022-05-14,106.042,5,17.755,128.684,89.957,35.95,26.375,9.8667,0.0,973.6167,7.3179,-0.9989,
2022-05-15,102.523,5,35.888,145.778,70.826,37.6958,15.125,12.5792,0.0,974.7,8.2481,-1.9156,
2022-05-16,78.5,4,15.791,99.47,65.158,36.4292,22.3333,16.0583,0.0,975.1542,8.8738,-0.88,
2022-05-17,71.972,4,20.654,99.14,55.75,32.9708,41.6667,10.3042,0.4,976.2583,-7.0077,-2.3902,
2022-05-18,70.242,4,12.589,85.625,59.565,34.8333,32.1667,8.5875,0.0,977.4583,-3.8519,0.1563,
2022-05-19,80.082,4,9.482,90.65,67.696,35.5125,28.75,9.0917,0.0,977.1125,2.1871,0.0419,
2022-05-20,97.184,4,20.213,115.562,74.909,36.8208,21.8333,12.0708,0.0,974.2,4.8804,1.2757,
2022-05-21,71.586,4,20.081,90.28,50.95,35.1042,28.0417,12.7833,0.0,972.4958,5.3391,3.8313,
2022-05-22,64.917,4,12.642,79.095,49.0,33.4208,32.5,9.1083,0.0,971.1625,-1.5938,1.199,
2022-05-23,32.682,3,9.347,39.83,22.105,26.2625,64.9167,21.3333,25.5,974.4333,-16.5115,7.0703,
2022-05-24,31.644,4,5.011,38.45,27.105,26.9083,64.2917,11.4333,0.0,979.4417,-6.9484,3.7286,
2022-05-25,76.35,4,12.819,91.58,61.368,28.175,60.5417,6.35,0.0,980.6792,0.475,-4.5706,
2022-05-26,99.815,6,20.489,123.01,77.714,29.5875,54.0833,6.9583,0.0,978.6667,-1.6676,-1.6109,
2022-05-27,95.45,3,2.706,98.0,92.611,31.3792,49.0833,10.3292,0.0,975.7875,4.3434,4.1484,
2022-05-28,,0,,,,32.8833,49.1667,8.1708,1.2,973.9,1.8919,2.4612,
2022-05-29,76.878,4,20.884,97.048,57.333,33.0292,48.2083,11.3125,0.0,974.2042,0.806,0.3966,
2022-05-30,65.367,5,14.393,85.278,51.625,32.8542,47.5833,10.6167,0.2,975.3667,-1.7981,5.727,
2022-05-31,95.433,5,15.611,123.13,85.952,32.7417,40.0,9.725,0.0,975.4708,4.3964,-0.2953,
2022-06-01,109.399,5,23.325,135.61,77.7,33.6292,33.6667,10.8333,0.0,976.3208,8.9758,-0.8057,
2022-06-02,80.675,4,26.6,105.79,49.95,34.1417,27.2917,12.0,0.0,975.7125,10.5712,-1.7872,
2022-06-03,98.538,3,23.83,125.65,80.913,34.9333,22.1667,10.9042,0.0,974.9583,9.7448,-2.2219,
2022-06-04,87.232,3,26.182,111.39,59.412,35.4833,19.625,8.5917,0.0,975.2042,5.899,0.674,
2022-06-05,,0,,,,35.8208,19.0,13.2625,0.0,975.6292,12.2491,0.0203,
2022-06-06,57.387,4,13.807,74.75,45.667,35.3917,17.7917,11.9333,0.0,974.8958,9.1719,2.233,
2022-06-07,,0,,,,36.3792,21.1667,15.2167,0.0,974.325,14.429,-0.8726,
2022-06-08,,0,,,,36.8083,19.125,19.4958,0.0,974.1875,18.7303,1.009,
2022-06-09,,0,,,,36.7375,22.4583,14.675,0.0,973.2917,13.3578,1.8932,
2022-06-10,,0,,,,36.9417,21.5833,18.3625,0.0,974.0708,17.4806,0.6554,
2022-06-11,,0,,,,37.225,20.4583,19.2708,0.0,974.3417,18.7582,-2.7124,
2022-06-12,,0,,,,36.6667,23.0833,15.05,0.0,975.5042,14.1633,-2.707,
2022-06-13,,0,,,,37.3458,25.625,19.2583,0.0,977.0542,16.4802,-1.274,
2022-06-14,,0,,,,34.7333,38.8333,22.8917,0.0,976.9,22.3311,-3.0342,
2022-06-15,,0,,,,35.7625,39.4583,20.1042,0.0,975.1417,18.8251,1.3518,
2022-06-16,,0,,,,34.25,44.1667,12.0833,0.7,976.025,6.5354,2.483,
2022-06-17,,0,,,,29.9167,64.0833,9.6,11.6,976.75,3.8831,2.0324,
2022-06-18,,0,,,,29.7375,64.7083,8.4208,0.9,977.5208,0.2425,-3.704,
2022-06-19,,0,,,,26.6333,81.625,9.75,9.9,977.175,8.5548,2.3194,
2022-06-20,,0,,,,27.5667,73.2917,5.8167,0.1,975.2542,3.2078,1.5386,
2022-06-21,,0,,,,27.9333,72.0417,6.1042,9.3,974.7375,-1.9462,3.5939,
2022-06-22,,0,,,,29.55,64.9167,7.5875,13.0,978.9875,-0.3591,-2.5368,
2022-06-23,,0,,,,31.1458,52.375,13.125,0.0,979.8458,9.4691,-8.6834,
2022-06-24,,0,,,,30.9292,45.3333,11.8083,0.0,977.3792,9.8461,-5.4742,
2022-06-25,,0,,,,32.475,39.8333,6.2833,0.0,975.05,-0.8233,-1.0237,
2022-06-26,,0,,,,33.6292,51.375,13.8292,0.0,976.0583,-12.3324,5.0513,
2022-06-27,,0,,,,34.2958,53.6667,12.35,0.0,976.9208,-11.3736,4.4924,
2022-06-28,,0,,,,34.2667,55.9167,11.1667,0.9,974.3,-3.866,1.2007,
2022-06-29,,0,,,,33.9667,57.9583,14.1083,0.0,971.8083,-7.6137,0.7395,
2022-06-30,,0,,,,28.6417,79.3333,8.9708,1.4,974.5083,-7.293,0.492,
2022-07-01,,0,,,,28.1208,81.2917,5.3917,1.0,975.0667,-4.2648,-0.5859,
2022-07-02,,0,,,,29.9292,74.0417,8.95,2.3,973.7458,-6.9829,4.5046,
2022-07-03,,0,,,,29.2,80.875,9.3292,4.5,974.9167,-7.7589,4.5332,
2022-07-04,,0,,,,30.7333,75.4167,4.4667,15.5,974.4333,-2.8814,1.1082,
2022-07-05,,0,,,,32.0,69.9583,10.2792,0.2,974.2042,-9.4413,1.8371,
2022-07-06,,0,,,,30.7833,75.1667,13.2167,4.0,977.1958,-12.4155,2.8294,
2022-07-07,,0,,,,31.575,69.6667,12.3667,0.5,978.8375,-12.0863,-0.0652,
2022-07-08,,0,,,,32.6583,63.25,11.1667,0.1,976.2625,-10.6803,1.483,
2022-07-09,,0,,,,31.05,69.2917,12.4208,1.2,974.6417,-11.0135,2.9217,
2022-07-10,,0,,,,29.5583,76.6667,7.3125,7.5,976.1167,-3.7903,-0.6628,
2022-07-11,,0,,,,31.2333,71.375,5.0042,0.1,976.5833,-1.0776,-2.3902,
2022-07-12,,0,,,,31.2125,71.4167,7.1417,2.7,975.8917,-6.4469,-0.4222,
2022-07-13,,0,,,,30.9542,74.2083,8.3875,0.2,974.025,-6.0905,-1.1503,
2022-07-14,,0,,,,29.95,76.4583,11.25,10.6,973.9792,-8.4035,-3.7283,
2022-07-15,,0,,,,31.4375,67.5,15.6167,2.6,975.4833,-14.494,-1.0113,
2022-07-16,,0,,,,29.6458,75.125,9.2708,20.5,976.5792,-8.1571,1.8166,
2022-07-17,,0,,,,29.6542,80.125,9.2083,10.3,978.2375,-8.3184,0.1063,
2022-07-18,,0,,,,30.975,75.7083,6.025,3.2,976.9708,-2.6662,-1.7764,
2022-07-19,,0,,,,31.0625,75.1667,7.2083,1.7,975.85,-1.9094,-0.1457,
2022-07-20,,0,,,,28.9375,83.5,9.9333,26.9,975.6625,8.2059,0.6349,
2022-07-21,,0,,,,27.7875,83.7083,4.5875,16.5,977.9708,-0.8828,0.3332,
2022-07-22,,0,,,,27.8042,85.8333,6.9042,5.0,979.2625,-6.0477,-1.4373,
2022-07-23,,0,,,,27.7458,85.4167,13.475,15.4,977.9417,-13.0543,1.72,
2022-07-24,,0,,,,28.9542,80.75,15.15,7.8,977.5792,-14.1294,4.8167,
2022-07-25,,0,,,,28.6917,78.7083,15.7167,9.9,979.7667,-14.4507,5.5344,
2022-07-26,,0,,,,28.1833,79.25,14.375,2.8,980.8542,-13.1873,5.18,
2022-07-27,,0,,,,28.3042,81.0,12.8417,4.9,980.6542,-10.9859,6.1556,
2022-07-28,,0,,,,27.625,85.7917,5.6667,21.8,981.625,-0.0565,3.7813,
2022-07-29,,0,,,,27.3083,87.125,6.875,16.9,980.9458,5.8936,0.9546,
2022-07-30,,0,,,,27.6958,85.7917,5.5667,4.9,979.0875,2.9344,1.036,
2022-07-31,,0,,,,28.4042,81.125,6.775,1.0,976.7042,3.474,3.0414,
2022-08-01,,0,,,,27.8417,83.625,6.6083,10.0,976.9458,4.4948,0.2033,
2022-08-02,,0,,,,29.35,77.625,9.3875,0.3,976.4625,7.6909,-2.2427,
2022-08-03,,0,,,,29.0958,80.25,7.4625,0.6,977.9292,2.0191,0.153,
2022-08-04,,0,,,,28.1083,85.375,8.0667,1.7,978.6125,-7.3258,1.9384,43.595
2022-08-05,,0,,,,27.6417,85.875,8.2667,5.7,977.2083,-7.228,2.5559,43.929
2022-08-06,,0,,,,28.6833,83.3333,3.8667,1.9,975.2375,-0.5517,0.6548,73.746
2022-08-07,,0,,,,27.775,85.4167,7.7083,18.6,975.2792,-6.1611,2.3092,42.171
2022-08-08,,0,,,,29.0708,80.3333,5.8833,0.2,975.0125,-5.5222,0.1742,52.733
2022-08-09,,0,,,,30.3667,76.6667,9.7125,0.4,974.775,-9.489,-0.5331,59.837
2022-08-10,,0,,,,30.8875,71.875,10.5958,0.4,973.2375,-10.1284,1.8652,46.542
2022-08-11,,0,,,,27.8042,81.6667,17.2583,3.8,975.4792,-15.1689,-4.9063,27.417
2022-08-12,,0,,,,29.3208,72.4583,15.7792,0.2,975.3333,-15.0794,-0.1547,31.613
2022-08-13,,0,,,,29.4375,75.25,13.4083,0.8,975.1625,-10.5788,5.4104,32.675
2022-08-14,,0,,,,27.9208,85.375,7.2833,5.5,977.7333,1.3347,0.045,53.271
2022-08-15,,0,,,,27.9042,82.1667,11.1708,1.6,978.9167,-8.9871,-3.0736,37.062
2022-08-16,,0,,,,27.4083,79.4167,22.2792,8.4,977.4167,-21.3598,3.3021,24.05
2022-08-17,,0,,,,28.3458,75.3333,16.3958,0.3,978.5125,-11.091,11.2403,26.371
2022-08-18,,0,,,,29.2375,72.5833,9.1,0.8,977.7375,6.0175,5.0289,41.363
2022-08-19,,0,,,,29.9542,70.6667,12.7958,0.5,977.6417,11.4043,-2.5392,24.05
2022-08-20,,0,,,,27.7917,80.9583,6.5792,6.8,978.9208,0.5576,-2.2019,34.808
2022-08-21,,0,,,,29.3917,76.4583,6.7458,0.3,977.0708,4.2804,-2.6889,43.446
2022-08-22,,0,,,,29.1875,76.625,9.8958,6.5,975.2542,-5.4205,-3.729,41.442
2022-08-23,,0,,,,29.3333,71.0833,22.5583,1.2,976.6958,-20.4513,6.3568,26.108
2022-08-24,,0,,,,28.3667,75.9167,13.0125,0.7,980.7833,-10.1218,7.4038,30.742
2022-08-25,,0,,,,29.1083,73.2917,4.9875,0.5,980.1708,-0.5716,3.8162,57.775
2022-08-26,,0,,,,30.1917,65.25,10.8875,0.5,979.4958,10.1121,-2.373,52.983
2022-08-27,,0,,,,30.6583,60.875,16.4292,1.2,978.675,15.5786,-4.0226,36.829
2022-08-28,,0,,,,31.0042,55.4583,15.3667,0.1,979.1708,14.7269,0.1687,37.796
2022-08-29,,0,,,,30.1458,60.9167,8.2125,0.6,982.9333,3.9982,-0.2105,57.221
2022-08-30,,0,,,,30.5542,67.5417,5.7917,0.0,983.3667,1.2451,2.3569,84.525
2022-08-31,,0,,,,31.3875,61.3333,9.3208,0.2,980.7875,8.7462,-0.1095,53.354
2022-09-01,,0,,,,31.85,60.2917,8.775,0.5,980.7208,6.8391,0.4658,65.683
2022-09-02,,0,,,,31.8792,57.7917,6.8125,0.0,981.8958,4.3299,0.4871,71.021
2022-09-03,,0,,,,32.0417,51.4167,12.5875,0.0,979.45,11.9421,-1.8114,51.596
2022-09-04,,0,,,,32.0833,51.25,15.2542,0.0,978.325,14.8367,2.3433,39.55
2022-09-05,,0,,,,31.4542,52.7917,9.425,0.0,980.0542,8.6254,1.3755,43.592
2022-09-06,,0,,,,31.7292,52.5,7.0625,0.0,981.2542,6.0161,-2.4842,91.471
2022-09-07,,0,,,,31.9875,52.5417,7.4292,0.0,982.9792,3.0874,-6.0703,79.783
2022-09-08,,0,,,,31.8333,53.25,6.475,0.0,983.7292,-3.7724,-3.2295,87.371
2022-09-09,,0,,,,31.5667,62.7083,8.0167,0.2,983.3208,-7.1247,2.5891,101.104
2022-09-10,,0,,,,30.1792,68.9583,9.3542,3.1,982.4875,-8.257,2.2423,64.938
2022-09-11,,0,,,,29.6958,68.0417,10.1042,3.7,980.4583,-9.0048,-0.2044,46.192
2022-09-12,,0,,,,30.2542,64.25,10.5958,1.0,978.65,-10.1161,-0.3797,51.442
2022-09-13,,0,,,,29.4917,67.0417,17.35,1.6,979.3208,-16.7053,-0.0903,28.779
2022-09-14,,0,,,,27.5167,76.5833,19.3,6.1,979.8625,-18.1931,-4.855,22.933
2022-09-15,,0,,,,26.1208,85.5417,14.5083,9.2,978.1667,-12.2438,-7.0614,27.229
2022-09-16,,0,,,,26.1792,83.625,9.8958,13.4,975.775,0.3328,-7.377,45.483
2022-09-17,,0,,,,27.4625,78.2917,9.6375,0.8,977.8458,2.9732,-0.0552,61.479
2022-09-18,,0,,,,28.0167,78.6667,6.95,0.4,980.8542,-1.0154,-3.0335,80.192
2022-09-19,,0,,,,28.5417,74.5,6.6708,0.0,981.2167,0.1965,-2.624,94.846
2022-09-20,,0,,,,27.1917,84.0417,5.3333,2.4,981.1375,-3.9553,-0.1335,87.013
2022-09-21,,0,,,,27.3875,83.9167,5.5125,1.7,981.0042,-3.7898,-2.1776,82.983
2022-09-22,,0,,,,25.0708,92.2917,10.6542,33.9,980.175,-6.2569,-6.2648,58.271
2022-09-23,27.942,4,4.091,33.38,23.45,24.7,93.8333,12.3083,48.2,979.3917,-11.7468,-2.21,34.275
2022-09-24,21.128,4,5.605,28.72,16.353,24.6625,93.75,15.9458,41.5,977.9417,-13.6057,3.8261,27.667
2022-09-25,21.099,5,4.681,27.11,15.278,26.3042,83.9167,10.025,0.9,980.5,4.1542,3.3238,39.829
2022-09-26,47.466,3,15.72,61.59,30.529,26.725,83.2083,7.6292,0.1,984.0417,4.8458,-4.6558,55.175
2022-09-27,43.256,4,9.798,57.39,35.529,26.6583,79.0417,7.9625,0.0,982.7708,6.6725,-4.0692,66.558
2022-09-28,58.113,4,22.725,90.35,38.0,27.2375,76.0833,6.9083,0.2,981.7083,5.1544,-3.6736,88.392
2022-09-29,77.721,3,17.271,97.47,65.444,27.1625,76.5,8.3458,0.0,981.7417,6.1801,-4.6203,91.046
2022-09-30,88.67,3,16.03,107.01,77.333,27.3292,75.5833,7.9458,0.0,982.1042,4.5522,-4.6879,89.171
2022-10-01,80.841,5,24.889,108.54,40.556,27.975,72.0833,7.7208,0.0,981.2125,3.5741,-4.0215,94.271
2022-10-02,65.892,6,18.017,94.53,38.522,28.0083,66.1667,8.6,0.0,981.6208,6.7569,-3.3471,97.629
2022-10-03,41.755,4,14.672,63.29,31.059,27.7417,60.7083,14.5833,0.0,982.3833,11.6203,-8.0608,53.067
2022-10-04,67.03,3,17.789,87.57,56.625,27.6958,66.5417,9.7792,0.0,983.8625,2.0235,-7.1143,66.767
2022-10-05,92.876,3,25.857,112.89,63.682,27.1208,76.8333,7.3125,0.1,983.6292,-6.0436,-0.2885,119.875
2022-10-06,,0,,,,26.3833,74.8333,10.1917,0.0,984.0708,-10.0505,-0.0089,32.271
2022-10-07,20.98,3,2.955,24.01,18.105,24.5708,82.25,11.9792,1.1,985.1333,-11.2205,-2.1898,23.45
2022-10-08,20.615,3,9.411,26.176,9.75,22.4917,94.8333,13.7458,37.2,985.6917,-13.3258,-1.4433,25.738
2022-10-09,,0,,,,22.6458,92.625,11.9125,47.1,984.65,-9.5119,-5.0054,20.758
2022-10-10,15.332,4,5.142,19.51,7.882,23.4583,88.3333,8.7708,1.6,985.925,-7.4941,-2.1427,36.608
2022-10-11,34.254,4,8.399,43.85,24.167,23.4625,87.4167,5.9708,2.7,985.3667,0.4421,1.2249,34.862
2022-10-12,,0,,,,23.7833,82.6667,6.6625,0.0,986.4375,3.6174,-4.7716,57.271
2022-10-13,53.55,3,19.445,72.01,33.25,23.8458,72.2917,9.0042,0.0,987.4875,7.0949,-4.8196,61.446
2022-10-14,69.547,3,23.363,88.48,43.438,23.7208,68.4167,9.2042,0.0,987.3208,7.3889,-5.0039,62.104
2022-10-15,87.897,3,36.543,120.23,48.25,23.9208,68.625,7.7542,0.0,986.55,5.9974,-2.5655,95.046
2022-10-16,104.131,5,37.717,163.98,60.632,24.1667,69.2917,6.0958,0.0,988.8042,4.4376,-2.6639,134.938
2022-10-17,,0,,,,24.2542,63.125,7.8458,0.0,988.8833,7.5109,0.6112,112.125
2022-10-18,,0,,,,24.2708,60.3333,7.3958,0.0,987.2917,4.2005,2.2693,109.6
2022-10-19,,0,,,,23.7708,66.2917,7.3542,0.0,987.1,0.9236,2.5672,118.554
2022-10-20,,0,,,,23.575,64.0,6.3167,1.1,988.6292,-0.3777,3.5959,84.625
2022-10-21,,0,,,,24.0083,65.0417,5.5833,0.0,990.7667,3.1105,1.4216,107.05
2022-10-22,,0,,,,22.775,67.0833,8.5875,0.0,991.7625,6.5503,-4.09,137.054
2022-10-23,,0,,,,22.025,63.1667,6.8667,0.0,990.7167,5.4382,-3.8148,112.133
2022-10-24,,0,,,,22.2542,60.875,9.8083,0.0,986.3208,7.3758,-5.8861,75.471
2022-10-25,,0,,,,22.1042,56.375,11.6583,0.0,984.5458,9.8945,-4.2619,72.925
2022-10-26,,0,,,,23.1,62.25,6.4375,0.0,988.0625,2.3002,0.0529,134.504
2022-10-27,,0,,,,24.0292,61.1667,5.2083,0.0,988.3333,2.0869,-0.0642,157.463
2022-10-28,,0,,,,23.225,65.5417,5.725,0.0,988.2583,0.6616,-0.4413,199.625
2022-10-29,,0,,,,23.4292,63.4167,4.7958,0.0,989.2375,3.0674,-0.7415,173.333
2022-10-30,,0,,,,22.9833,62.5833,7.2792,0.0,989.5417,6.5496,-1.3691,166.8
2022-10-31,,0,,,,23.2125,63.2083,5.4583,0.0,989.4083,2.2126,0.7031,169.975
2022-11-01,,0,,,,23.3792,67.7917,7.2542,0.0,989.5375,-0.2816,5.9787,210.971
2022-11-02,,0,,,,23.1667,70.125,8.9833,0.0,987.8833,4.6094,-2.5697,147.696
2022-11-03,,0,,,,23.4792,66.3333,10.1833,0.0,987.1917,8.6019,-3.3212,94.029
2022-11-04,,0,,,,24.8167,64.875,4.6583,0.0,988.625,-1.2262,-0.2551,157.588
2022-11-05,,0,,,,23.9333,77.0833,9.4083,0.0,990.4958,-8.2197,4.039,137.846
2022-11-06,,0,,,,23.4625,77.9167,7.4917,0.0,990.85,-3.6775,5.8256,144.012
2022-11-07,,0,,,,23.3667,71.7083,6.2458,0.6,990.025,-0.3297,-1.1387,148.425
2022-11-08,,0,,,,21.8458,74.875,6.5292,6.9,990.6208,1.1276,-0.5675,118.533
2022-11-09,,0,,,,22.0833,70.1667,3.85,0.1,990.8458,1.1726,-0.7675,133.217
2022-11-10,,0,,,,21.1167,74.2083,7.3667,0.0,991.9042,3.3288,-3.8128,147.546
2022-11-11,,0,,,,20.1208,64.5,11.5583,0.0,992.0917,10.2891,-4.3168,78.096
2022-11-12,,0,,,,19.9708,58.9583,13.2833,0.0,991.4625,11.8532,-5.2093,76.038
2022-11-13,,0,,,,19.9667,62.9167,10.6958,0.0,990.0375,9.391,-2.3385,80.417
2022-11-14,,0,,,,20.9292,61.7917,8.125,0.0,990.5958,-2.785,1.4112,111.929
2022-11-15,,0,,,,20.3083,65.9583,6.8083,0.0,990.5125,1.8168,-4.5315,79.129
2022-11-16,,0,,,,19.425,60.2917,10.3792,0.0,989.5917,7.9219,-6.5472,69.567
2022-11-17,,0,,,,18.0917,60.5,12.5375,0.0,989.4667,11.4919,-4.4871,73.004
2022-11-18,,0,,,,17.3375,57.4583,9.6167,0.0,990.5792,7.3736,-4.3725,83.537
2022-11-19,,0,,,,17.7042,58.5417,7.3917,0.0,991.2167,4.6249,-4.6972,106.883
2022-11-20,,0,,,,17.4833,62.3333,9.2167,0.0,989.6333,7.6319,-4.3621,70.204
2022-11-21,,0,,,,18.0625,58.4583,11.7958,0.0,988.7792,10.523,-4.7472,58.083
2022-11-22,,0,,,,17.9083,55.25,10.825,0.0,988.8042,10.0803,-3.4573,54.796
2022-11-23,,0,,,,17.6208,50.5417,12.1167,0.0,989.1042,11.4419,-2.9402,58.988
2022-11-24,,0,,,,17.2583,54.0,11.1667,0.0,989.0208,10.5457,-1.7921,82.8
2022-11-25,,0,,,,17.3542,57.0417,7.625,0.0,991.2208,5.7083,-4.0717,141.254
2022-11-26,,0,,,,17.2625,56.7917,10.4792,0.0,988.2083,9.7506,-3.6523,78.7
2022-11-27,,0,,,,16.8792,65.25,7.6125,0.0,986.3792,6.983,-1.5872,93.787
2022-11-28,,0,,,,17.4208,63.2917,5.2375,0.0,988.0042,4.4379,-1.5494,114.254
2022-11-29,,0,,,,16.7958,67.9167,7.0875,0.0,989.9667,5.879,-0.9451,126.75
2022-11-30,,0,,,,16.8167,71.125,7.15,0.0,991.0875,6.5845,-1.6655,111.7
2022-12-01,,0,,,,16.4833,73.9167,8.1042,0.0,989.9583,7.6856,-1.0219,118.167
2022-12-02,,0,,,,16.7542,73.625,5.4708,0.0,988.9792,4.7302,0.4921,199.037
2022-12-03,,0,,,,17.075,72.7083,4.8833,0.0,989.7,3.7077,1.0122,238.075
2022-12-04,,0,,,,16.5083,73.9583,8.2958,0.0,990.3208,7.541,-1.1915,198.254
2022-12-05,,0,,,,15.5458,73.6667,6.775,0.0,991.9958,6.4039,-1.4299,134.542
2022-12-06,,0,,,,16.0417,68.625,13.3208,0.0,990.925,12.6241,-3.7442,69.763
2022-12-07,,0,,,,16.3667,68.25,15.5042,0.0,990.0,14.6408,-4.1655,65.2
2022-12-08,,0,,,,15.975,73.125,11.2542,0.0,990.55,9.1129,-4.8943,81.6
2022-12-09,,0,,,,16.3167,75.7917,7.9792,0.0,989.4625,6.3089,-1.6935,109.25
2022-12-10,,0,,,,16.9417,71.1667,8.6875,0.0,989.7,6.5893,-5.0497,92.296
2022-12-11,,0,,,,17.3125,68.9167,9.8292,0.0,990.175,8.3571,-4.9426,62.192
2022-12-12,,0,,,,16.9,61.5,11.1667,0.0,989.5083,9.8407,-5.1353,46.962
2022-12-13,,0,,,,16.8292,52.7917,15.2042,0.0,990.8125,13.4291,-6.8583,33.042
2022-12-14,,0,,,,15.6792,54.8333,14.6917,0.0,990.725,13.5084,-5.4235,0.621
2022-12-15,,0,,,,14.6375,56.4583,12.725,0.0,989.6375,12.1057,-2.6824,0.658
2022-12-16,,0,,,,14.0375,65.6667,10.2333,0.0,988.6042,10.0544,0.2246,61.208
2022-12-17,,0,,,,14.0875,69.3333,8.0083,0.0,990.2,7.4419,0.3074,96.188
2022-12-18,,0,,,,14.3042,75.875,7.0292,0.0,990.6375,5.9152,-2.3233,163.121
2022-12-19,,0,,,,14.175,79.375,7.8542,0.0,989.2958,6.5015,-3.2781,152.654
2022-12-20,,0,,,,13.6375,76.8333,7.9083,0.0,988.5583,7.0869,-2.511,109.454
2022-12-21,,0,,,,13.0708,78.7917,8.1583,0.0,989.9417,3.5267,-7.0271,111.163
2022-12-22,,0,,,,12.9625,79.3333,8.0917,0.0,989.6208,4.3631,-6.5036,95.783
2022-12-23,,0,,,,12.2625,81.5833,7.1833,0.0,989.0792,1.0126,-6.668,102.6
2022-12-24,,0,,,,12.475,74.7083,10.9292,0.0,990.65,7.7988,-7.2669,69.813
2022-12-25,,0,,,,10.9583,81.125,11.325,0.0,991.4208,10.3426,-4.4266,81.904
2022-12-26,,0,,,,11.125,83.5417,8.6,0.0,993.1,6.9995,-4.6282,105.167
2022-12-27,,0,,,,11.9083,78.875,13.5875,0.0,992.6375,12.5977,-4.8312,93.758
2022-12-28,,0,,,,13.1042,72.125,15.9333,0.0,992.2292,15.496,-3.3972,76.921
2022-12-29,,0,,,,14.1292,73.9583,8.3875,0.0,993.0292,3.1886,-0.7707,109.842
2022-12-30,,0,,,,14.9208,74.4583,8.4792,0.0,993.6417,-4.3206,3.957,163.304
2022-12-31,,0,,,,13.0958,81.4583,12.575,0.0,994.0625,11.7808,-4.0971,87.742
2023-01-01,170.028,4,21.677,202.056,154.521,12.4792,78.5417,5.9667,0.0,994.9542,5.1448,-0.4962,114.488
2023-01-02,256.087,4,21.044,281.052,233.222,12.2708,77.7083,4.9667,0.0,995.8042,2.6906,-2.8633,192.954
2023-01-03,267.628,4,6.037,271.059,258.608,10.6625,85.375,6.6083,0.0,996.7292,3.8703,-4.031,144.233
2023-01-04,216.212,4,28.987,247.573,189.441,9.6958,87.5417,8.4625,0.0,997.0875,5.8114,-5.6041,105.521
2023-01-05,258.536,4,48.517,320.472,209.684,8.9167,89.2083,8.1042,0.0,997.9833,6.2345,-3.887,152.9
2023-01-06,305.185,4,36.224,350.156,261.677,8.325,87.4583,6.7125,0.0,998.6,4.7499,-3.9488,156.358
2023-01-07,268.435,4,42.473,322.152,231.531,8.25,87.4167,9.0792,0.0,996.6125,7.8201,-4.0348,139.275
2023-01-08,300.891,4,47.497,344.51,255.788,10.1208,87.7083,9.7042,0.0,993.9208,7.7943,-3.8837,157.213
2023-01-09,438.402,4,71.181,505.677,376.618,11.0833,88.4583,5.375,0.0,994.6625,4.2227,-2.2974,214.054
2023-01-10,266.023,4,43.416,302.094,207.5,11.5542,89.25,8.9333,0.0,993.6917,8.0213,-3.4216,132.912
2023-01-11,214.251,4,48.513,283.286,171.219,12.1792,85.9583,7.3542,0.0,989.5292,0.2031,-0.5366,139.742
2023-01-12,221.9,4,18.975,242.528,197.177,14.4708,80.875,12.7667,0.1,987.4583,-9.56,6.2812,97.671
2023-01-13,231.74,4,13.096,248.885,218.292,13.95,87.1667,9.5583,18.2,988.2167,-5.748,0.0888,103.204
2023-01-14,167.078,4,16.249,190.25,152.875,12.1208,75.6667,13.3833,0.0,991.4,11.741,-6.2685,98.483
2023-01-15,113.03,4,15.19,134.865,101.948,9.4167,65.5833,12.65,0.0,990.3458,11.5269,-4.8915,57.546
2023-01-16,167.251,4,33.098,216.688,147.448,9.0333,63.5,9.3875,0.0,991.375,7.5004,-4.723,70.446
2023-01-17,186.567,4,29.824,228.823,159.958,9.0,64.1667,10.1458,0.0,991.8917,8.7837,-4.2367,66.742
2023-01-18,251.595,4,36.039,303.854,222.26,9.2125,65.0833,8.5792,0.0,993.5792,7.5933,-3.2776,92.921
2023-01-19,228.021,4,35.88,264.042,196.76,12.225,63.75,7.2167,0.3,993.7792,2.7563,-4.554,113.904
2023-01-20,98.584,4,7.137,109.188,94.236,14.0625,70.0833,10.475,0.0,992.1125,0.8595,-10.0458,64.496
2023-01-21,241.171,4,2.923,244.385,237.302,13.2667,79.1667,5.5542,0.0,991.525,2.953,-4.0999,113.183
2023-01-22,294.64,4,12.459,311.5,284.028,14.15,71.2917,8.4625,0.0,990.6292,-1.8771,-7.9046,146.192
2023-01-23,186.931,4,23.037,211.292,155.714,15.5042,63.8333,6.5208,0.0,990.1708,-1.7649,-2.7872,144.296
2023-01-24,100.258,4,13.308,110.941,83.094,16.9083,81.7917,11.9583,11.3,989.0792,-7.4204,7.5476,144.588
2023-01-25,120.211,4,9.151,130.412,108.542,16.4667,83.4583,6.0708,1.0,990.5917,1.7176,-1.5658,109.225
2023-01-26,160.781,4,5.331,168.562,156.698,14.3542,76.8333,12.7125,0.0,993.0333,9.8455,-7.8855,87.254
2023-01-27,103.13,4,5.726,111.476,98.562,12.1417,68.2083,14.6208,0.0,992.9375,13.032,-6.4674,68.354
2023-01-28,141.01,4,6.408,148.049,133.062,12.5583,68.4583,11.4917,0.0,989.8875,10.6589,-3.0175,97.729
2023-01-29,221.124,4,47.484,288.656,180.167,12.8458,84.2917,9.275,4.2,989.1958,-6.9713,3.5375,128.804
2023-01-30,93.838,4,9.31,105.662,83.014,13.1917,87.0417,8.5083,10.2,992.5333,-5.8102,1.3026,94.2
2023-01-31,96.924,4,8.766,108.885,88.028,14.1208,83.5833,14.4333,0.0,993.5417,12.6231,-6.5101,68.621
2023-02-01,94.467,4,2.454,96.458,90.986,13.7417,75.3333,16.3375,0.0,992.4625,15.2268,-5.737,54.062
2023-02-02,98.228,4,3.67,101.875,94.427,14.7458,64.9167,15.7792,0.0,991.1292,14.4709,-6.1937,52.875
2023-02-03,123.234,4,13.542,138.906,107.271,15.0083,68.75,11.925,0.0,991.0333,11.1586,-3.1588,61.467
2023-02-04,138.755,4,20.679,153.0,108.354,15.9125,65.9583,13.4792,0.0,988.6542,12.8768,-2.822,63.383
2023-02-05,126.426,4,6.522,135.438,121.122,16.9958,63.4167,9.675,0.0,987.5417,9.1578,-1.2247,64.812
2023-02-06,162.013,4,25.321,182.604,125.719,17.5958,70.25,7.7625,0.0,986.6958,-2.5001,6.0709,136.221
2023-02-07,135.398,4,14.768,155.927,121.438,17.0875,69.8333,12.6875,0.0,986.575,10.9301,-4.5302,79.817
2023-02-08,80.535,4,5.868,85.458,73.219,15.6792,55.5,11.175,0.0,988.7833,10.1524,-3.683,44.108
2023-02-09,96.077,4,6.865,102.403,88.333,17.3708,62.5417,9.8958,0.0,987.2875,1.9725,4.1296,69.883
2023-02-10,100.727,4,11.307,114.5,87.774,18.5958,71.5,9.65,0.0,986.3458,-5.9145,7.4837,64.021
2023-02-11,155.425,4,8.214,167.347,148.542,18.8875,62.6667,8.85,0.0,988.5208,4.8324,-3.9062,96.921
2023-02-12,54.265,4,1.309,55.458,52.781,15.7917,47.25,15.1083,0.0,992.5042,11.4666,-8.4552,46.892
2023-02-13,45.578,4,2.926,47.719,41.417,15.0167,35.125,22.1083,0.0,990.7958,20.3616,-8.3594,27.387
2023-02-14,68.556,4,9.598,82.802,62.417,16.7958,43.9583,14.4792,0.0,990.6042,12.4882,-6.6518,43.367
2023-02-15,97.981,4,5.338,105.844,94.021,18.3292,54.5833,14.9875,0.0,988.0583,13.8938,-5.3757,60.104
2023-02-16,189.742,4,19.307,216.938,171.448,18.3042,70.5417,7.7708,0.0,989.6292,5.6428,-4.8612,120.158
2023-02-17,273.049,4,19.668,290.76,248.594,19.6042,76.5417,5.8542,0.0,990.9417,0.4236,-3.0289,163.85
2023-02-18,245.793,4,10.553,260.26,235.931,19.0625,77.6667,7.3375,0.0,990.1958,5.7915,-3.1287,182.213
2023-02-19,201.834,4,6.106,208.531,193.771,21.0042,70.2917,5.6042,0.0,989.1708,-0.4711,-0.8365,176.317
2023-02-20,158.286,4,17.496,175.417,136.333,22.3667,64.9583,7.2417,0.0,986.4917,-3.3047,5.6852,125.521
2023-02-21,130.59,4,4.399,134.635,126.0,21.9542,57.7083,9.2875,0.0,985.8083,2.5687,0.2418,76.021
2023-02-22,156.051,4,10.126,165.75,143.361,20.5458,62.5833,8.0583,0.0,987.6583,4.443,-6.0769,66.633
2023-02-23,88.57,4,3.687,92.083,83.479,19.9875,53.0417,12.1542,0.0,987.9458,10.7153,-4.7245,40.367
2023-02-24,84.073,4,1.774,86.542,82.51,19.8333,51.0833,10.625,0.0,989.675,9.9147,-2.9498,56.592
2023-02-25,132.88,4,3.945,135.865,127.417,20.9917,53.75,7.3667,0.0,991.3708,4.9572,-2.0331,88.433
2023-02-26,149.414,4,13.313,167.708,135.958,22.3708,50.7083,7.3083,0.0,992.9875,1.5487,-0.4253,84.271
2023-02-27,134.095,4,16.826,157.75,120.052,22.2583,52.6667,8.8292,0.0,992.5958,4.2244,-5.6432,70.463
2023-02-28,102.706,4,11.904,118.319,90.583,21.6708,49.5417,7.9583,0.0,992.5917,1.9087,-6.3572,73.1
2023-03-01,84.931,4,9.874,96.198,72.174,21.8667,49.4583,10.1125,0.0,993.8042,-3.0332,-9.0003,60.0
2023-03-02,100.239,4,5.505,105.417,94.521,22.0833,54.9167,9.8417,0.0,993.7833,6.5928,-5.9623,48.479
2023-03-03,68.709,4,1.24,69.75,66.931,22.6667,55.8333,11.3625,0.0,994.1833,9.4936,-4.9565,38.392
2023-03-04,56.111,4,2.398,58.354,52.99,22.4417,54.2917,11.5292,0.0,994.3917,8.3209,-7.5767,37.458
2023-03-05,61.654,4,6.505,69.781,53.854,22.3875,53.2083,12.5458,0.0,993.325,10.0935,-6.6439,39.479
2023-03-06,74.707,4,3.063,77.747,70.99,21.6917,49.75,11.3583,0.0,991.1125,8.9971,-5.5992,42.875
2023-03-07,99.205,4,7.142,107.125,92.611,21.8083,48.2917,8.6958,0.0,990.7958,7.5693,-1.0587,66.592
2023-03-08,132.914,4,19.092,161.497,122.128,21.3167,53.875,8.275,0.2,991.8042,5.3275,-0.7672,89.646
2023-03-09,60.13,4,3.616,64.583,56.51,21.025,61.9167,8.8958,0.5,991.8542,5.4666,1.4736,65.979
2023-03-10,109.552,4,13.152,120.958,91.5,22.3708,57.875,9.2667,0.0,990.9833,8.6051,-2.0601,72.775
2023-03-11,114.286,4,11.658,131.052,105.052,23.2083,51.4167,8.1167,0.0,990.6375,7.2895,-2.0968,102.846
2023-03-12,104.292,4,16.63,127.667,88.583,24.3333,49.0833,7.7167,0.0,989.9125,3.9495,-2.9634,94.717
2023-03-13,125.443,4,28.267,163.854,101.594,24.3167,49.375,8.3667,0.0,988.6208,4.4772,-4.7129,93.529
2023-03-14,110.273,4,3.956,113.844,104.74,24.2708,48.5,10.0375,0.0,985.8333,8.1772,-3.5359,59.375
2023-03-15,116.839,4,33.79,164.788,86.583,24.8042,43.4167,7.0792,0.0,984.8875,2.326,-3.4972,93.492
2023-03-16,112.594,4,8.452,120.375,100.667,24.5542,42.5,10.4,0.1,985.6375,-0.8405,5.5001,80.604
2023-03-17,106.728,4,4.454,110.946,101.25,22.8875,54.9167,6.45,1.7,987.2667,-1.6043,0.8551,70.083
2023-03-18,82.602,4,15.853,104.76,67.094,20.4375,74.7083,8.0458,0.3,986.4167,-5.4438,-2.9007,98.704
2023-03-19,100.204,4,11.116,108.656,83.906,19.8625,82.5,6.6458,0.7,984.4917,-4.6836,1.9453,106.696
2023-03-20,68.736,4,25.77,103.052,42.875,18.7292,86.9167,7.2083,24.3,983.3792,-2.8357,-0.3558,86.913
2023-03-21,55.085,4,10.09,68.851,45.986,18.3,83.5417,7.1125,3.2,984.4125,-3.3877,-2.2847,56.196
2023-03-22,94.652,4,7.981,101.771,83.698,19.5542,74.5833,5.9083,0.0,985.825,2.3499,-0.4465,81.3
2023-03-23,96.97,4,25.624,121.91,64.438,21.4792,64.7917,9.0958,0.0,984.6083,8.0162,-3.6119,60.875
2023-03-24,102.171,4,19.314,127.635,81.656,21.6,68.4167,9.0458,15.8,984.55,-3.2849,2.3129,69.013
2023-03-25,46.707,4,4.003,52.128,42.531,21.1958,77.875,9.5875,1.1,987.0542,-5.9152,0.1597,65.7
2023-03-26,75.494,4,18.444,102.59,62.625,21.7792,61.5833,9.7417,0.0,986.6833,2.9294,-8.1445,43.65
2023-03-27,71.78,4,7.213,82.108,66.448,20.8125,61.5833,10.6208,0.0,985.9583,8.9285,-4.0412,44.9
2023-03-28,75.687,4,7.713,81.771,65.365,21.7875,60.8333,9.5667,0.0,985.5917,6.1178,-5.0476,56.875
2023-03-29,100.055,4,17.711,124.083,83.896,23.3292,54.9583,8.0917,0.2,986.075,-0.4575,-0.1106,78.587
2023-03-30,81.183,4,13.706,99.188,65.917,21.7875,69.9167,9.5792,5.7,984.5417,0.7688,-3.5532,79.333
2023-03-31,37.502,4,4.456,43.49,33.565,19.6083,82.5833,5.8083,9.4,984.1667,-1.5316,0.5435,47.717
2023-04-01,53.421,4,4.15,58.854,49.906,20.1208,79.375,5.4292,0.9,984.9083,-0.853,-0.4742,73.825
2023-04-02,79.843,4,10.497,93.226,69.531,22.2333,69.2917,8.4958,0.0,983.9042,3.4024,-2.6386,102.712
2023-04-03,98.13,4,30.627,143.615,76.896,23.3042,60.6667,8.175,0.0,982.475,-1.1933,-2.9281,58.329
2023-04-04,59.073,4,12.12,71.462,45.917,22.2583,60.9167,9.8375,0.2,984.6792,4.1648,-6.6544,39.888
2023-04-05,69.257,4,13.619,87.271,58.115,22.9708,50.3333,10.2458,0.0,985.3917,7.1787,-6.3036,35.692
2023-04-06,49.83,4,12.24,67.521,40.208,23.9083,40.5417,11.9583,0.0,987.3958,6.6937,-8.6668,30.2
2023-04-07,57.26,4,6.983,65.104,49.99,24.3,37.0417,11.8792,0.0,989.175,9.0279,-6.6129,29.362
2023-04-08,85.289,4,8.394,96.222,76.802,24.4,33.5417,10.875,0.0,989.8042,9.4399,-2.9789,32.554
2023-04-09,137.135,4,12.538,152.083,125.906,26.1875,29.625,9.4583,0.0,989.6833,6.5165,-4.616,36.433
2023-04-10,112.707,4,16.878,136.823,97.427,26.4583,28.7083,8.7,0.0,987.925,6.5273,-3.6577,35.875
2023-04-11,156.095,4,7.698,163.389,145.865,27.6833,27.625,13.4167,0.0,987.1875,11.4899,-5.8583,28.329
2023-04-12,98.399,4,9.852,111.01,88.385,29.45,26.7917,15.9417,0.0,986.8208,13.9282,-3.2953,34.138
2023-04-13,120.544,4,11.046,134.208,109.052,29.5,27.5833,12.1208,0.0,985.1333,11.0408,-3.8441,34.242
2023-04-14,131.031,4,10.897,144.667,118.01,29.5625,27.0833,9.9583,0.0,984.2875,9.0127,-2.7831,38.496
2023-04-15,130.094,4,13.427,147.021,115.719,30.975,23.0833,8.25,0.0,983.6792,5.495,0.9233,53.637
2023-04-16,96.804,4,19.324,121.625,77.319,31.2917,24.9167,10.2333,0.0,982.8625,7.9229,1.2668,65.146
2023-04-17,96.848,4,27.643,132.25,72.319,32.55,24.7083,9.4167,0.0,982.6667,6.3874,-2.0305,45.383
2023-04-18,98.821,4,15.988,116.804,79.99,32.6083,23.375,12.9167,0.0,983.8,11.4764,-1.0953,52.163
2023-04-19,77.763,4,27.332,116.958,56.792,29.7875,35.5417,10.975,0.0,981.7875,3.8719,-5.5517,32.592
2023-04-20,59.092,4,13.412,70.691,42.177,28.1,44.2083,8.3167,0.0,978.7458,3.7092,1.289,40.146
2023-04-21,56.534,4,12.599,68.417,43.014,28.8375,34.25,10.2,0.0,979.7125,-1.611,-0.9402,39.542
2023-04-22,55.337,4,12.581,69.147,40.069,28.6208,25.9167,9.7375,0.0,980.6125,-1.1842,-3.8793,34.4
2023-04-23,31.636,4,8.156,43.021,24.736,26.95,27.0,11.7667,0.0,982.275,-1.0968,-3.0047,31.963
2023-04-24,73.802,4,3.39,77.417,69.698,26.0875,34.7083,10.2958,0.0,985.875,-7.4834,3.5794,44.546
2023-04-25,59.609,4,13.453,75.021,44.0,27.0875,36.5833,10.6625,0.0,987.1042,-7.4365,2.5563,55.9
2023-04-26,100.326,4,16.349,118.479,79.604,28.9542,32.2917,8.1792,0.0,983.8792,-1.7473,0.9888,73.104
2023-04-27,86.898,4,15.991,102.99,69.719,29.1,30.4583,9.6208,0.0,983.6667,-0.703,1.1827,62.875
2023-04-28,80.661,4,4.792,84.552,73.927,27.9583,36.0417,6.3583,0.0,984.4708,-0.3196,0.7538,71.321
2023-04-29,86.152,4,11.576,103.469,79.42,26.4792,48.5833,7.8083,0.6,983.5458,4.7191,-0.7716,60.829
2023-04-30,56.509,4,7.705,66.094,47.854,24.625,61.25,7.4125,1.4,982.7833,-1.9698,-4.5989,68.046
2023-05-01,49.108,4,5.818,55.214,41.594,22.125,80.3333,8.2625,5.4,982.9792,-6.997,-0.9057,55.471
2023-05-02,47.566,4,5.113,51.772,41.247,22.5417,80.9167,10.6083,5.4,984.5292,-9.3811,1.3123,41.638
2023-05-03,56.804,4,2.599,60.292,54.177,22.4667,80.6667,6.9833,6.8,985.7708,-4.4259,-0.6225,60.442
2023-05-04,79.369,4,5.025,84.833,72.688,24.2458,73.125,4.8167,0.0,985.2333,-3.9054,-0.7311,80.025
2023-05-05,96.633,4,2.487,98.01,92.906,25.95,59.0,7.9708,5.4,983.6417,2.73,0.9839,97.15
2023-05-06,133.095,4,3.446,137.167,128.847,27.4083,47.875,8.6042,0.0,981.7625,6.1145,-1.9817,53.417
2023-05-07,84.406,4,7.239,94.0,77.115,28.9667,38.9583,10.3208,0.0,980.725,0.5161,2.5067,61.121
2023-05-08,64.237,4,9.763,78.552,57.792,29.2208,40.2083,12.6625,0.0,980.1792,-8.6503,5.9795,52.275
2023-05-09,118.834,4,7.544,128.497,110.482,29.5333,33.7083,11.8292,0.0,982.5625,5.0996,-8.6986,39.108
2023-05-10,107.734,4,11.356,121.771,94.486,29.7167,22.25,13.8917,0.0,982.1792,11.422,-6.1991,31.696
2023-05-11,176.083,4,17.086,198.829,158.208,31.0292,21.5833,8.3542,0.0,982.6875,6.2902,-1.1762,64.987
2023-05-12,106.114,4,13.346,126.052,97.906,33.3,22.25,10.1292,0.0,981.3917,2.3925,0.7815,88.525
2023-05-13,119.797,4,17.422,137.906,96.01,33.2917,24.9167,10.1542,0.0,980.5958,-8.497,2.148,75.183
2023-05-14,112.68,4,17.341,129.167,95.833,32.5125,28.5,11.5792,0.0,978.0625,-0.6594,-1.3852,63.017
2023-05-15,42.27,4,8.024,54.125,37.146,33.4417,24.5417,8.7208,0.0,977.4333,3.9913,-1.4084,45.367
2023-05-16,185.581,4,58.412,269.635,141.33,32.4292,27.7083,13.8708,0.0,979.5333,12.2033,-0.545,45.871
2023-05-17,113.684,4,19.742,142.615,100.455,33.1833,25.75,13.7083,0.0,980.85,9.1777,2.4752,48.742
2023-05-18,47.893,4,10.53,62.375,38.486,31.0292,37.7917,12.3375,0.0,984.3292,6.2058,-7.7351,32.113
2023-05-19,79.773,4,16.898,97.969,63.767,31.6583,34.9583,14.3208,0.0,981.9958,12.4038,-6.0813,36.3
2023-05-20,90.029,4,12.544,106.26,79.833,32.8417,28.25,12.6125,0.0,979.8917,11.2867,-3.1844,39.113
2023-05-21,100.211,4,13.006,116.115,87.182,34.7875,21.8333,10.2792,0.0,980.025,6.3112,-2.5364,48.833
2023-05-22,74.878,4,14.329,89.344,61.01,36.0792,20.5,18.3292,0.0,980.6667,16.445,-1.5559,38.683
2023-05-23,63.091,4,13.388,82.818,53.615,35.2958,27.5,18.6958,1.0,980.8042,16.7357,-0.8874,37.362
2023-05-24,33.35,4,12.564,51.833,24.891,30.8708,46.5,10.2083,0.2,980.8417,1.9429,0.6277,43.046
2023-05-25,28.729,4,7.506,39.208,21.396,28.1792,58.3333,7.8583,0.2,980.8292,2.3422,0.1598,52.821
2023-05-26,28.768,4,4.311,34.875,24.958,28.5125,54.625,5.1375,0.0,981.5625,-3.3438,2.2301,79.087
2023-05-27,35.64,4,8.476,44.219,25.708,27.1625,63.6667,13.0,19.2,981.4083,-4.8648,-0.053,67.321
2023-05-28,68.599,4,10.667,82.958,57.198,27.4625,65.6667,7.25,0.3,982.0667,-2.9449,1.8459,67.983
2023-05-29,43.168,4,7.595,52.823,35.25,27.0958,70.5,7.7208,1.2,983.8375,-3.0249,-0.2287,73.821
2023-05-30,45.421,4,2.966,48.01,41.361,27.3,65.375,7.9875,0.1,983.8167,0.6879,-2.6959,62.046
2023-05-31,46.189,4,3.619,51.25,43.25,24.9333,73.7917,10.3458,2.9,982.7958,8.0003,-0.2626,40.842
2023-06-01,60.061,4,3.006,63.354,56.062,26.4042,65.4583,7.5667,0.4,982.2542,3.0892,-4.7626,46.567
2023-06-02,49.9,4,9.552,59.548,40.531,27.4833,56.7917,9.5875,1.3,981.6,4.4434,-6.7557,42.675
2023-06-03,67.696,4,24.361,103.552,49.361,29.2458,51.5833,7.7542,0.0,981.5125,4.7594,-5.3048,48.121
2023-06-04,91.667,4,8.881,103.271,82.0,29.2875,57.625,10.0875,1.6,981.2125,8.3707,-1.9945,46.6
2023-06-05,74.925,4,7.641,82.833,64.806,30.4208,51.6667,13.0583,0.1,979.8708,9.8171,-3.7411,52.375
2023-06-06,100.661,4,34.612,139.354,69.569,31.4125,42.75,8.8833,0.0,979.5208,7.3106,-2.9337,79.825
2023-06-07,78.551,4,25.967,116.917,59.569,32.0958,37.0417,11.0625,0.0,979.4708,8.8551,-5.2331,45.892
2023-06-08,56.264,4,9.207,69.979,50.417,32.7375,34.9583,11.0667,0.0,978.8667,7.0912,-7.4899,34.767
2023-06-09,48.678,4,9.029,56.476,37.722,34.2042,34.4167,14.7958,0.0,975.9083,13.7535,-1.5224,39.929
2023-06-10,45.135,4,9.184,55.875,37.319,34.4208,38.5417,13.5458,0.0,974.8958,10.7815,-0.6573,39.217
2023-06-11,45.268,4,12.239,60.938,31.875,33.8292,45.25,15.15,0.0,975.0083,13.5677,-3.9282,44.267
2023-06-12,58.287,4,17.172,83.885,47.333,34.9,44.2917,16.3375,0.0,974.5875,15.0311,-5.4698,41.821
2023-06-13,63.735,4,18.695,91.125,50.146,36.2583,34.8333,20.975,0.0,974.4375,20.0545,-5.1387,30.838
2023-06-14,49.106,4,12.966,67.698,38.417,35.675,36.0833,21.175,0.0,975.4458,19.7809,-5.1583,24.9
2023-06-15,43.793,4,10.436,57.833,35.812,33.2708,46.9583,17.4333,0.4,976.7875,15.5295,-5.0387,29.238
2023-06-16,45.305,4,8.574,56.885,36.708,32.2542,51.375,13.8958,1.2,976.85,13.0526,-1.5767,40.296
2023-06-17,53.882,4,8.001,62.896,44.967,32.95,53.5417,10.6167,0.3,976.6458,8.5896,4.3276,48.587
2023-06-18,37.003,4,9.849,49.083,26.889,32.0708,59.875,9.0375,4.0,976.5583,-2.4322,5.8166,43.483
2023-06-19,39.82,4,13.517,51.631,20.736,29.625,71.2083,9.0333,6.6,975.3625,-3.0362,-4.4161,41.183
2023-06-20,47.541,4,6.166,54.052,39.25,30.625,67.0417,9.15,16.6,975.3,-1.0258,-1.313,41.175
2023-06-21,43.999,4,9.679,54.656,31.962,29.3625,76.7083,7.2208,20.3,976.4125,1.267,1.5597,62.617
2023-06-22,53.256,4,13.932,68.51,36.469,31.4042,71.7083,7.7458,2.7,976.35,0.7743,3.5271,86.513
2023-06-23,61.385,4,13.802,80.969,48.632,30.8375,76.4583,8.3583,6.1,976.3,-3.243,3.7602,80.55
2023-06-24,61.729,4,14.739,81.281,49.325,30.9125,74.875,7.3417,10.7,975.5708,-5.3022,0.1082,72.021
2023-06-25,31.674,4,8.565,37.208,18.917,28.0125,86.4583,6.3375,13.6,976.7,-4.2244,-0.681,48.471
2023-06-26,61.358,4,4.605,65.479,54.989,28.0375,83.625,4.9333,5.8,977.4333,-4.4033,-0.1523,54.892
2023-06-27,46.752,4,8.129,54.826,35.889,28.6958,82.0417,7.0333,8.1,976.65,-3.9267,0.5127,60.017
2023-06-28,42.975,4,7.039,51.948,34.736,29.1333,80.875,8.3667,12.2,977.8542,-6.839,1.2452,34.846
2023-06-29,50.289,4,8.716,57.826,40.429,28.55,82.5833,9.6208,11.7,977.0292,-8.3224,-1.6108,32.063
2023-06-30,32.575,4,8.429,39.01,20.573,28.8667,80.875,8.4083,12.7,975.675,-6.0812,-2.0688,37.096
2023-07-01,32.901,4,8.751,43.542,22.448,29.1042,77.8333,10.0917,1.9,976.2875,-7.2569,-3.5912,35.958
2023-07-02,44.883,4,5.784,51.458,37.979,30.5417,73.1667,7.15,0.9,976.9583,-1.8222,-2.231,46.833
2023-07-03,63.56,4,11.696,80.51,53.719,31.0875,71.6667,8.6375,4.5,976.4875,-1.2403,0.4837,60.904
2023-07-04,59.494,4,9.12,71.021,52.066,30.7542,73.6667,9.6125,2.5,974.9292,-7.8392,3.9739,46.879
2023-07-05,45.647,4,8.965,54.042,35.264,29.0917,80.5417,10.8208,13.0,975.1833,-9.0094,-1.0642,24.358
2023-07-06,35.32,4,5.338,40.302,29.104,29.0667,76.5,10.225,4.8,976.9583,-9.7466,1.5725,26.117
2023-07-07,38.941,4,4.958,44.01,34.233,28.5542,82.7083,8.2375,10.0,977.7167,-7.6852,1.1934,33.067
2023-07-08,34.925,4,4.784,40.684,30.15,27.2292,91.2083,11.25,34.4,977.6833,-10.2126,3.7537,18.246
2023-07-09,28.086,4,3.105,31.677,24.148,27.0333,91.3333,11.4375,29.7,976.9667,-10.0316,4.797,18.788
2023-07-10,35.604,4,4.724,42.272,31.792,27.6208,90.1667,6.3708,34.1,977.0375,-3.3698,0.188,27.367
2023-07-11,39.727,4,8.675,50.833,30.885,28.5292,84.4167,6.6167,2.9,976.8667,-3.6812,-3.1535,38.754
2023-07-12,36.664,4,7.826,44.444,27.837,28.525,86.625,8.1792,9.6,976.5542,-7.0502,0.2549,32.817
2023-07-13,45.58,4,15.953,63.518,26.719,29.1583,82.375,8.9167,5.2,976.7833,-8.2071,1.9382,26.55
2023-07-14,,0,,,,28.5375,82.9583,6.075,21.1,977.6792,-1.4255,2.6398,37.154
2023-07-15,,0,,,,28.5792,86.4583,5.9708,17.7,977.2583,-0.0579,3.8093,57.15
2023-07-16,,0,,,,28.5958,85.4583,5.4583,21.9,977.3083,-2.3624,0.4658,36.604
2023-07-17,,0,,,,29.0542,84.75,4.6875,11.8,976.4,-0.2948,2.1454,57.446
2023-07-18,,0,,,,28.1792,86.375,9.6083,13.4,976.325,-7.3928,4.0965,38.604
2023-07-19,,0,,,,28.8792,85.75,8.975,9.3,976.1917,-5.7377,3.4434,38.067
2023-07-20,46.978,4,4.959,53.931,43.41,29.85,80.75,6.0042,23.7,976.0917,-1.4591,-2.5949,49.8
2023-07-21,57.919,4,2.845,62.118,55.991,30.9208,76.0417,8.8458,4.2,977.5292,-7.1591,3.2192,57.362
2023-07-22,34.573,4,7.944,44.16,25.036,30.7125,76.0,13.5083,6.0,979.925,-12.4651,0.218,30.846
2023-07-23,31.848,4,3.467,35.583,27.594,30.9625,73.0,14.5708,0.6,979.9167,-14.2878,1.7635,26.037
2023-07-24,31.268,4,5.481,36.865,26.098,29.9833,80.0,11.325,7.8,977.9083,-10.674,0.6691,31.912
2023-07-25,46.78,4,8.54,53.094,34.698,29.3042,82.0417,9.0583,11.8,978.0958,-6.8523,5.2847,32.508
2023-07-26,32.382,4,7.069,40.011,23.021,27.0167,90.625,7.8292,18.3,979.875,-5.9932,2.4366,44.55
2023-07-27,46.515,4,1.048,48.073,45.844,28.5708,87.5417,5.0083,11.0,978.8167,-1.6857,1.3332,57.463
2023-07-28,41.66,4,13.228,59.985,29.361,28.1958,87.25,5.7,27.0,976.6708,4.0956,0.8804,55.646
2023-07-29,20.214,4,3.841,24.239,15.578,27.85,84.4167,6.9875,11.2,975.9333,5.712,3.0236,28.692
2023-07-30,29.221,4,5.936,35.406,24.031,28.975,80.25,9.4708,2.3,975.3958,8.6203,-2.217,32.846
2023-07-31,52.046,4,6.76,61.448,45.656,29.6,77.8333,12.0333,0.8,975.0,11.4121,-2.0319,37.9
2023-08-01,33.828,4,8.351,43.031,24.115,30.3708,74.9167,14.7458,0.2,973.9958,14.3937,-0.5075,37.708
2023-08-02,33.458,4,8.617,40.699,21.792,30.1792,78.3333,12.3417,1.4,974.525,9.6475,-2.458,40.113
2023-08-03,40.786,4,12.238,55.911,27.132,29.4375,81.5833,12.4458,9.6,974.8708,10.9208,-3.1784,47.338
2023-08-04,45.324,4,8.097,53.469,34.431,28.4417,87.7917,4.8958,11.5,977.0083,-0.3714,-1.358,55.858
2023-08-05,50.378,4,7.915,56.864,38.863,29.4458,83.375,6.6625,4.8,978.1958,4.8166,0.134,62.433
2023-08-06,39.608,4,9.112,48.552,27.389,30.0625,74.2083,13.0542,1.9,975.6042,11.7134,-0.5011,47.758
2023-08-07,37.178,4,12.185,53.948,24.75,30.0542,68.0833,16.2125,0.1,973.4167,15.9247,1.224,58.271
2023-08-08,39.402,3,13.771,53.25,25.708,30.3708,66.875,17.8,0.0,974.7292,17.2672,1.7659,69.783
2023-08-09,44.568,3,17.277,63.365,29.382,30.6792,65.0,14.2542,0.0,978.1875,13.8959,0.5049,61.604
2023-08-10,41.773,3,14.407,57.444,29.104,29.9708,69.6667,11.7792,1.7,979.7417,8.7097,2.2943,56.375
2023-08-11,47.413,3,15.87,64.905,33.938,30.675,66.8333,10.8083,1.6,979.5167,9.5379,1.2015,46.387
2023-08-12,48.188,4,14.528,64.686,30.656,31.3625,56.0833,16.1375,0.0,977.4917,15.585,3.1868,50.483
2023-08-13,57.659,4,47.25,127.667,25.948,31.05,61.0833,14.65,0.7,975.6667,11.5424,5.4848,50.4
2023-08-14,68.069,4,53.41,147.0,32.684,29.6958,67.25,9.5792,0.0,979.2792,-2.568,7.2652,34.933
2023-08-15,63.952,4,22.625,95.283,45.306,29.8667,74.0833,5.5625,0.1,979.8667,-0.1525,-0.3628,49.125
2023-08-16,61.788,4,15.413,80.611,49.163,30.9125,67.2917,9.3958,0.1,979.2958,7.3624,-2.0262,58.742
2023-08-17,54.373,4,16.452,74.857,41.021,31.8792,58.25,12.7542,0.0,978.7625,11.9039,-1.8282,55.667
2023-08-18,54.407,4,12.215,68.128,43.281,31.7292,60.5417,10.0417,0.1,978.8667,4.0824,-2.3442,55.8
2023-08-19,58.043,4,6.927,67.49,52.302,30.3333,75.0833,7.9417,7.4,979.375,-6.7795,1.8293,60.742
2023-08-20,44.464,4,2.245,47.531,42.76,31.8375,68.5,10.3708,0.1,979.7208,-9.4905,2.7191,43.633
2023-08-21,44.719,4,6.303,51.0,36.479,31.9917,69.7083,7.0667,0.8,978.5625,-4.6067,3.1469,58.417
2023-08-22,45.571,4,8.701,53.49,34.75,30.45,79.25,8.25,12.6,976.7292,-2.2463,4.3787,50.6
2023-08-23,30.003,4,4.951,35.802,23.719,27.7042,89.875,7.9083,15.5,976.1625,-0.2614,3.6733,35.613
2023-08-24,42.639,4,6.254,51.708,37.424,28.9958,72.7917,11.425,0.0,975.3542,9.0891,1.5298,39.221
2023-08-25,48.507,4,12.592,62.375,36.385,30.0208,63.25,13.3542,0.0,975.4958,12.7808,1.5103,39.767
2023-08-26,67.746,4,20.849,89.688,48.229,30.4208,59.9583,13.2583,0.0,977.3083,13.0127,0.5229,43.904
2023-08-27,78.828,4,24.717,102.375,53.889,30.4083,55.8333,16.6792,0.1,977.2667,16.3417,0.9306,56.083
2023-08-28,70.0,4,22.831,97.714,49.226,29.4333,63.25,14.3208,2.2,977.2417,13.3234,1.6736,59.646
2023-08-29,65.898,4,22.788,90.781,44.785,30.3917,58.75,11.9208,0.0,979.3958,11.0779,-1.8934,48.142
2023-08-30,65.169,4,17.167,80.896,49.344,30.9125,56.7917,11.4542,0.0,980.9333,10.4855,-3.1128,57.575
2023-08-31,61.128,4,18.692,79.479,42.333,31.1708,59.0417,8.7542,0.0,981.5833,7.1402,-3.3615,63.158
2023-09-01,53.668,4,16.7,75.042,36.913,31.9625,54.125,10.7,0.0,981.3,9.7869,-2.6838,54.583
2023-09-02,54.764,4,14.771,70.146,40.208,31.8333,51.0833,13.8042,0.0,980.1125,12.8761,-3.5048,44.454
2023-09-03,53.728,4,11.005,69.552,45.135,31.2917,52.7083,13.3125,0.0,979.1333,11.9313,-3.4783,44.625
2023-09-04,49.179,4,10.711,64.979,41.75,31.3583,51.4583,11.9583,0.0,978.6417,7.5337,-5.4049,40.083
2023-09-05,48.812,4,8.81,58.778,37.556,30.725,66.8333,7.9875,6.1,979.6542,-6.1528,-3.1698,50.404
2023-09-06,39.642,4,2.121,42.625,37.76,30.9542,64.0833,6.6292,1.7,980.7167,-3.2838,1.2919,55.358
2023-09-07,43.826,4,3.777,48.292,39.427,31.9125,59.5,5.6833,0.0,979.9917,-0.2854,1.2558,70.4
2023-09-08,28.386,4,3.735,33.073,23.958,30.2792,67.7917,9.6167,1.3,980.225,-8.4103,3.2041,47.3
2023-09-09,20.676,4,14.235,39.098,5.583,27.8083,79.9167,13.8292,2.5,979.5458,-12.8229,-3.9682,32.304
2023-09-10,17.387,4,12.116,33.138,4.035,26.1,88.875,12.5833,35.3,977.525,-11.0168,-5.3355,15.275
2023-09-11,34.716,4,10.031,43.646,21.347,27.5667,80.75,9.9667,1.0,977.8583,-8.9188,-3.2478,26.571
2023-09-12,43.961,4,6.933,50.26,34.139,28.7208,78.5833,5.4208,0.0,978.35,-3.2549,0.8969,47.688
2023-09-13,55.618,4,5.296,62.472,50.028,29.7042,79.2917,5.7792,7.4,978.5333,-1.5681,1.0346,54.492
2023-09-14,58.469,4,8.323,64.323,46.149,29.1875,81.625,8.9625,5.5,979.8083,-5.9025,0.9085,59.7
2023-09-15,39.9,4,10.972,50.377,24.444,28.1625,87.4167,7.3792,5.7,980.8542,-3.8232,-2.9921,44.358
2023-09-16,35.734,4,11.745,50.917,22.861,28.3708,84.125,13.6708,7.8,980.0542,-13.228,-2.5113,30.554
2023-09-17,26.992,4,7.268,36.75,19.833,27.1375,87.3333,16.6,6.5,978.3875,-16.1351,0.1233,25.821
2023-09-18,18.915,4,2.846,21.885,15.514,27.9,78.9583,14.8125,2.1,979.3042,-11.8633,8.2555,22.692
2023-09-19,28.56,4,6.085,34.978,20.708,28.625,77.0,8.6792,0.2,981.6667,-6.7749,4.8362,31.075
2023-09-20,48.657,4,15.55,69.176,33.194,29.4167,75.875,5.0792,0.9,982.0708,-0.6247,-0.8162,46.858
2023-09-21,46.432,4,7.02,51.507,36.167,28.9167,80.875,6.8375,2.6,981.4333,1.539,0.7596,48.817
2023-09-22,56.601,4,6.277,63.066,48.097,29.4417,77.75,6.5917,0.3,981.5167,-1.7282,-2.4059,45.917
2023-09-23,49.379,4,7.014,56.646,41.444,28.6083,82.4167,6.2958,1.4,982.1917,-2.8848,0.7646,53.875
2023-09-24,66.968,4,15.569,89.812,56.135,27.9417,80.1667,7.5708,0.9,981.8667,2.5431,-1.8702,49.238
2023-09-25,69.85,4,7.295,76.073,62.014,28.5958,76.1667,5.6333,0.2,982.1792,-0.3471,-1.5903,53.204
2023-09-26,76.599,4,9.436,89.281,66.5,28.8042,72.5833,6.0833,0.2,983.1792,-0.4234,-3.3556,44.904
2023-09-27,57.819,4,4.636,63.08,52.177,27.8417,65.2917,8.7375,0.0,982.9833,5.3937,-6.7485,36.363
2023-09-28,65.804,4,4.941,70.76,60.688,26.6625,61.875,8.3833,0.0,982.4958,4.8001,-5.7926,39.542
2023-09-29,78.959,4,2.841,80.99,74.771,26.8042,61.4583,7.0708,0.0,982.3708,4.544,-4.7684,44.317
2023-09-30,75.538,4,5.811,81.146,68.396,27.9667,56.6667,10.7333,0.0,982.2708,4.7077,-8.8492,40.55
2023-10-01,70.129,4,3.242,73.135,66.444,27.4083,53.4583,10.6083,0.0,981.8167,4.7728,-9.0709,39.113
2023-10-02,64.437,4,6.34,71.062,57.361,26.7333,42.625,11.6458,0.0,982.7083,4.8149,-9.9228,32.979
2023-10-03,66.189,4,3.918,70.33,61.611,26.375,40.2917,12.3458,0.0,983.3083,9.4533,-6.6906,38.883
2023-10-04,75.615,4,4.546,81.021,71.729,26.3292,53.375,12.2875,0.0,983.4667,8.4225,-8.0585,47.804
2023-10-05,89.826,4,5.925,95.24,82.365,26.4208,51.9167,11.15,0.0,982.8,8.2828,-5.2325,53.879
2023-10-06,106.654,4,16.231,130.708,95.771,27.325,50.9583,8.6417,0.0,981.7292,4.7353,-1.6742,59.287
2023-10-07,94.534,4,11.226,108.742,81.635,28.2875,60.375,8.7583,0.0,982.9292,4.5432,-2.5776,68.433
2023-10-08,75.404,4,4.562,79.615,70.75,29.7,58.4583,9.15,0.0,983.6208,8.3031,-1.5746,59.475
2023-10-09,79.575,4,15.854,97.035,58.847,29.3583,54.25,9.775,0.0,984.3458,6.7924,0.9623,53.492
2023-10-10,79.163,4,12.002,93.781,66.441,28.375,54.625,9.8083,2.5,985.3167,6.1242,-2.353,50.575
2023-10-11,86.438,4,6.055,91.219,78.233,26.5167,57.0833,10.4792,0.0,986.175,7.8804,-5.7396,42.483
2023-10-12,124.839,4,24.665,154.962,98.552,25.875,53.9167,8.9542,0.0,987.4667,5.2681,-4.2776,46.113
2023-10-13,153.548,4,33.286,193.932,116.219,27.55,54.7917,7.8167,0.0,988.0708,3.6622,-3.3721,54.333
2023-10-14,120.266,4,10.441,135.24,111.0,28.225,52.1667,8.0417,0.0,987.3208,1.9577,-2.0775,53.312
2023-10-15,96.924,4,8.548,103.486,85.198,27.3125,54.625,6.9667,0.1,985.4167,0.9544,-1.5649,49.496
2023-10-16,73.029,4,9.149,83.076,60.917,24.3292,65.0833,11.7792,9.9,986.8958,-7.5314,-1.2671,42.117
2023-10-17,49.661,4,9.931,64.042,41.885,22.3583,71.9583,6.9667,3.3,990.1583,-2.1778,-1.1139,46.917
2023-10-18,55.483,4,7.917,66.427,49.033,22.6125,64.75,10.5875,0.0,990.5875,8.0997,-6.5468,36.633
2023-10-19,60.387,4,17.015,75.26,40.264,21.9583,63.25,9.1583,0.0,990.2625,7.5515,-4.6895,34.35
2023-10-20,107.663,4,12.148,122.114,92.556,22.4,64.9583,7.3625,0.0,990.625,4.7578,-4.8696,40.258
2023-10-21,162.023,4,23.125,185.27,132.236,22.7917,63.25,6.9667,0.0,990.9667,3.4572,-4.2736,44.196
2023-10-22,187.922,4,52.597,260.179,136.361,23.3333,61.125,6.4083,0.0,991.425,-0.3816,-4.0876,48.45
2023-10-23,132.844,4,28.503,158.26,103.812,23.2542,64.5,8.475,0.0,990.0083,5.0868,-5.7702,42.192
2023-10-24,113.74,4,24.773,137.194,80.236,23.4,60.2083,7.9417,0.0,989.25,5.946,-4.5388,41.279
2023-10-25,128.557,4,22.45,148.625,96.458,23.2042,59.375,8.8042,0.0,990.0292,7.0283,-5.0959,39.204
2023-10-26,138.723,4,39.096,188.264,92.681,22.8958,57.6667,9.0292,0.0,989.6042,7.7376,-3.5362,36.008
2023-10-27,174.191,4,24.915,210.478,157.102,22.95,51.4167,8.2708,0.0,988.8167,6.4813,-3.1856,42.508
2023-10-28,205.8,4,23.716,240.961,189.0,24.4208,47.9167,5.0958,0.0,989.0917,0.6051,-0.7981,66.75
2023-10-29,201.316,4,19.189,226.49,179.792,24.025,56.5,5.6625,0.0,989.0792,-1.698,-0.1252,93.975
2023-10-30,233.666,4,24.837,247.427,196.5,23.8792,66.5417,7.125,0.0,989.7375,-3.3748,-1.2722,87.854
2023-10-31,247.043,4,19.009,270.062,223.708,24.1,68.625,6.4708,0.0,991.1458,-3.8181,-0.1659,99.337
2023-11-01,234.433,4,23.218,266.105,215.573,23.9958,66.2917,6.8042,0.0,991.7167,-2.583,-3.1493,94.337
2023-11-02,394.747,4,9.807,406.722,385.062,24.0958,65.4167,7.3625,0.0,990.0042,2.2292,-3.6282,90.521
2023-11-03,374.773,4,27.346,406.479,347.062,22.5375,70.4167,8.1583,1.1,987.8125,6.6108,-3.1705,89.058
2023-11-04,412.231,4,27.435,440.783,375.688,22.5083,66.25,7.8125,0.0,988.0542,4.1805,-4.2902,102.233
2023-11-05,390.24,4,55.638,428.062,308.181,22.7667,61.75,7.3708,0.0,989.4958,3.0795,-3.9014,80.921
2023-11-06,340.325,4,13.213,358.637,328.573,22.2083,60.0833,5.9542,0.0,990.9917,-1.5076,-3.0119,94.592
2023-11-07,331.337,4,23.606,354.167,299.26,22.4792,63.7083,7.5083,0.0,990.1875,-0.3103,-3.0075,96.862
2023-11-08,326.404,4,7.914,334.177,315.552,22.7292,64.7917,6.8792,0.0,989.2667,4.4072,-3.5467,97.338
2023-11-09,395.487,4,21.372,407.771,363.479,22.7167,64.875,7.2708,0.0,989.2167,5.2648,-2.3692,111.296
2023-11-10,148.978,4,22.852,182.237,130.802,20.4917,75.9167,9.2458,2.9,991.3083,-6.5667,-2.7522,87.796
2023-11-11,111.847,4,9.385,120.11,98.708,19.2667,75.875,8.2083,0.0,992.9875,4.8322,-5.8691,60.279
2023-11-12,156.751,4,27.548,190.753,123.49,18.8208,73.5833,8.0667,0.0,993.1208,7.2851,-3.1647,35.721
2023-11-13,379.28,4,29.277,421.183,356.446,18.975,73.375,6.375,0.0,993.075,3.8707,-4.3745,55.029
2023-11-14,274.365,4,11.211,287.948,260.639,18.9583,70.625,7.6917,0.0,992.5292,5.1283,-5.0859,64.338
2023-11-15,305.348,4,16.29,321.573,283.083,18.4792,71.9167,7.7292,0.0,992.2542,6.884,-2.4236,68.638
2023-11-16,390.611,4,31.235,435.649,364.708,19.7417,68.5417,5.7917,0.0,993.125,0.6141,-2.4568,95.092
2023-11-17,288.747,4,25.995,326.094,265.958,20.4542,70.7083,6.0167,0.0,992.8292,-3.07,-2.1168,97.167
2023-11-18,186.969,4,6.369,194.656,180.547,19.95,70.25,5.7292,0.0,991.3125,0.7911,2.3242,105.871
2023-11-19,195.652,4,12.699,205.896,177.229,20.1083,65.75,5.45,0.0,992.2667,-1.1801,1.5062,123.458
2023-11-20,242.609,4,41.18,290.823,190.886,19.6292,65.2917,6.6833,0.0,992.5667,4.9931,-3.1224,111.096
2023-11-21,262.641,4,35.043,291.906,217.465,18.8125,69.5,10.2833,0.0,991.4667,9.6531,-2.9734,77.471
2023-11-22,267.114,4,27.826,282.292,225.458,18.1167,64.875,11.2083,0.0,989.4292,10.7613,-2.5051,81.05
2023-11-23,283.62,4,20.178,300.174,255.302,18.075,68.375,4.9417,0.0,989.0583,0.2426,0.8659,119.858
2023-11-24,371.089,4,46.847,419.448,308.531,18.5208,69.0833,5.95,0.0,991.0625,0.9275,-1.2563,132.137
2023-11-25,301.534,4,25.889,332.573,273.625,18.55,68.4583,6.0417,0.0,992.075,4.8064,-1.2994,100.896
2023-11-26,311.445,4,31.933,348.583,273.333,19.2333,67.9583,7.7542,0.0,992.7208,-6.2092,2.0669,130.746
2023-11-27,260.612,4,32.325,302.083,226.094,18.5458,75.375,10.3458,4.0,990.575,-5.6637,5.4914,106.883
2023-11-28,147.058,4,29.677,169.156,103.268,17.4375,88.0,5.8625,3.2,990.45,-2.971,-0.6379,89.967
2023-11-29,225.871,4,10.046,237.489,217.056,18.4917,79.9167,6.3083,0.4,990.6542,-4.0766,-0.3804,103.371
2023-11-30,292.736,4,27.39,326.694,259.635,17.8125,83.875,7.625,1.0,991.6792,-3.2224,-4.9195,129.325
2023-12-01,254.987,4,7.948,265.26,246.583,18.4417,81.5417,6.2958,0.1,992.0333,1.0512,-4.8418,106.187
2023-12-02,187.367,4,12.667,205.51,177.094,18.0625,78.875,7.0708,0.0,992.2583,2.5911,-6.3644,80.475
2023-12-03,183.795,4,7.001,193.302,176.51,18.05,74.4583,6.825,0.1,992.5542,0.9598,-6.1305,85.8
2023-12-04,183.564,4,6.736,190.281,174.924,17.7708,72.5,7.8625,0.0,991.3042,3.1201,-6.6035,87.996
2023-12-05,160.012,4,9.367,171.348,148.865,16.575,72.7917,8.3542,0.0,990.8083,4.6464,-6.2744,64.029
2023-12-06,159.77,4,6.022,167.742,153.222,16.4292,75.8333,6.9833,0.0,991.3917,6.4784,-2.0443,73.962
2023-12-07,205.494,4,29.193,237.865,166.917,16.7,76.5417,8.0333,0.0,990.7125,7.1471,-3.254,80.525
2023-12-08,180.34,4,16.794,202.069,164.25,16.475,74.2083,8.5583,0.0,990.2333,7.6054,-3.1391,69.646
2023-12-09,179.217,4,9.145,187.542,166.208,15.9042,70.25,9.7333,0.0,991.1333,8.8378,-3.2907,66.15
2023-12-10,168.772,4,9.475,175.566,154.74,15.5625,68.2917,11.7417,0.0,989.425,11.155,-2.9691,70.354
2023-12-11,192.024,4,19.549,212.917,165.667,15.2583,69.375,6.1792,0.0,990.0958,2.7711,-1.0949,97.821
2023-12-12,271.457,4,20.101,294.288,248.028,15.6083,70.0417,6.3292,0.0,989.275,-4.4996,0.9381,133.821
2023-12-13,276.561,4,18.469,295.25,260.132,15.9167,66.5833,6.8583,0.0,991.0625,1.65,-4.8098,103.638
2023-12-14,181.91,4,13.279,197.891,167.576,14.6917,70.875,10.275,0.0,991.9208,9.6519,-2.3655,65.417
2023-12-15,214.79,4,8.04,223.844,205.417,14.1917,70.875,6.8833,0.0,993.1375,5.3315,-3.5017,100.729
2023-12-16,271.143,4,11.734,285.344,257.217,14.5,66.7083,7.9375,0.0,991.8042,4.3267,-4.7839,80.042
2023-12-17,235.513,4,7.815,243.486,228.323,15.3833,63.8333,8.3417,0.0,992.8042,2.9654,-5.1725,84.475
2023-12-18,167.79,4,3.255,170.542,163.098,14.3417,66.7917,12.7417,0.0,994.3958,11.7706,-4.0286,59.458
2023-12-19,141.398,4,8.124,147.333,129.583,14.2458,64.4167,13.2542,0.0,994.4958,12.7815,-2.9693,53.737
2023-12-20,169.211,4,17.011,184.5,144.885,13.65,70.125,8.8208,0.0,994.2042,8.2073,-2.5531,66.15
2023-12-21,264.452,4,8.26,271.885,256.38,13.975,74.1667,8.5,0.0,992.4833,7.1033,-4.4172,86.721
2023-12-22,389.188,4,21.388,409.167,362.556,13.8833,75.875,5.5917,0.0,992.1,3.7625,-3.058,132.017
2023-12-23,369.945,4,13.683,385.271,353.469,16.1,72.125,6.2667,0.3,994.3542,-3.2367,1.79,140.896
2023-12-24,346.146,4,24.061,370.396,313.698,15.8542,76.3333,5.8292,0.0,995.6667,2.319,-4.1967,117.508
2023-12-25,246.803,4,14.507,266.104,233.99,15.4792,78.125,8.425,0.0,993.8792,7.7965,-1.5077,100.2
2023-12-26,277.01,4,17.774,292.156,254.014,15.3708,75.2083,6.3667,0.0,993.6417,4.2829,-3.6132,123.517
2023-12-27,321.549,4,61.772,411.958,281.365,14.3333,79.6667,7.3417,0.0,994.675,4.8447,-4.6218,136.583
2023-12-28,228.84,4,30.365,269.882,197.083,13.9875,84.6667,6.9917,0.0,993.5667,3.9817,-4.0108,119.904
2023-12-29,327.367,4,44.618,367.021,270.115,13.3667,87.25,2.9083,0.0,994.1042,0.0767,-1.6189,161.971
2023-12-30,293.69,4,15.99,307.646,272.781,12.5542,90.2917,5.0042,0.0,993.0042,2.3622,-3.5589,159.921
2023-12-31,256.637,4,20.127,280.028,238.458,12.7083,83.75,4.4667,0.0,992.8708,-0.5264,-3.3267,121.146
2024-01-01,204.935,4,11.0,218.04,192.93,10.4667,85.125,5.4833,0.0,993.0958,2.9201,-4.0679,101.671
2024-01-02,202.028,4,10.843,218.01,194.73,9.1042,85.9167,5.5875,0.0,992.5125,3.3768,-4.043,103.95
2024-01-03,233.113,4,11.786,247.44,219.69,9.5125,88.625,5.5083,0.0,992.225,1.2954,-4.2919,118.521
2024-01-04,249.168,4,20.047,274.06,225.1,11.5417,82.125,6.1417,0.0,992.3792,3.7035,-4.1032,118.342
2024-01-05,193.59,4,24.414,218.28,159.96,11.7625,85.25,5.6417,0.1,992.5833,1.8717,-4.4111,114.575
2024-01-06,202.54,4,14.454,223.3,190.65,11.675,81.5417,5.7708,0.0,993.8542,1.8782,-3.5998,114.004
2024-01-07,202.947,4,15.027,214.33,180.81,11.4667,80.5833,5.0083,0.0,994.4,2.4706,-0.9556,138.013
2024-01-08,278.702,4,43.495,331.12,224.61,10.9,86.5417,6.0917,0.0,994.1167,1.7289,-3.3124,150.833
2024-01-09,152.33,4,29.228,184.92,116.03,10.7833,86.4167,8.9125,0.0,994.2792,5.8043,-5.9187,102.917
2024-01-10,177.243,4,9.663,189.07,165.4,9.2125,84.5,12.9292,0.0,993.1625,11.9229,-4.8107,81.017
2024-01-11,223.845,4,5.24,229.72,217.96,9.3417,87.7083,9.9833,0.0,993.6292,8.472,-4.4245,97.321
2024-01-12,218.54,4,25.903,253.56,195.77,10.0833,85.9583,9.6458,0.0,992.5667,7.9485,-2.9571,94.421
2024-01-13,432.168,4,27.676,460.61,399.35,10.3583,84.5,4.5958,0.0,991.7417,1.7573,-2.6671,121.146
2024-01-14,389.285,4,72.858,483.75,310.32,9.7,85.5833,6.8,0.0,991.8875,4.8035,-4.4408,102.746
2024-01-15,227.218,4,40.455,277.58,183.32,8.9708,85.5417,7.6417,0.0,991.5292,5.1329,-4.2938,96.225
2024-01-16,293.668,4,26.016,329.07,268.48,8.9708,85.5,5.4917,0.0,989.2708,-3.4204,-0.7012,145.467
2024-01-17,234.447,4,6.837,240.72,226.16,9.9,83.9167,8.1125,0.0,989.3542,-5.595,5.5263,148.696
2024-01-18,208.31,4,33.222,237.18,165.21,11.0083,86.0417,3.2833,0.0,991.575,-0.7698,1.9921,156.963
2024-01-19,212.358,4,25.601,234.99,178.06,10.2083,88.75,5.2417,0.0,992.9542,-0.8904,2.4735,174.121
2024-01-20,201.905,4,19.565,220.61,175.8,9.6042,88.25,6.2125,0.0,993.4167,0.2434,-0.7686,161.933
2024-01-21,207.64,3,6.926,212.08,199.66,9.0458,89.375,9.8708,0.0,992.7875,8.6506,-3.8833,118.125
2024-01-22,275.572,4,87.557,406.28,219.94,9.2667,86.0833,4.4708,0.0,993.725,-0.7278,-0.0696,127.904
2024-01-23,258.478,4,18.354,272.83,233.08,10.4542,88.0833,5.9083,0.0,992.9583,0.1245,0.4389,157.342
2024-01-24,292.04,4,25.491,322.44,261.18,11.3083,84.1667,6.5625,0.0,993.0083,3.5713,-4.8634,115.446
2024-01-25,240.702,4,33.179,270.62,199.0,10.2083,87.9167,5.65,0.0,995.1,1.8567,-3.1092,124.192
2024-01-26,362.288,4,44.906,413.48,312.96,11.4667,83.875,5.7708,0.0,995.5542,2.9603,-1.3047,147.362
2024-01-27,211.54,4,27.406,246.11,181.17,12.5083,76.6667,11.8,0.0,993.925,10.4895,-3.5393,73.5
2024-01-28,313.98,4,30.539,344.99,272.72,13.8167,79.0833,8.0833,0.0,992.5208,-4.0803,1.7637,93.5
2024-01-29,243.885,4,17.232,268.42,229.88,14.5667,85.2083,8.3,0.0,992.4333,-4.0979,1.0524,108.988
2024-01-30,255.7,4,42.916,289.84,194.7,13.8208,89.4583,6.5,0.0,991.6042,2.771,-3.3569,150.321
2024-01-31,266.595,4,11.463,276.47,250.79,14.0625,91.7917,8.2333,9.0,990.4667,-5.7264,3.8829,155.075
2024-02-01,71.907,4,5.424,76.88,66.89,15.3875,86.2083,13.2042,30.0,990.675,-11.2262,5.2123,73.554
2024-02-02,116.31,4,11.462,126.4,103.95,13.0,84.0,9.8458,0.0,993.7625,5.201,-5.4655,61.379
2024-02-03,126.837,3,6.374,132.6,119.99,14.1042,69.9583,7.8875,0.0,992.4708,5.2098,-3.7789,46.0
2024-02-04,152.33,3,15.819,170.39,140.93,16.0125,84.8333,8.0,7.1,990.9667,-2.7247,6.0091,70.346
2024-02-05,87.073,3,1.681,88.79,85.43,15.1708,82.7083,8.8042,2.1,992.2208,3.0476,-5.0612,36.221
2024-02-06,81.057,3,7.402,88.15,73.38,12.1792,74.9583,9.8208,0.0,994.1042,7.617,-6.0148,39.083
2024-02-07,88.793,4,8.679,97.0,78.76,12.5208,65.625,13.9417,0.0,994.7792,11.4945,-7.5487,41.229
2024-02-08,73.49,4,8.654,84.32,63.41,13.0833,63.7083,19.8375,0.0,993.3125,18.4998,-6.5001,37.725
2024-02-09,93.208,4,7.751,104.04,86.01,13.3833,65.9583,10.6958,0.0,993.5375,7.2502,-4.941,53.508
2024-02-10,221.968,4,18.525,241.11,197.75,13.1583,77.8333,7.3417,0.0,995.7167,-0.4642,-5.5842,93.825
2024-02-11,182.062,4,2.933,186.11,179.1,14.1417,75.0417,7.6625,0.0,995.2375,4.4538,-5.5645,77.608
2024-02-12,192.817,4,5.535,199.7,186.78,14.3083,74.875,6.7,0.0,994.1792,1.9045,-3.7145,90.404
2024-02-13,247.325,4,9.914,259.0,234.76,14.9417,73.0417,6.2542,0.0,993.3708,1.8574,-5.0578,108.658
2024-02-14,195.243,4,19.618,211.74,167.22,15.8333,74.0833,8.8375,0.0,993.2542,6.9501,-5.1903,92.854
2024-02-15,153.265,4,9.138,163.57,142.46,15.8625,68.7083,9.5042,0.0,994.1792,7.6435,-5.1959,73.062
2024-02-16,148.025,4,12.176,157.24,130.44,15.6833,64.0,8.8,0.0,994.4458,6.3089,-5.6958,68.192
2024-02-17,144.762,4,4.091,150.12,141.31,16.2292,60.9583,11.3542,0.0,990.0333,10.0227,-3.4571,58.825
2024-02-18,163.29,4,15.213,174.53,141.76,18.65,58.7083,9.8042,0.0,987.1958,-3.3467,6.378,77.371
2024-02-19,101.635,4,2.188,104.48,99.51,20.375,60.9583,20.4375,0.0,985.5458,-15.0948,12.9782,65.204
2024-02-20,132.347,4,8.564,142.89,122.51,20.2167,66.1667,10.15,0.2,985.3458,-4.9,2.5503,59.533
2024-02-21,101.925,4,9.378,109.78,89.3,18.475,57.9583,10.0125,0.0,985.5333,2.3997,-6.4786,53.771
2024-02-22,68.16,4,2.711,72.21,66.6,17.425,51.375,10.75,0.0,988.0958,4.9795,-6.5635,39.513
2024-02-23,68.888,4,7.337,74.55,58.11,15.6417,47.75,9.975,0.0,990.6292,6.1313,-7.1088,36.671
2024-02-24,104.828,4,11.44,118.96,91.23,16.2167,45.2917,7.075,0.0,990.9333,-0.6491,-0.5609,50.875
2024-02-25,99.36,4,9.356,110.47,87.6,17.3375,38.9167,8.4833,0.0,992.9583,-3.7003,-5.3301,39.517
2024-02-26,95.162,4,11.718,112.33,87.3,17.5875,45.7083,7.5458,0.0,992.8125,0.3849,-6.7511,48.033
2024-02-27,66.925,4,3.179,69.66,62.33,18.0542,46.0417,10.2708,0.9,992.4958,5.2897,-7.4419,44.783
2024-02-28,64.212,4,5.968,68.57,55.57,17.3167,57.0417,13.1958,0.0,991.15,10.9894,-6.997,38.821
2024-02-29,75.185,4,3.068,77.08,70.62,18.3833,56.4167,11.1708,0.0,989.6792,9.7283,-5.0014,45.308
2024-03-01,109.188,4,11.855,122.95,94.49,20.0667,59.9167,7.375,1.7,988.9375,-4.7364,0.8671,61.383
2024-03-02,35.755,4,6.615,43.07,27.49,19.825,74.0833,21.1875,6.5,986.2042,-11.8993,15.8671,38.554
2024-03-03,55.86,4,10.864,65.08,41.06,17.6375,70.2083,9.4042,10.4,986.9083,4.4289,-2.4936,35.825
2024-03-04,54.502,4,7.231,64.98,48.41,15.8083,62.0833,10.2333,0.0,990.9875,3.206,-9.1892,32.95
2024-03-05,55.725,4,1.757,57.93,53.72,14.6833,54.25,11.5542,0.0,992.0708,8.8234,-6.9759,39.063
2024-03-06,73.647,4,3.797,79.22,70.72,15.1208,56.1667,10.25,0.0,990.2417,8.4798,-4.8346,52.025
2024-03-07,86.442,4,8.026,96.56,79.92,17.1375,56.0417,9.9625,0.0,989.6708,6.3557,-6.5824,56.9
2024-03-08,74.68,4,3.725,80.11,71.8,17.9167,52.5833,11.7417,0.0,990.5292,6.5702,-8.8106,38.121
2024-03-09,68.828,4,2.655,71.26,65.82,17.8917,50.0833,11.7958,0.0,990.4333,9.7883,-5.8304,40.183
2024-03-10,100.335,4,8.009,108.88,89.84,19.2417,51.0417,9.0458,0.0,990.0083,5.6243,-3.2338,56.062
2024-03-11,95.803,3,1.933,98.01,94.41,22.2917,46.625,7.8,0.0,991.025,-0.715,-1.8411,75.317
2024-03-12,89.99,3,3.306,92.59,86.27,21.9583,46.5417,11.7583,0.0,989.3708,4.225,-9.5685,48.667
2024-03-13,86.123,3,11.28,95.0,73.43,21.3917,52.2917,8.3667,0.2,986.925,2.2895,-2.6319,46.221
2024-03-14,93.813,3,10.847,101.12,81.35,21.5833,52.7083,10.3375,0.0,989.3583,2.31,-9.5619,40.108
2024-03-15,49.217,3,5.887,55.8,44.46,20.3125,42.875,12.5125,0.0,988.9333,10.602,-6.0973,36.846
2024-03-16,86.693,3,7.994,95.15,79.26,19.6708,44.5417,8.5583,0.0,990.5458,6.1659,-5.2529,44.596
2024-03-17,109.897,3,18.174,130.5,96.14,20.5625,46.0417,9.1375,0.0,990.0875,7.2557,-4.4102,50.35
2024-03-18,116.707,3,8.31,124.98,108.36,20.6625,48.4167,8.7,0.0,988.55,7.3533,-3.901,48.829
2024-03-19,125.547,3,15.021,134.68,108.21,21.5458,45.2083,8.7125,0.0,988.025,5.5063,-5.0368,50.854
2024-03-20,103.032,4,46.944,131.99,33.0,23.2667,44.125,7.9833,0.0,988.3917,3.6949,-6.0005,59.104
2024-03-21,81.517,4,8.22,93.75,75.98,22.7292,54.7917,12.6625,0.0,988.2333,-10.4322,4.9395,64.783
2024-03-22,101.438,4,26.599,140.75,84.25,24.7875,51.2083,9.375,0.0,984.9583,-5.4213,3.6927,64.638
2024-03-23,94.55,4,4.885,100.06,88.59,25.7208,45.5417,11.0583,0.0,983.8125,7.1761,-7.2639,51.658
2024-03-24,88.135,4,12.471,99.72,77.18,24.4333,44.75,13.2042,0.1,985.9708,2.3211,-8.5552,53.233
2024-03-25,137.92,4,35.068,189.37,112.49,25.0458,47.2083,11.8625,0.0,987.5792,9.1729,-7.0056,42.683
2024-03-26,85.605,4,24.307,119.33,61.3,26.0375,42.125,9.8708,0.0,986.6542,7.0009,-3.1791,43.667
2024-03-27,65.285,4,8.451,74.89,54.76,28.4583,40.6667,8.6917,0.0,988.3042,1.4816,-3.5195,53.846
2024-03-28,66.157,4,4.647,73.04,62.93,29.05,40.9583,8.9125,0.0,985.6917,5.4048,-5.0664,49.5
2024-03-29,88.017,4,9.951,100.25,75.93,28.2,45.625,8.5708,0.0,984.7958,-4.2256,-0.8532,57.142
2024-03-30,88.037,4,12.34,97.38,70.28,28.4667,39.0,12.4333,0.0,985.2375,-0.9505,-3.7885,48.217
2024-03-31,112.915,4,32.923,156.73,76.89,27.4083,36.3333,12.0958,0.0,986.2625,5.6866,-6.613,40.942
2024-04-01,47.935,4,9.112,55.09,35.21,24.875,38.3333,13.7875,0.0,984.4792,11.2487,-6.5476,40.217
2024-04-02,64.188,4,12.167,80.67,51.64,25.3792,33.125,12.65,0.0,983.2042,8.2207,-7.5549,29.125
2024-04-03,78.565,4,8.83,91.45,71.38,28.3625,24.2917,7.7292,0.0,983.9708,-2.3583,-5.8483,32.388
2024-04-04,64.785,4,17.5,87.85,49.83,29.1833,25.75,10.925,0.0,983.9458,-0.2998,-9.8332,29.262
2024-04-05,60.48,4,9.098,70.59,48.78,28.2708,24.375,14.9958,0.0,983.7333,10.1135,-7.4348,33.738
2024-04-06,69.75,4,5.501,77.53,64.68,27.3083,21.2083,12.0542,0.0,983.6042,7.5647,-7.6353,33.942
2024-04-07,98.62,4,18.914,124.77,82.48,26.8958,20.5833,11.7375,0.0,983.5,8.5293,-6.0342,30.125
2024-04-08,94.667,4,14.814,110.88,81.64,28.0042,19.75,10.0125,0.0,984.55,6.4883,-4.8917,31.279
2024-04-09,90.935,4,27.695,132.38,74.47,28.9792,18.0417,8.1917,0.0,985.2,1.621,-3.4934,33.983
2024-04-10,98.345,4,12.111,109.29,84.24,28.9292,21.0,8.0042,0.0,985.2375,-2.5217,-2.3269,38.217
2024-04-11,95.58,4,23.205,129.4,80.4,29.9833,21.25,7.7917,0.0,986.1875,-1.5131,-0.1601,43.75
2024-04-12,113.868,4,23.204,148.61,101.05,30.5333,20.9167,7.9625,0.0,985.4125,-4.8775,-0.3266,37.108
2024-04-13,82.427,4,40.963,143.5,55.75,30.8667,26.9583,11.7125,1.2,984.8292,-3.7296,6.5084,56.283
2024-04-14,70.48,3,7.639,79.08,64.48,27.5458,44.9167,9.95,0.5,987.1958,-0.6736,-8.0162,63.883
2024-04-15,117.773,3,10.308,127.33,106.85,28.8167,47.6667,8.4583,1.3,986.5417,3.0201,-2.3009,49.213
2024-04-16,87.625,4,37.652,122.86,35.82,29.8667,35.9167,15.3333,0.0,985.5083,13.6407,-6.4063,49.446
2024-04-17,45.53,4,6.411,52.08,38.29,29.2917,26.7083,19.3958,0.0,984.2125,16.6054,-9.5077,39.475
2024-04-18,66.163,4,9.658,79.87,58.77,30.9375,24.0,11.1583,0.0,982.7,9.2019,-3.9498,32.788
2024-04-19,66.59,3,7.826,75.33,60.23,31.675,29.4167,11.7708,0.0,980.4792,9.7451,-1.9939,44.396
2024-04-20,59.533,3,8.057,66.62,50.77,30.0583,28.0,14.75,0.0,980.0458,11.2519,-7.7155,40.288
2024-04-21,47.853,3,5.348,51.07,41.68,30.1708,26.9583,12.0875,0.0,981.475,8.4716,-7.0569,33.421
2024-04-22,42.65,4,6.7,51.76,37.48,31.1208,24.5417,13.3125,0.0,982.1167,8.1925,-7.0299,26.612
2024-04-23,80.853,4,4.027,84.93,75.5,30.0167,25.7917,9.8125,0.0,981.6375,5.8247,-4.3102,37.125
2024-04-24,80.703,4,10.551,90.84,69.36,29.8458,27.75,11.7542,0.0,981.725,8.1452,-5.287,39.279
2024-04-25,95.537,4,10.51,108.53,83.97,30.0,24.4167,11.5792,0.0,981.8667,7.3298,-7.7402,34.317
2024-04-26,76.445,4,26.705,115.82,58.18,32.2333,22.625,10.5917,0.0,980.8333,6.4607,2.6406,28.908
2024-04-27,58.502,4,10.588,73.66,49.68,32.0375,27.0417,15.5125,0.0,981.45,11.2554,-2.7927,30.646
2024-04-28,63.51,4,23.15,96.39,42.4,30.5917,27.9167,9.8333,0.0,982.6125,4.1504,-6.8018,35.229
2024-04-29,87.763,4,19.738,115.34,69.69,30.8458,25.9583,11.725,0.0,981.9208,4.3326,-5.7176,37.762
2024-04-30,68.752,4,3.616,72.94,65.04,29.7583,25.125,12.8292,0.0,980.8958,9.2756,-6.2085,40.387
2024-05-01,70.115,4,8.232,77.25,59.17,26.9125,22.3333,16.5125,0.0,979.2125,11.2908,-10.912,57.125
2024-05-02,87.913,4,8.674,97.67,76.65,27.65,26.125,13.3208,0.0,980.3333,10.2396,-7.9017,44.763
2024-05-03,146.145,4,21.379,174.44,124.15,30.1833,22.1667,13.625,0.0,981.0583,11.6053,-6.5633,44.271
2024-05-04,160.157,4,13.773,178.89,147.15,33.0,18.7917,11.2667,0.0,980.8458,8.7801,-5.3516,45.608
2024-05-05,163.252,4,30.186,194.77,123.51,33.2792,19.9583,12.2542,0.0,977.3292,9.1797,-6.5536,41.683
2024-05-06,119.203,4,4.19,123.53,113.49,33.8042,21.5417,13.4833,0.0,979.2333,10.5945,-7.7782,48.262
2024-05-07,159.3,4,17.538,175.22,135.93,34.0667,24.6667,8.9875,0.0,980.7708,-1.2646,-2.6526,52.229
2024-05-08,84.13,4,11.865,94.0,69.14,32.7292,39.0,13.5583,0.0,981.35,-11.3341,4.4236,60.296
2024-05-09,62.86,4,10.505,76.86,52.5,32.5292,36.7083,13.9875,0.0,980.6792,-11.4764,3.3087,65.771
2024-05-10,91.52,4,33.756,141.98,71.0,32.1208,43.2917,11.3375,1.1,981.4958,-8.7647,2.5122,60.912
2024-05-11,66.765,4,14.305,82.69,48.71,31.8917,42.4583,9.0875,0.1,983.2625,-0.1921,-3.2572,64.892
2024-05-12,92.043,4,6.864,99.56,83.12,32.3,37.7083,10.2833,0.1,983.3083,-1.1873,-3.3451,64.104
2024-05-13,104.032,4,17.229,129.4,91.29,33.0167,29.4167,8.9417,0.0,983.4708,1.3729,-2.9647,51.246
2024-05-14,118.972,4,16.491,134.46,96.26,32.7833,20.5,10.5208,0.0,983.7667,6.7918,-7.0085,32.971
2024-05-15,150.775,4,26.796,175.09,117.01,34.1833,19.4583,10.1083,0.0,983.3917,5.9303,-6.1397,46.95
2024-05-16,126.522,4,25.743,164.63,107.96,34.5667,18.1667,9.0375,0.0,982.7958,1.378,-3.6005,57.112
2024-05-17,116.938,4,52.744,195.81,87.04,36.3542,17.625,10.5042,0.0,980.0208,5.7466,-3.7537,66.271
2024-05-18,128.602,4,23.087,161.06,107.26,36.9792,19.25,12.5125,0.0,977.4833,10.6665,-4.925,53.463
2024-05-19,105.707,4,12.801,120.38,90.26,36.7375,16.875,12.5708,0.0,975.9667,10.48,-5.9993,55.592
2024-05-20,98.222,4,18.57,126.07,88.42,36.4125,18.8333,11.6667,0.0,976.8,6.8148,-4.6072,60.412
2024-05-21,89.465,4,9.803,96.64,75.04,35.2,27.625,10.0292,0.0,977.5292,-3.6061,-0.0214,63.604
2024-05-22,78.912,4,12.736,94.21,63.46,35.2292,35.9167,14.7875,0.3,977.9708,-12.1702,3.8614,54.875
2024-05-23,57.62,4,2.608,61.31,55.25,35.7167,35.625,14.1208,0.0,977.325,-10.8759,7.7454,52.483
2024-05-24,57.032,4,3.902,60.64,53.46,35.6417,35.5833,12.5708,0.0,977.3042,-9.4715,3.725,51.712
2024-05-25,72.703,4,20.316,97.71,50.6,37.4542,27.375,12.4667,0.0,975.3958,5.8356,-5.0025,56.117
2024-05-26,86.537,4,20.342,113.62,65.33,38.15,17.375,12.4333,0.0,973.625,5.1745,-10.0241,45.729
2024-05-27,104.04,4,24.93,139.36,81.44,38.1875,17.5,11.2667,0.0,971.075,4.8075,-8.5045,51.329
2024-05-28,107.71,4,22.4,138.08,85.96,37.3042,13.7083,8.9917,0.0,969.3458,3.005,-3.2379,48.192
2024-05-29,78.7,4,30.831,122.96,52.56,38.6167,17.875,10.9333,0.0,970.4875,5.6316,-0.2166,54.642
2024-05-30,64.955,4,29.413,107.94,41.38,39.2208,16.0417,15.8042,0.0,973.6792,11.655,-1.2447,45.733
2024-05-31,70.993,4,17.606,96.42,55.96,37.5917,11.9167,12.9458,0.0,975.2917,9.4035,-4.4791,46.262
2024-06-01,78.065,4,26.779,117.41,57.66,37.4292,17.0,15.6292,0.0,976.8292,13.2566,-3.0964,45.229
2024-06-02,49.36,4,10.801,64.61,39.36,36.3792,24.9583,11.1375,0.0,978.275,6.1181,-2.5612,42.642
2024-06-03,61.58,4,9.346,74.71,52.58,36.9042,24.75,14.3042,0.0,977.0583,12.5934,-3.118,48.325
2024-06-04,80.61,4,21.339,111.21,61.75,36.9,18.875,11.8292,0.0,976.6833,10.9536,-1.4932,51.587
2024-06-05,80.62,4,27.283,118.5,54.12,36.6625,23.4167,16.1125,0.0,977.8292,12.292,-4.3473,62.246
2024-06-06,55.42,4,11.337,67.35,41.54,35.0083,28.375,12.3333,0.0,980.0375,6.695,-5.3149,64.888
2024-06-07,63.285,4,14.586,81.61,45.96,35.2042,30.125,15.025,0.0,977.8625,13.4019,-6.5041,67.429
2024-06-08,64.85,4,10.646,75.11,50.0,34.75,27.4167,15.425,0.0,977.0167,12.3821,-8.2915,73.1
2024-06-09,54.645,4,3.109,58.58,51.04,35.0625,22.6667,13.3792,0.0,976.7417,9.952,-8.4175,45.592
2024-06-10,53.392,4,6.101,60.38,45.5,35.9792,18.1667,13.4708,0.0,976.8417,12.2728,-4.8446,37.608
2024-06-11,101.972,4,10.811,115.25,91.74,36.3125,19.0,11.2833,0.0,976.2667,10.1207,-3.5611,37.021
2024-06-12,70.388,4,4.463,76.93,66.96,36.95,17.5,11.8875,0.0,975.9167,10.7415,-3.5698,35.383
2024-06-13,54.72,4,8.621,65.49,45.0,37.65,20.0417,18.1083,0.0,974.9375,16.8262,-3.6698,47.925
2024-06-14,48.74,4,14.761,69.16,34.31,37.5,27.5833,22.2708,0.0,974.5833,20.806,-1.8675,52.442
2024-06-15,46.547,4,7.814,52.44,35.04,37.725,26.8333,19.4292,0.0,974.675,18.1283,-5.1282,54.017
2024-06-16,59.623,4,7.866,65.58,48.08,38.3792,25.1667,18.0208,0.0,975.0167,17.0843,-4.0983,44.842
2024-06-17,59.79,4,9.814,71.67,47.67,38.9542,24.9167,19.3042,0.0,974.9292,18.7085,-3.2733,45.704
2024-06-18,78.585,4,11.742,88.75,66.71,38.9208,24.5417,20.05,0.0,972.925,19.4815,-3.2512,50.496
2024-06-19,69.332,4,9.089,76.25,56.29,37.0583,34.9583,18.7125,0.8,971.4542,14.887,0.2386,61.113
2024-06-20,48.1,4,7.86,56.11,37.29,34.0292,44.75,8.2125,4.9,973.2333,0.2031,0.2588,61.608
2024-06-21,70.64,4,8.044,78.83,59.79,32.5458,52.7917,9.6375,2.1,975.3375,1.414,-2.5143,72.208
2024-06-22,100.91,4,4.488,104.93,94.5,33.6875,50.5833,7.4792,0.0,975.2125,-2.4904,-4.3385,79.342
2024-06-23,66.412,4,1.926,68.83,64.67,34.55,50.9583,10.2333,0.3,975.7958,-9.5364,0.9899,68.187
2024-06-24,59.58,4,4.882,63.67,53.29,34.1625,53.5833,7.9708,1.7,974.6375,-7.0622,0.7079,76.45
2024-06-25,75.305,4,4.615,80.43,69.25,32.8958,62.4167,7.9792,4.0,973.7333,-5.867,3.6999,66.583
2024-06-26,56.9,3,3.295,60.67,54.57,30.9833,73.3333,10.8667,23.3,974.2833,-9.1757,2.6271,74.138
2024-06-27,35.583,3,5.314,39.43,29.52,28.3458,83.5833,13.4792,11.5,976.8083,-12.4156,3.9686,34.25
2024-06-28,47.767,3,9.905,58.8,39.64,27.8042,85.3333,8.6167,20.9,975.9667,-5.6364,4.2902,35.812
2024-06-29,62.83,3,16.917,82.33,52.08,29.3,80.0417,7.1125,18.9,974.5458,1.0961,3.9363,38.692
2024-06-30,82.663,3,14.836,99.0,70.03,30.7667,74.4167,6.3708,11.9,973.7667,1.5736,-1.0894,49.975
2024-07-01,45.28,4,8.443,53.79,37.12,30.125,78.6667,7.0917,11.5,971.65,2.7521,-0.2356,45.058
2024-07-02,52.972,4,6.423,58.95,44.8,29.2833,83.625,7.5917,14.1,970.7417,-0.17,6.8937,44.175
2024-07-03,46.332,4,7.559,57.23,40.43,29.3417,83.0833,8.3583,2.5,973.1167,-3.3563,5.4727,31.721
2024-07-04,38.57,4,2.953,42.74,36.3,28.05,83.125,7.7958,7.3,975.2917,-6.572,-0.7212,30.583
2024-07-05,37.657,4,3.743,41.96,34.38,27.8458,84.5417,9.5792,0.7,972.5167,-8.2921,-3.0754,27.088
2024-07-06,32.235,4,6.145,38.05,23.58,28.5792,80.375,9.0417,1.0,971.3375,-7.0309,-2.9205,19.383
2024-07-07,16.38,4,4.835,21.72,10.29,28.6125,76.2917,6.75,0.1,974.4,-4.4123,-1.8578,22.85
2024-07-08,26.52,4,7.302,31.93,15.75,28.9125,75.9583,7.6542,0.0,977.4375,-2.2037,-3.2809,31.742
2024-07-09,50.425,4,7.231,57.07,42.17,29.5042,79.9167,6.4625,4.9,978.3625,-4.3523,0.5336,54.583
2024-07-10,72.067,4,2.506,74.73,69.21,30.3792,79.0833,6.175,11.3,978.2125,-0.9188,2.735,75.125
2024-07-11,62.14,4,10.606,71.89,50.88,31.2542,76.0,9.2042,3.9,974.1292,1.9781,1.6859,61.504
2024-07-12,32.715,4,6.499,38.19,23.82,30.3125,74.375,9.2333,0.5,972.375,7.8793,0.5176,62.712
2024-07-13,50.032,4,6.064,58.48,44.54,29.9625,77.25,5.4833,12.4,973.2375,0.6708,-0.9227,66.729
2024-07-14,61.237,4,4.341,65.17,56.29,31.1292,72.375,4.6833,0.3,973.1375,-2.3907,-0.0054,84.167
2024-07-15,54.985,4,8.995,62.46,41.92,30.2417,75.7083,11.3125,3.0,975.7625,-10.439,-0.0757,65.708
2024-07-16,53.69,4,1.853,55.41,51.96,30.775,77.125,10.6625,17.0,976.3958,-9.6656,1.2931,43.65
2024-07-17,44.46,4,5.454,49.0,36.88,31.2708,75.2917,10.6042,0.2,976.2167,-9.7172,2.1257,40.533
2024-07-18,55.377,4,8.463,61.38,42.92,31.2333,75.9167,7.5875,2.0,974.9333,-6.2091,3.2021,41.875
2024-07-19,83.985,4,9.977,96.0,74.92,30.575,77.0417,7.7417,0.9,973.7625,-6.1551,2.5921,45.942
2024-07-20,58.812,4,2.192,61.75,56.62,31.025,75.0833,8.3042,0.2,974.5083,-7.2348,3.7542,50.446
2024-07-21,47.447,4,29.664,80.0,8.0,31.1083,78.0417,9.7375,1.9,974.4875,-8.1892,4.3303,59.613
2024-07-22,42.922,4,6.03,48.93,34.79,30.9667,78.0417,8.3458,5.0,974.6625,-6.9973,3.4637,43.833
2024-07-23,56.692,4,5.379,62.62,50.43,30.3958,80.375,5.5583,4.3,973.6792,-4.2229,0.8757,55.396
2024-07-24,63.59,4,7.919,71.0,55.29,29.5667,82.2083,5.2042,6.9,970.4625,-3.637,0.08,62.471
2024-07-25,48.76,4,4.151,53.13,43.37,30.8542,76.1667,4.6583,0.6,969.5875,-0.8008,-1.106,57.888
2024-07-26,65.757,4,13.289,81.46,51.42,29.8958,81.125,6.7292,10.2,971.3833,-0.5964,-0.6787,54.783
2024-07-27,56.36,4,7.098,64.71,48.31,30.5125,80.7917,5.8333,4.5,973.5458,-2.6942,-0.3407,48.25
2024-07-28,37.852,4,3.606,41.0,32.67,31.4583,76.9167,9.1458,6.0,973.725,-8.2856,1.1429,40.867
2024-07-29,36.938,4,5.168,42.43,30.12,31.8125,72.5417,11.8667,0.3,973.7375,-11.269,3.3614,37.337
2024-07-30,46.35,4,5.007,52.71,40.64,32.8,69.7917,10.875,0.1,975.0333,-7.8252,6.4749,45.617
2024-07-31,38.822,4,9.087,50.12,28.17,31.0458,78.25,7.1958,116.0,975.0,0.779,2.2465,35.362
2024-08-01,21.75,4,4.119,25.24,16.66,28.1792,85.1667,6.5208,34.7,974.6625,-2.1278,5.1787,34.712
2024-08-02,39.332,4,5.053,44.58,33.11,28.4292,83.25,11.0458,3.0,973.5625,-9.6818,4.5761,31.954
2024-08-03,28.407,4,5.607,34.24,20.75,28.9167,82.4583,13.5458,1.9,975.2625,-11.1832,7.3277,26.904
2024-08-04,23.31,4,6.417,31.2,15.79,29.7125,74.0833,17.275,0.1,976.8125,-16.4502,0.144,25.588
2024-08-05,25.84,4,6.166,32.21,17.5,29.0375,76.5,22.0125,1.2,976.3667,-18.9148,7.5007,21.575
2024-08-06,24.677,4,13.046,42.41,11.08,29.0042,76.2917,11.3042,0.1,975.4292,-0.341,10.5103,25.258
2024-08-07,25.015,4,11.885,38.81,9.78,27.3125,86.0,7.1458,16.4,976.4833,2.9962,5.3489,29.767
2024-08-08,26.835,4,5.888,32.03,18.46,27.5708,87.0833,7.4625,10.8,977.9125,-2.7824,2.5877,34.533
2024-08-09,34.855,4,7.871,42.18,24.86,27.775,86.7083,5.95,30.8,979.0083,-4.5762,0.862,34.933
2024-08-10,45.165,4,8.161,53.71,36.06,27.6375,87.4167,5.6292,16.7,978.0625,-4.2075,-1.1182,44.421
2024-08-11,33.44,4,9.089,44.19,21.96,27.3167,88.625,6.2792,11.4,976.7458,-4.689,1.3815,37.187
2024-08-12,38.34,4,8.922,45.21,25.54,26.7708,90.9583,7.6208,10.9,977.6958,-7.0094,-1.4159,28.675
2024-08-13,31.857,4,9.459,45.54,25.33,27.3375,89.7083,9.0292,9.1,978.8292,-8.6693,-0.9248,30.783
2024-08-14,45.948,4,7.95,53.96,38.7,28.0333,89.0417,6.7625,7.8,979.1625,-6.3577,-0.6269,35.642
2024-08-15,36.438,4,2.521,39.88,34.29,28.4458,87.0,9.4542,10.9,978.0875,-8.3054,2.3036,36.967
2024-08-16,29.365,4,6.48,38.26,22.71,27.8667,87.6667,10.9125,15.0,977.4542,-9.5325,4.0899,24.042
2024-08-17,43.433,4,9.725,57.03,35.38,28.4917,85.8333,5.7708,7.7,979.8333,0.185,-1.5102,31.271
2024-08-18,40.462,4,8.821,52.79,33.51,29.1,82.7917,8.6875,2.3,980.6,7.9988,-1.5817,41.342
2024-08-19,36.665,4,6.991,45.08,29.54,29.0708,81.6667,7.575,1.6,979.6208,5.6574,-1.3763,30.433
2024-08-20,31.33,4,7.884,41.4,22.17,28.2042,85.5,4.9667,4.3,979.6875,1.4543,1.1824,37.496
2024-08-21,37.733,4,8.058,46.87,27.71,28.3792,85.6667,4.4375,5.4,980.775,-0.8999,0.5844,38.612
2024-08-22,38.005,4,10.083,51.65,27.33,28.2542,85.875,4.9167,7.0,979.8208,1.3081,0.332,43.521
2024-08-23,41.72,4,11.064,55.82,29.17,27.4125,86.3333,5.3333,0.9,980.2708,-2.191,-0.5116,43.983
2024-08-24,62.528,4,11.143,68.71,45.83,28.3125,84.4583,5.975,8.8,979.7917,-3.6082,-3.0082,54.004
2024-08-25,36.383,4,9.157,44.96,24.62,28.7792,79.2083,16.55,15.2,977.6167,-16.2273,-0.621,24.479
2024-08-26,36.465,4,6.149,43.71,28.67,28.1875,82.5417,15.3917,3.8,977.4708,-14.9956,2.5456,27.971
2024-08-27,26.855,4,4.871,30.65,20.08,27.2542,85.3333,17.3,11.1,979.5083,-15.6029,6.8532,25.079
2024-08-28,28.88,4,5.453,33.83,22.25,26.8625,87.375,10.1792,7.9,979.3708,-8.4446,4.9569,19.783
2024-08-29,32.733,4,7.057,41.51,24.32,26.9333,87.2917,10.4292,19.5,979.4292,-7.9155,5.4162,31.075
2024-08-30,64.425,4,11.13,76.03,49.98,27.525,88.2083,5.6792,7.5,981.3958,-2.5613,0.2018,46.604
2024-08-31,48.108,4,7.949,54.21,36.96,29.2458,78.9583,8.4208,0.0,980.8125,6.0118,-5.7188,42.862
2024-09-01,49.525,4,8.809,57.02,36.77,29.6458,76.375,8.1417,0.1,980.3875,1.9427,-2.9296,39.496
2024-09-02,43.66,4,5.753,48.94,36.71,28.0167,83.875,10.3208,11.7,981.1792,-9.2972,3.3091,33.871
2024-09-03,40.825,4,2.872,44.85,38.04,27.4083,86.6667,8.5875,17.8,981.6208,-7.1174,-0.3899,31.704
2024-09-04,29.815,4,3.995,34.68,25.0,27.2375,86.625,5.9083,0.9,979.5083,0.8263,-0.994,33.067
2024-09-05,51.23,4,6.828,59.69,43.96,27.5667,84.1667,3.5375,2.9,977.6042,1.9312,-0.4231,48.675
2024-09-06,41.295,4,8.914,51.8,30.0,26.5125,89.3333,7.05,14.7,979.2,-6.1554,2.0194,34.754
2024-09-07,38.398,4,5.414,44.29,33.67,26.8458,88.0833,5.0208,23.6,980.2917,-2.7069,0.9664,29.475
2024-09-08,64.46,4,9.521,73.13,51.04,27.6417,86.9167,5.175,14.1,979.9083,2.5651,-2.3639,45.138
2024-09-09,65.34,4,12.222,81.25,51.87,28.4458,81.625,6.2125,3.4,977.8417,2.7732,-3.3838,47.525
2024-09-10,55.3,4,13.204,73.0,41.04,27.25,88.9167,3.5875,11.8,977.4375,-1.6925,-0.645,42.796
2024-09-11,40.513,3,10.154,46.54,28.79,27.5042,89.4167,7.2958,26.7,977.0208,0.3616,-5.3429,43.383
2024-09-12,18.757,3,5.187,23.85,13.48,25.4083,91.5,16.8958,100.8,975.325,-2.0849,-15.9883,23.988
2024-09-13,21.82,3,6.732,29.0,15.65,25.4208,89.375,13.9458,54.7,976.2667,11.6935,-3.3074,37.379
2024-09-14,40.93,4,12.717,57.0,27.08,25.9917,83.8333,10.1125,4.7,978.7042,7.2076,-3.1893,47.442
2024-09-15,60.915,4,26.109,97.07,34.71,26.4125,79.2917,11.2083,0.1,979.2333,9.6735,-3.5927,44.996
2024-09-16,88.605,4,58.791,176.43,51.92,27.2208,72.5417,11.95,0.0,980.5833,10.7755,-3.6444,57.267
2024-09-17,83.483,4,40.558,143.8,57.75,27.6292,74.0833,7.0833,0.0,981.9625,3.863,-2.4745,66.367
2024-09-18,45.525,4,5.55,53.0,39.96,24.9583,86.0833,10.6833,62.7,980.9458,-5.4298,-7.7427,39.542
2024-09-19,43.715,4,9.53,55.03,35.82,26.2292,85.5,11.3125,3.7,980.7833,-10.1059,-0.3783,43.658
2024-09-20,48.42,4,20.176,78.64,37.17,27.225,80.4167,6.6542,0.0,981.0583,-2.9844,2.919,57.858
2024-09-21,81.31,4,61.671,173.48,43.52,27.8917,79.25,4.7167,0.2,982.2708,0.3138,2.2053,70.033
2024-09-22,133.603,3,97.413,245.85,71.17,29.0292,77.125,5.7083,0.0,981.6875,3.6906,-2.5886,72.537
2024-09-23,91.28,3,10.964,100.2,79.04,28.95,78.3333,6.6792,0.0,981.1,5.6124,-2.6605,65.987
2024-09-24,143.607,4,71.757,251.07,102.03,29.3542,77.125,3.8125,0.0,980.075,0.7145,0.6184,95.425
2024-09-25,113.157,4,31.136,159.86,97.42,29.0083,81.4583,10.6,0.4,980.375,-8.9411,5.0356,84.167
2024-09-26,33.725,4,4.082,37.75,28.04,27.95,81.7083,10.6667,0.4,980.4333,-9.3046,4.4477,27.954
2024-09-27,21.062,4,5.867,26.31,13.83,27.3167,79.6667,10.4833,0.8,980.0625,-9.7198,0.8949,20.446
2024-09-28,37.068,4,23.512,71.55,18.62,26.3125,81.2917,7.8875,0.0,981.9,-6.1432,-1.7249,24.517
2024-09-29,38.883,4,6.584,48.5,34.15,26.3833,83.1667,6.7667,0.3,984.5333,-3.8366,-2.3366,35.133
2024-09-30,75.39,4,6.146,82.91,70.29,27.7625,77.4583,8.4833,0.0,983.6292,7.147,-2.2742,49.55
2024-10-01,83.09,4,11.354,92.42,68.2,28.3375,76.3333,8.5583,0.0,980.8917,7.1259,-1.6769,61.912
2024-10-02,89.135,4,12.488,105.91,77.21,28.9375,72.5833,9.3417,0.0,980.2833,7.8242,-0.0757,73.775
2024-10-03,78.78,4,16.988,101.78,64.67,28.6167,65.9583,10.55,0.0,979.8208,8.0212,-2.0039,72.608
2024-10-04,84.235,4,15.425,107.07,73.71,28.3625,68.0,8.8125,0.0,980.9958,4.6163,0.1133,68.304
2024-10-05,66.847,4,27.13,105.39,46.29,28.3958,66.1667,9.9708,0.0,983.1375,6.6166,-0.2748,59.325
2024-10-06,53.47,4,10.642,65.12,41.17,27.7958,65.4167,9.0458,0.0,986.3042,4.761,-3.4994,42.262
2024-10-07,58.183,4,8.768,67.51,47.46,26.7083,71.0417,6.8167,0.0,988.2625,3.999,-4.3865,44.225
2024-10-08,91.845,4,26.679,131.74,76.42,27.0042,69.875,7.1125,0.0,987.7125,2.3306,-4.7758,46.579
2024-10-09,74.35,4,2.054,77.3,72.76,26.525,65.25,7.3458,0.0,985.775,5.6774,-3.4053,36.858
2024-10-10,61.398,4,10.713,71.27,46.17,26.1583,60.2917,9.5917,0.0,985.0125,7.7956,-4.3569,37.775
2024-10-11,69.787,4,10.811,79.08,56.71,25.0417,56.375,9.2333,0.0,985.1208,8.5732,-1.8809,39.713
2024-10-12,94.33,4,15.759,113.47,76.54,25.3083,61.1667,8.0,0.0,985.7,4.7523,-0.7884,45.933
2024-10-13,128.452,4,33.346,177.14,105.78,25.9792,56.625,6.3917,0.0,986.5958,0.9834,-0.6574,61.971
2024-10-14,135.775,4,38.328,192.01,110.17,25.6875,55.4167,6.2417,0.0,987.0792,1.5803,-1.4473,53.421
2024-10-15,111.645,4,20.579,140.75,92.79,25.1833,56.7083,9.0833,0.0,986.1875,7.8083,-1.8965,52.133
2024-10-16,125.645,4,13.584,143.03,109.83,25.7208,57.5,6.6875,0.0,985.1708,3.6179,0.6249,67.838
2024-10-17,168.86,4,26.951,187.86,130.5,26.2917,62.9167,6.0667,0.0,985.75,-3.2658,0.8203,90.763
2024-10-18,163.043,4,31.516,206.94,135.83,26.1417,65.0,6.3542,0.0,985.65,-1.4661,1.5361,88.346
2024-10-19,149.232,4,30.067,192.8,123.92,26.8792,63.1667,5.7625,0.0,985.9542,-0.0514,1.1463,92.304
2024-10-20,183.31,4,16.666,203.07,166.63,26.4875,67.6667,6.8375,0.0,987.2667,-4.8272,0.3167,99.896
2024-10-21,187.125,4,17.029,210.47,171.58,25.6375,70.4583,6.4792,0.0,987.8542,-4.7714,-2.3866,99.008
2024-10-22,193.653,4,18.154,208.71,171.22,25.575,67.5417,7.2542,0.0,988.8333,-3.5291,-4.0048,103.671
2024-10-23,238.618,4,54.187,299.81,172.33,26.075,61.2917,10.0333,0.0,988.1792,7.0634,-6.4075,78.454
2024-10-24,158.847,4,37.225,196.17,107.25,25.5042,59.4583,10.9042,0.0,986.8708,8.1371,-6.6694,68.342
2024-10-25,134.765,4,26.08,160.44,98.38,25.0083,60.6667,10.4042,0.0,986.1333,8.4258,-5.1858,58.175
2024-10-26,200.14,4,18.645,227.8,187.34,24.6542,65.9583,8.775,0.0,986.0542,2.4508,-5.966,58.662
2024-10-27,212.74,4,8.0,223.81,204.98,25.1667,73.75,6.5583,0.0,985.3375,-5.629,2.5692,90.9
2024-10-28,160.49,4,9.783,173.43,152.38,25.6958,71.0,7.4833,0.0,984.0958,-3.1303,6.5214,99.138
2024-10-29,143.115,4,14.557,162.3,126.96,26.425,70.0833,6.575,0.0,984.4708,-2.0729,5.3545,91.025
2024-10-30,211.233,4,13.987,224.5,196.71,27.0375,64.6667,7.5792,0.0,985.175,1.1792,-2.043,86.296
2024-10-31,234.288,4,7.103,242.08,227.4,26.1042,62.9167,10.9958,0.0,986.8125,9.7757,-4.476,72.492
2024-11-01,266.45,4,16.056,281.51,252.45,24.8792,52.6667,11.9042,0.0,987.5917,10.0649,-4.2685,55.3
2024-11-02,259.815,4,32.617,307.43,234.73,24.4458,53.7917,7.0833,0.0,988.6875,2.4404,-1.03,70.917
2024-11-03,285.6,4,24.609,314.47,255.1,24.4,54.25,6.5583,0.0,989.575,-0.8246,-1.3533,92.983
2024-11-04,286.957,4,37.373,337.88,251.91,23.7583,61.8333,6.7125,0.0,988.1708,4.2985,-2.1372,121.592
2024-11-05,250.877,4,19.47,274.57,234.83,23.4375,71.0,6.4333,0.0,990.0958,-5.8124,-0.3695,133.825
2024-11-06,243.042,4,16.592,254.62,219.34,23.9708,67.3333,5.5667,0.0,990.4083,0.8138,-0.403,144.958
2024-11-07,284.288,4,22.414,310.21,262.97,24.2208,66.625,5.7208,0.0,989.5875,-1.9521,3.017,142.962
2024-11-08,257.945,4,25.25,285.58,224.68,24.6583,66.2917,5.4083,0.0,989.3917,-2.5994,3.8097,154.425
2024-11-09,213.553,4,7.768,220.37,205.08,24.5625,67.5833,7.8083,0.0,989.6,-4.243,6.135,124.175
2024-11-10,211.007,4,9.619,223.67,200.5,24.3167,69.375,6.4917,0.0,989.5042,-5.4866,1.9391,107.783
2024-11-11,240.847,4,26.441,269.19,205.54,23.8875,74.4167,6.0875,0.0,989.4167,-4.2948,-0.9667,122.246
2024-11-12,224.233,4,34.275,251.12,175.11,24.9583,60.0417,7.4167,0.0,988.9583,3.9356,0.7274,107.592
2024-11-13,463.57,4,32.104,511.37,443.99,24.0833,56.125,5.5125,0.0,988.1292,4.6464,-2.5707,140.858
2024-11-14,338.702,4,10.078,350.09,325.63,24.0958,55.4167,3.2542,0.0,990.1208,1.7693,-1.1781,156.279
2024-11-15,331.11,4,53.667,397.62,267.49,23.775,51.1667,5.9625,0.0,989.5375,4.8468,-2.7448,110.488
2024-11-16,411.3,4,47.503,454.75,346.66,23.3,55.5417,5.5458,0.0,988.5625,4.2717,-2.2532,125.696
2024-11-17,458.58,4,27.699,475.87,417.77,22.9458,57.9167,4.9083,0.0,989.1417,4.1246,-2.1057,133.125
2024-11-18,667.423,4,54.12,725.86,594.85,20.8375,59.625,5.4292,0.0,990.7,4.9772,-1.9745,106.496
2024-11-19,374.808,4,46.615,427.95,318.9,20.1042,51.2917,5.7708,0.0,991.6667,5.2673,-1.8502,95.467
2024-11-20,289.535,4,17.694,303.92,265.42,19.7875,49.5417,5.5208,0.0,990.6042,5.025,-1.6686,105.35
2024-11-21,238.89,4,20.438,254.54,209.09,19.7792,50.5,5.4042,0.0,990.1333,5.0079,-1.692,113.142
2024-11-22,325.49,4,26.251,345.96,287.06,20.3417,53.875,4.5917,0.0,989.8792,4.0062,-1.656,153.029
2024-11-23,283.735,4,27.417,318.4,252.29,20.9083,51.3333,4.2375,0.0,990.3708,2.7786,1.0735,176.221
2024-11-24,171.15,4,21.037,193.58,143.02,21.475,48.1667,7.3875,0.0,990.2125,6.9445,-0.1421,90.475
2024-11-25,282.825,4,23.494,307.6,251.98,20.6,57.2917,7.6708,0.0,990.2292,7.1136,-2.0009,104.962
2024-11-26,173.928,4,18.363,196.54,154.43,19.6875,55.75,6.4708,0.0,990.3542,5.9096,-1.7282,72.896
2024-11-27,163.803,4,14.453,183.46,152.46,19.7708,49.0417,4.3375,0.0,989.8833,3.3842,-1.9417,81.729
2024-11-28,222.195,4,19.64,238.85,194.14,19.4708,50.25,3.3833,0.0,991.4417,1.3333,-2.6768,101.308
2024-11-29,230.007,4,31.383,257.73,185.94,18.9458,58.9583,2.3917,0.0,992.0583,0.4878,-2.1727,121.142
2024-11-30,227.075,4,20.498,247.38,201.32,18.9417,60.0,4.3042,0.0,990.25,2.9181,-2.1557,97.271
2024-12-01,161.575,4,9.265,169.9,148.31,19.3708,61.4583,4.8208,0.0,988.4667,4.0374,-2.3782,69.483
2024-12-02,157.727,4,6.487,166.29,150.88,19.5,58.375,4.9167,0.0,988.7042,4.0347,-2.3348,67.792
2024-12-03,147.345,4,9.43,153.79,133.36,20.1417,56.25,6.6208,0.0,990.775,5.0852,-3.8157,50.608
2024-12-04,79.032,4,11.559,95.24,68.01,20.0958,49.75,9.775,0.0,989.9417,8.5348,-4.5879,35.546
2024-12-05,91.157,4,6.627,96.48,82.12,17.8667,44.5417,8.1792,0.0,989.45,7.7641,-1.748,33.258
2024-12-06,105.743,4,12.628,119.72,89.09,17.5625,46.9583,7.1667,0.0,988.3208,6.4002,-1.889,48.875
2024-12-07,149.48,4,15.079,168.72,132.08,16.9,44.0417,3.3625,0.0,987.9042,0.9456,-0.2236,99.979
2024-12-08,201.078,4,27.439,230.85,174.11,16.1167,56.1667,8.1958,1.5,987.6792,-6.3629,4.3145,97.767
2024-12-09,103.328,4,19.037,128.56,84.03,15.3458,65.375,4.3208,0.0,989.9917,-0.8812,-1.2084,66.554
2024-12-10,124.338,4,29.177,166.96,101.79,14.5292,52.875,8.2625,0.0,991.9958,6.6304,-4.4777,53.875
2024-12-11,117.96,4,11.18,129.27,106.75,13.9042,46.7083,8.0292,0.0,991.725,7.381,-2.9269,46.154
2024-12-12,171.445,4,17.731,198.0,161.35,14.2667,52.125,7.4542,0.0,991.125,6.4664,-3.578,70.171
2024-12-13,119.48,4,4.972,126.33,114.42,14.85,47.7083,11.9208,0.0,992.3417,10.6409,-5.1799,47.733
2024-12-14,117.355,4,9.069,127.67,106.85,14.675,44.2083,9.5583,0.0,992.5375,8.9984,-2.8346,45.775
2024-12-15,214.332,4,16.444,236.26,198.29,14.2833,51.5,4.3917,0.0,993.7875,3.718,-2.0088,92.875
2024-12-16,350.555,4,36.825,388.3,300.25,14.1833,67.0417,3.3667,0.0,992.1083,2.154,-2.0953,152.75
2024-12-17,413.83,4,54.189,482.74,353.54,14.2042,74.0,2.8167,0.0,990.7458,0.9639,-1.39,185.233
2024-12-18,417.952,4,20.244,443.15,394.54,14.0208,69.1667,4.1875,0.0,990.2375,3.9435,-0.6407,145.833
2024-12-19,442.605,4,43.452,499.47,393.62,14.5292,62.5417,4.4292,0.0,990.3042,-2.6295,1.7253,187.183
2024-12-20,344.465,4,13.164,361.6,332.52,16.25,62.25,4.1375,0.0,990.0667,-0.2652,-2.8457,135.871
2024-12-21,255.305,4,8.0,263.3,244.62,15.4917,64.625,4.9208,0.0,990.5458,2.8138,-3.3181,135.887
2024-12-22,362.558,4,29.662,395.83,323.92,16.3042,59.5417,3.3333,0.0,990.3667,-1.305,1.2531,179.696
2024-12-23,325.375,4,43.031,389.62,299.0,14.4917,68.4583,6.7292,1.4,990.4208,-6.378,0.8744,129.492
2024-12-24,221.47,4,9.24,231.88,212.86,14.6958,76.5833,5.3542,0.5,991.7417,-2.4963,-2.4226,111.113
2024-12-25,222.57,4,9.99,232.25,213.58,15.0917,77.625,5.1708,0.0,993.5208,3.0335,-3.5023,119.375
2024-12-26,263.962,4,44.417,328.06,229.04,16.1083,67.625,3.1125,0.0,995.2292,0.1816,-0.987,164.846
2024-12-27,169.585,4,21.354,201.56,158.0,15.1542,84.3333,7.6292,29.9,993.6708,-5.8696,-2.818,120.487
2024-12-28,108.773,4,4.174,112.64,104.08,14.9542,89.3333,5.4167,4.6,993.2833,0.8515,-2.1602,112.417
2024-12-29,105.885,4,12.934,123.29,94.88,13.7292,86.0417,8.0542,0.0,995.0333,6.379,-4.7273,93.904
2024-12-30,106.463,4,6.731,115.46,99.17,12.6917,87.25,7.6,0.0,994.1708,6.9664,-2.5793,88.008
2024-12-31,207.08,4,27.687,236.47,172.74,11.3208,88.7917,3.5208,0.0,995.2375,3.0715,-1.5398,144.792
2025-01-01,,0,,,,11.1625,88.875,5.85,0.0,993.375,5.0799,-2.3121,145.175
2025-01-02,,0,,,,12.3833,85.125,6.6625,0.0,992.6125,5.9745,-1.7911,145.371
2025-01-03,,0,,,,12.8458,86.0,4.2417,0.0,992.3583,3.7854,-1.0754,158.792
2025-01-04,,0,,,,13.4958,88.8333,4.2,0.0,990.2958,-1.6538,1.2334,166.492
2025-01-05,,0,,,,12.4583,89.7083,6.3625,0.0,990.4292,-5.0901,3.4498,158.225
2025-01-06,,0,,,,13.025,88.875,4.9417,4.9,991.4583,1.6309,-2.3231,141.204
2025-01-07,,0,,,,13.0125,88.125,9.8458,0.0,992.1417,8.8708,-4.1595,109.767
2025-01-08,,0,,,,12.7375,75.0833,8.7833,0.0,990.3167,8.4809,-1.8295,71.921
2025-01-09,,0,,,,12.8,76.7083,2.7333,0.0,992.5667,0.1709,-0.1825,161.037
2025-01-10,,0,,,,12.15,85.0833,4.4542,0.0,994.2333,-3.8299,1.118,256.733
2025-01-11,,0,,,,12.2042,87.6667,6.775,3.9,992.8458,-6.0805,1.4333,155.467
2025-01-12,,0,,,,13.275,87.375,4.3417,0.1,993.525,-1.07,-0.4334,86.392
2025-01-13,,0,,,,13.3958,85.625,6.8125,0.0,993.1708,6.0796,-2.8914,92.588
2025-01-14,,0,,,,13.2542,82.875,4.6917,0.0,993.5208,3.424,-2.0216,115.35
2025-01-15,,0,,,,13.0625,87.1667,3.3792,2.9,994.4333,-2.4709,1.1521,205.625
2025-01-16,,0,,,,13.9125,83.7083,4.2583,0.7,995.4083,-1.9014,-1.8815,130.758
2025-01-17,,0,,,,13.2,80.6667,6.8333,0.0,994.8042,5.2637,-4.1675,99.833
2025-01-18,,0,,,,12.3,86.4167,4.175,0.0,992.9667,3.3438,-1.1479,139.7
2025-01-19,,0,,,,14.6292,85.8333,3.1625,0.0,991.7125,1.3725,-1.9198,173.146
2025-01-20,,0,,,,16.3542,83.1667,7.4583,0.0,989.9792,6.9986,-2.1948,104.754
2025-01-21,,0,,,,15.9875,77.9583,7.425,0.0,988.8,6.9061,-2.4236,82.075
2025-01-22,,0,,,,16.1875,75.25,4.6667,0.0,988.4125,3.7131,-2.5375,87.746
2025-01-23,,0,,,,16.3083,70.5417,7.1167,1.6,990.0375,5.441,-4.0027,75.029
2025-01-24,,0,,,,14.9458,67.0417,9.0875,0.0,990.2125,8.5649,-2.5965,54.992
2025-01-25,,0,,,,14.2083,62.6667,9.1083,0.0,989.7625,9.0132,-0.4972,48.083
2025-01-26,,0,,,,14.0833,62.0417,7.1583,0.0,989.4167,7.0305,-0.6723,58.246
2025-01-27,,0,,,,14.3917,62.0,7.0583,0.0,988.1917,6.8205,-0.8197,74.083
2025-01-28,,0,,,,15.3042,58.2917,5.4625,0.0,987.8,4.6694,0.0116,98.429
2025-01-29,,0,,,,16.6667,63.0417,7.2083,0.0,989.2125,-6.2177,3.2284,145.225
2025-01-30,,0,,,,17.7458,66.3333,5.825,0.0,986.2417,-3.4198,3.8662,153.192
2025-01-31,,0,,,,18.7875,65.3333,4.1458,0.0,985.8167,-1.626,2.4497,162.837
2025-02-01,,0,,,,19.1333,63.0417,6.5417,0.0,987.9833,-3.155,1.0594,96.937
2025-02-02,,0,,,,17.8875,70.125,7.1292,0.0,990.2708,4.4969,-4.9176,98.683
2025-02-03,,0,,,,16.3833,66.125,5.05,1.7,989.4708,2.4663,-3.1356,97.125
2025-02-04,,0,,,,17.5958,70.0417,3.6542,0.7,989.4875,-2.488,0.445,95.775
2025-02-05,,0,,,,16.2,68.0833,7.1042,0.3,990.4333,5.6196,-3.7088,74.571
2025-02-06,,0,,,,15.8792,51.4167,11.8958,0.0,991.8917,7.8162,-8.54,58.533
2025-02-07,,0,,,,15.3292,52.1667,12.775,0.0,991.6458,11.6721,-5.026,51.404
2025-02-08,,0,,,,16.7,51.6667,9.9958,0.0,990.35,8.9613,-3.5589,51.475
2025-02-09,,0,,,,17.8583,58.625,5.1625,0.0,989.4708,4.7965,-1.6438,73.942
2025-02-10,,0,,,,19.2167,59.2917,4.4458,0.0,988.8917,3.405,-1.2639,96.996
2025-02-11,,0,,,,20.2792,60.1667,4.35,0.0,988.3375,1.7345,-1.7749,99.112
2025-02-12,,0,,,,19.275,51.375,10.2083,0.0,989.4125,8.1695,-5.2874,52.567
2025-02-13,,0,,,,18.325,46.7917,12.5542,0.0,989.825,10.4841,-6.2019,44.258
2025-02-14,,0,,,,18.5125,42.375,10.0667,0.0,987.9833,9.4721,-2.9165,45.554
2025-02-15,,0,,,,19.9125,46.0417,5.4625,0.0,985.9125,-1.2831,-2.5599,67.158
2025-02-16,,0,,,,20.3792,52.25,4.0417,0.0,987.5292,-0.0512,-1.2401,89.463
2025-02-17,,0,,,,21.6708,51.625,2.6208,0.0,990.2125,0.964,-1.62,73.971
2025-02-18,,0,,,,20.9625,53.375,5.4583,0.0,989.7625,3.9047,-2.0522,62.95
2025-02-19,83.613,10,12.398,103.955,66.178,20.6417,51.1667,5.5917,1.0,988.1292,4.758,0.3791,60.604
2025-02-20,64.729,9,12.684,84.458,47.0,19.0208,69.4167,11.6667,7.1,988.9583,-8.9774,0.2341,50.329
2025-02-21,88.388,10,8.59,98.045,73.834,18.9833,71.2083,5.7958,0.4,991.8042,0.7104,-3.0321,54.446
2025-02-22,63.027,10,9.533,78.333,45.712,18.3375,66.25,8.3125,0.0,991.6292,7.2364,-3.9813,51.446
2025-02-23,72.903,10,9.717,90.542,53.703,18.95,61.6667,5.5625,0.0,992.5042,4.6355,-2.5187,51.208
2025-02-24,94.087,10,17.934,124.318,63.642,20.1,56.625,5.2458,0.0,993.4083,3.8078,-3.0721,66.783
2025-02-25,102.329,10,11.596,121.333,84.375,21.375,53.5833,4.2083,0.0,993.5583,1.8481,-1.4113,79.35
2025-02-26,127.677,10,23.21,161.625,99.228,23.7458,54.7083,4.6625,0.0,993.3375,-0.5943,3.549,80.871
2025-02-27,82.173,10,22.488,123.29,52.334,21.1167,69.6667,8.4958,1.0,990.7,-6.2727,-2.5141,55.962
2025-02-28,66.387,10,22.124,121.132,44.437,20.0625,73.4167,9.5167,3.3,987.3292,-8.0649,1.0624,45.867
2025-03-01,61.417,10,8.647,72.101,48.375,19.525,81.0417,7.4292,7.7,988.4417,-5.6877,-1.8042,55.833
2025-03-02,53.154,9,13.596,85.458,36.085,19.0958,67.0833,7.425,0.0,987.6,4.5561,-5.1598,60.854
2025-03-03,67.122,8,10.946,81.375,50.854,19.775,59.0417,5.2875,0.0,986.5667,-1.3386,0.942,57.321
2025-03-04,56.403,8,6.423,67.042,49.75,19.8375,60.0833,10.9125,0.0,988.1042,8.9512,-3.918,86.896
2025-03-05,30.908,9,4.321,38.0,25.501,17.7833,45.1667,17.6167,0.0,989.1667,15.0967,-8.9568,137.979
2025-03-06,52.025,10,9.175,64.292,38.633,19.6167,41.375,10.0417,0.0,987.2083,9.5142,-2.8841,98.796
2025-03-07,92.921,10,18.785,122.542,57.138,20.8833,43.9583,5.2042,0.0,985.6792,4.425,-1.6271,74.004
2025-03-08,80.374,9,12.075,94.125,61.833,22.3833,43.3333,6.85,0.0,984.2917,5.9092,-1.994,76.763
2025-03-09,104.348,9,14.253,121.917,77.208,24.7417,43.2083,6.25,0.0,987.4875,-3.3534,4.4317,89.625
2025-03-10,99.08,10,15.516,135.75,80.915,25.2208,45.75,8.4917,0.0,990.7125,-6.0858,5.2799,79.433
2025-03-11,126.952,10,19.182,165.875,104.599,26.9042,45.9583,3.9083,0.0,988.5208,0.0068,-0.3185,81.471
2025-03-12,102.703,10,20.445,141.833,78.479,26.4125,49.7917,7.6208,0.0,984.6875,6.5489,-3.5383,77.183
2025-03-13,86.21,10,12.83,102.833,65.758,25.2125,53.2083,5.5542,5.9,983.1,1.4028,-1.5409,66.875
2025-03-14,93.102,10,20.427,127.565,67.792,25.75,50.875,5.975,0.0,984.1333,-0.4221,0.9421,63.637
2025-03-15,26.981,10,4.82,34.125,20.261,24.1208,54.7083,9.0708,0.5,985.8292,-4.2808,-3.647,56.317
2025-03-16,43.374,10,5.261,48.75,34.042,23.7083,48.2917,7.4,0.1,987.2333,3.8528,-5.0588,57.717
2025-03-17,56.582,9,7.238,71.542,48.375,23.1458,44.375,8.0958,0.0,988.075,6.232,-4.5311,68.821
2025-03-18,64.081,8,12.602,85.261,51.292,23.575,43.3333,7.9625,0.0,987.925,6.8896,-3.2959,69.042
2025-03-19,71.921,10,13.092,90.125,46.467,25.2,37.375,6.25,0.0,988.6875,4.1163,-2.9782,70.096
2025-03-20,68.602,10,15.241,96.304,48.013,26.225,32.375,6.3833,0.0,989.8833,3.3781,-4.3572,62.663
2025-03-21,64.881,9,15.971,97.217,42.269,25.4625,32.2917,8.8625,0.0,989.3708,6.603,-5.4011,77.1
2025-03-22,80.513,9,14.392,103.0,61.469,25.2333,32.75,8.2167,0.0,988.2042,6.513,-3.1795,62.004
2025-03-23,81.713,8,16.212,113.583,64.49,26.0083,33.75,5.1375,0.0,989.8,1.3683,1.7436,66.146
2025-03-24,95.34,9,11.009,113.958,74.522,27.2417,31.6667,4.9458,0.0,989.1,-0.1282,2.0654,67.654
2025-03-25,112.879,10,16.837,138.333,82.66,28.6833,31.625,6.0958,0.0,985.1875,-1.376,0.6067,73.067
2025-03-26,110.914,10,20.803,156.818,85.042,30.0583,28.9167,5.3083,0.0,982.3417,0.0424,3.3369,68.208
2025-03-27,102.714,10,16.275,125.25,77.458,30.1042,27.4583,6.4,0.0,982.0917,4.3479,-0.6704,76.783
2025-03-28,56.361,10,11.937,75.375,38.312,26.1333,24.5417,12.1,0.0,984.7458,10.8578,-4.5522,108.396
2025-03-29,39.521,10,7.731,49.4,24.574,23.05,21.625,13.1167,0.0,985.375,11.4768,-6.1749,133.767
2025-03-30,45.661,10,11.01,62.0,27.545,24.8208,21.7083,9.9083,0.0,985.8792,8.849,-4.3311,101.762
2025-03-31,71.978,9,10.19,84.625,56.875,26.1958,21.1667,8.5333,0.0,986.0833,7.5833,-3.4729,68.429
2025-04-01,69.23,9,12.205,83.875,50.958,26.5083,20.5,8.075,0.0,985.125,7.2831,-2.669,71.579
2025-04-02,109.324,9,22.631,137.435,71.957,27.7417,21.5417,5.3667,0.0,985.9375,4.0505,-1.8805,58.546
2025-04-03,86.263,9,20.912,130.952,52.417,29.65,18.875,4.6,0.0,986.6,0.0732,0.0186,48.667
2025-04-04,81.355,9,13.423,96.182,61.792,30.1625,17.5833,7.1708,0.0,986.1833,5.1322,-2.8861,56.379
2025-04-05,67.232,8,14.368,79.417,38.728,29.0292,21.5417,8.4833,0.0,984.3,7.6704,-2.8637,74.221
2025-04-06,101.761,9,23.633,145.522,65.667,30.5333,21.5833,5.8125,0.0,982.5375,4.8823,-1.2198,47.204
2025-04-07,119.095,8,23.828,148.25,80.045,32.5417,22.125,4.875,0.0,983.7417,-3.2404,0.1582,61.546
2025-04-08,99.977,10,16.608,138.875,75.652,32.8375,22.0,6.4542,0.0,985.7208,-5.5387,2.0821,70.558
2025-04-09,,0,,,,33.5542,25.25,6.8708,0.0,983.6042,-3.6137,0.7977,73.325
2025-04-10,,0,,,,31.5,32.5417,7.1,1.4,979.4917,-0.9951,0.8657,96.504
2025-04-11,,0,,,,26.3458,60.2917,11.6167,8.1,979.1333,-8.3852,2.465,113.279
2025-04-12,41.696,10,6.462,54.264,29.55,26.2708,57.0,4.9833,1.1,982.0708,-3.6223,0.5901,80.417
2025-04-13,57.697,10,12.611,84.87,38.25,28.3583,47.125,3.4292,0.0,983.775,-2.3583,0.0336,55.85
2025-04-14,,0,,,,29.3792,41.6667,6.3625,0.0,984.0125,-5.2671,2.6136,70.837
2025-04-15,,0,,,,30.8333,37.0417,7.3083,0.0,984.3583,-5.4996,4.2216,57.038
2025-04-16,,0,,,,32.25,33.875,6.3875,0.0,982.8125,-4.4304,3.0155,72.346
2025-04-17,70.963,9,9.538,81.333,51.375,33.3083,31.7917,8.1375,0.0,980.1708,-0.8821,0.4553,68.337
2025-04-18,69.417,9,7.51,82.13,55.708,32.9125,39.7083,7.8833,0.0,978.7583,-5.6644,0.9057,71.908
2025-04-19,46.86,8,5.085,51.375,37.095,32.6167,41.1667,11.8833,0.0,979.1125,-8.4188,6.5644,99.192
2025-04-20,51.868,8,6.288,60.75,39.348,33.1333,37.2083,9.4917,0.0,979.475,-7.0023,3.1791,95.95
2025-04-21,69.568,9,8.453,86.667,55.833,33.8625,23.2917,6.8208,0.0,982.2458,4.3272,0.4003,75.058
2025-04-22,80.498,10,24.711,120.087,49.292,32.5792,10.25,8.8167,0.0,983.6208,8.4736,-1.0669,68.108
2025-04-23,84.262,10,13.771,113.958,69.167,32.2542,11.5417,8.4583,0.0,981.3708,8.0669,-1.7612,78.871
2025-04-24,106.975,9,21.975,144.522,72.792,32.8417,10.9583,6.975,0.0,979.1042,5.3989,-0.6626,63.467
2025-04-25,107.797,9,22.786,147.542,79.583,33.8583,13.0417,6.6792,0.0,979.9667,1.8803,-2.0192,54.95
2025-04-26,108.442,8,27.833,151.875,69.458,34.3458,12.6667,8.1333,0.0,979.9792,3.1334,0.5704,50.225
2025-04-27,83.049,9,17.953,109.083,49.292,34.5417,13.75,5.0292,0.0,981.1583,0.8425,-1.2586,65.583
2025-04-28,102.368,8,14.146,125.13,78.833,33.05,19.625,7.7708,0.0,979.9333,-5.8963,0.765,77.354
2025-04-29,59.782,9,8.182,74.13,46.696,31.35,34.6667,10.4708,0.0,980.8917,-9.4191,3.0586,85.704
2025-04-30,70.325,9,10.492,88.458,55.25,31.5375,36.6667,9.0792,0.0,982.4833,-7.0353,2.1401,75.746
2025-05-01,72.529,10,7.639,85.167,58.417,31.7792,36.4167,10.0833,0.0,983.4292,-9.2131,2.6435,87.279
2025-05-02,48.708,10,8.423,59.882,34.379,26.2417,65.4583,8.4,12.4,984.5583,-7.3317,-0.1167,73.808
2025-05-03,87.832,9,11.448,107.5,67.27,28.3125,53.9167,5.2667,3.4,981.875,-3.0099,1.6375,71.167
2025-05-04,98.229,9,7.563,111.75,84.773,29.9292,48.9167,5.0167,2.0,980.0625,-3.9717,1.1689,77.4
2025-05-05,39.567,9,3.702,44.323,34.032,28.5042,57.875,8.2875,0.1,981.225,-6.8989,-0.2343,67.271
2025-05-06,55.88,9,8.789,71.583,44.138,27.3708,62.0833,7.5,0.4,981.3458,-7.223,-0.2465,68.504
2025-05-07,53.346,10,13.984,73.0,20.212,27.8625,62.2083,7.4125,0.5,980.8417,-6.8096,-0.2572,62.192
2025-05-08,80.659,9,11.962,102.292,65.957,28.2958,61.2083,5.925,2.7,981.0667,-4.9997,-1.1728,70.725
2025-05-09,65.072,10,7.28,73.167,50.215,30.7667,49.2083,5.5458,1.1,982.0958,-3.1531,1.4188,62.058
2025-05-10,94.611,10,16.64,121.208,72.875,30.9,51.5417,4.4708,1.5,981.7042,-2.3051,-1.1859,53.429
2025-05-11,62.35,10,11.472,82.25,47.833,31.7125,49.375,5.6042,0.0,980.0875,3.6643,-3.0737,77.633
2025-05-12,49.565,10,8.219,62.375,36.083,32.9917,34.5833,6.5333,0.0,978.9708,4.9148,-2.205,92.092
2025-05-13,31.871,10,7.339,46.542,19.292,34.7167,24.5833,10.025,0.0,978.9583,8.4489,-1.5085,87.075
2025-05-14,59.461,9,14.147,87.542,37.522,35.3583,21.2083,9.0083,0.0,979.0958,7.7667,-2.3188,87.292
2025-05-15,215.408,10,64.983,334.875,145.993,36.2667,20.5833,6.7417,0.0,979.0042,6.3198,-1.6834,85.867
2025-05-16,91.464,10,9.775,105.875,76.0,35.8125,23.9583,10.0333,0.0,978.1583,3.6851,-2.017,79.154
2025-05-17,45.33,9,13.068,72.083,26.75,35.6875,28.2917,9.925,0.0,977.6917,4.578,0.3662,76.7
2025-05-18,58.922,9,8.116,72.083,42.652,35.25,31.2083,9.6417,0.0,977.7125,1.4776,-1.0915,75.138
2025-05-19,76.235,10,4.663,82.739,68.25,34.5333,45.375,8.65,0.0,977.8208,-4.5122,1.2499,92.212
2025-05-20,73.295,10,4.501,79.667,65.522,34.9375,45.375,9.5667,0.0,976.225,-2.9057,0.452,107.375
2025-05-21,67.517,8,7.488,76.042,54.792,34.8125,45.0833,9.9542,0.0,976.7208,-5.9894,2.729,114.517
2025-05-22,26.769,9,4.26,33.208,17.417,31.4208,55.2083,10.9417,0.0,977.6208,-9.5329,4.8947,129.987
2025-05-23,43.07,9,4.869,48.375,32.826,32.35,51.6667,11.725,1.5,976.0,-11.0637,3.4903,101.35
2025-05-24,58.33,10,7.763,75.878,47.75,33.45,48.0,12.825,0.4,976.4083,-12.1915,3.792,92.308
2025-05-25,27.23,8,3.285,30.638,22.3,28.425,65.9167,8.5125,0.4,979.1708,-7.2858,-0.3203,96.542
2025-05-26,,0,,,,29.8292,65.0833,7.4708,1.8,978.0,-6.5471,0.4294,56.733
2025-05-27,53.463,10,7.224,65.792,39.583,31.1833,61.7917,5.3417,0.0,975.5875,-5.2202,-0.279,56.604
2025-05-28,67.095,6,6.566,76.5,59.67,33.1833,54.5417,5.3542,0.0,974.175,-3.5668,0.8681,68.438
2025-05-29,58.117,9,7.911,71.542,47.0,33.6458,52.2083,5.8292,0.3,972.15,-0.5771,4.9753,93.654
2025-05-30,63.609,9,8.261,76.13,50.739,31.6125,49.0833,5.4875,0.0,971.5708,0.0146,0.4176,100.9
2025-05-31,81.179,9,12.909,99.5,63.917,31.9083,47.625,6.3458,1.0,973.5083,1.6472,3.6624,115.529
2025-06-01,48.631,8,7.494,58.208,36.792,30.9958,48.125,9.6583,4.2,974.6375,4.8321,4.8092,91.246
2025-06-02,43.402,9,6.677,57.118,31.565,30.9333,47.75,5.6625,0.3,974.6625,3.0069,1.1167,77.554
2025-06-03,,0,,,,30.1958,46.375,5.9458,0.0,976.7792,1.7344,0.3214,82.638
2025-06-04,53.878,9,5.233,60.789,46.476,28.8583,54.9167,5.6,0.3,979.6125,-2.1596,-0.3842,93.021
2025-06-05,52.432,9,10.902,71.391,41.583,30.9458,46.0417,3.9542,0.0,982.2542,0.612,1.5255,100.367
2025-06-06,46.726,10,10.841,61.292,23.11,32.75,40.25,5.5667,0.0,981.4417,0.8798,2.2366,79.221
2025-06-07,74.283,8,11.222,97.381,64.542,34.7583,37.375,6.8875,0.0,979.6625,-0.5953,2.5795,79.279
2025-06-08,74.91,9,7.741,87.042,65.261,36.6667,35.4583,7.2958,0.0,977.975,4.4598,1.1074,107.738
2025-06-09,75.525,10,14.364,102.667,49.987,37.4833,28.5417,9.6208,0.0,976.3167,8.6081,-3.0021,118.758
2025-06-10,58.234,10,12.986,75.458,34.425,37.4083,21.9583,9.0667,0.0,975.6875,7.3972,-3.5584,120.279
2025-06-11,72.411,10,8.273,88.826,62.083,37.1,32.25,7.9375,0.0,976.0625,1.16,-2.4743,100.404
2025-06-12,68.145,10,8.061,76.667,48.83,36.8792,45.0833,7.7458,0.5,976.1,-6.7612,2.8599,109.546
2025-06-13,54.592,10,6.272,60.25,38.929,35.9875,48.4167,9.3583,0.0,976.7542,-8.0941,3.92,106.45
2025-06-14,62.992,9,3.925,67.684,55.167,36.2333,46.4167,7.1,0.3,974.9583,-5.0922,1.8185,90.375
2025-06-15,41.203,7,4.086,46.368,35.184,33.8125,53.25,8.1375,1.3,973.9083,-5.6018,3.9406,103.212
2025-06-16,44.653,8,7.565,52.714,32.894,29.4167,80.625,6.0708,25.6,974.7167,-4.8471,-0.8136,84.354
2025-06-17,38.046,9,3.773,42.583,29.5,29.1167,81.8333,6.05,16.9,975.2333,-2.5408,-0.1714,57.542
2025-06-18,44.687,10,7.404,54.855,34.031,28.8833,78.4583,4.5542,5.3,973.9417,-2.8349,2.1411,51.067
2025-06-19,35.314,10,6.293,43.75,25.375,29.7583,77.0,6.1458,0.1,972.5333,-5.2181,3.004,45.158
2025-06-20,30.122,10,4.341,38.917,24.583,28.7667,83.5417,7.825,1.2,974.9375,-7.2084,2.3121,41.688
2025-06-21,36.1,10,4.043,42.222,29.456,30.4292,77.25,4.9417,1.6,975.625,-3.8276,2.7786,58.863
2025-06-22,39.153,9,5.004,49.63,32.25,30.9833,74.5,5.1333,0.8,974.8208,-3.1484,2.6143,55.225
2025-06-23,49.436,8,4.636,53.75,39.917,31.5042,73.4583,5.0625,0.1,972.875,-3.7874,1.6348,64.096
2025-06-24,50.417,9,10.006,73.958,37.298,31.2542,75.4583,4.7333,1.1,972.225,-3.6433,2.3209,62.604
2025-06-25,,0,,,,29.1542,84.0,9.1417,12.9,974.9917,-7.9753,0.4321,45.375
2025-06-26,31.65,9,6.789,47.0,25.134,30.6208,76.375,8.6208,11.5,976.6583,-8.2748,1.4047,42.05
2025-06-27,23.57,9,2.715,26.591,19.682,30.7292,75.2083,6.9167,0.5,975.8833,-6.3785,1.2915,37.883
2025-06-28,36.319,9,3.278,43.833,33.667,30.8417,74.0417,4.625,8.3,974.7125,-1.9461,2.8188,42.683
2025-06-29,41.648,10,10.862,68.0,30.552,29.5542,78.875,5.8792,16.2,972.5,-1.509,3.601,51.346
2025-06-30,,0,,,,27.7958,87.0833,5.1375,17.3,973.5917,-2.4905,1.4536,42.475
2025-07-01,34.579,9,7.125,43.667,20.292,28.725,84.0,4.9208,9.1,974.4917,-4.4805,-0.5105,43.292
2025-07-02,30.517,10,5.469,41.636,21.591,29.9125,80.75,6.2125,1.1,974.4333,-5.9125,1.0873,41.133
2025-07-03,30.093,10,4.677,37.542,24.208,30.0833,78.25,7.2042,0.9,975.0125,-6.8537,1.6404,37.142
2025-07-04,34.322,10,10.376,59.222,23.048,30.2958,78.1667,5.1167,0.3,975.15,-4.3213,1.0646,45.221
2025-07-05,51.131,10,42.564,171.381,28.0,30.8917,76.5417,4.0042,3.4,974.0708,-1.2688,1.5132,68.125
2025-07-06,37.668,10,16.461,72.273,8.365,31.0083,74.5,4.2542,7.4,973.7875,0.2267,0.9737,76.504
2025-07-07,20.754,9,7.588,35.652,7.111,28.9833,83.3333,3.3458,13.5,974.6625,0.8497,0.0296,64.825
2025-07-08,40.854,9,22.592,99.952,28.167,30.8958,76.0417,4.7792,0.0,974.7167,2.8196,-0.3731,70.454
2025-07-09,24.172,9,11.477,51.688,12.917,29.1917,81.6667,3.7042,14.9,975.9292,0.0931,0.0882,58.696
2025-07-10,24.23,9,20.706,77.667,7.135,27.4833,85.375,3.9833,3.6,977.8792,-1.7774,2.9907,52.796
2025-07-11,33.734,8,16.512,54.917,0.0,28.3833,82.5,2.2125,0.4,977.3583,0.0243,0.9893,69.65
2025-07-12,34.075,9,16.749,64.625,0.0,29.3292,79.5,2.5917,2.7,977.1375,-0.935,0.0632,79.717
2025-07-13,29.426,10,15.245,53.545,0.0,28.2333,86.7917,4.9833,18.6,977.0333,-3.6833,-1.0071,71.062
2025-07-14,18.378,10,9.493,31.542,0.0,28.0458,85.4583,12.7875,17.6,975.0958,-12.3639,2.4335,30.054
2025-07-15,18.083,9,7.762,29.083,0.0,28.0667,83.7917,13.425,7.3,974.5417,-10.0154,8.5199,31.542
2025-07-16,27.491,10,9.228,39.708,9.682,28.7542,83.2917,8.0792,8.2,976.1458,-5.7094,4.9997,48.629
2025-07-17,28.564,8,5.5,37.364,22.609,28.5042,82.0417,7.825,1.4,978.1542,-6.5597,3.5462,48.696
2025-07-18,26.32,10,7.033,33.826,12.15,28.5208,80.2917,12.7958,4.1,976.6083,-11.8463,-3.5475,41.079
2025-07-19,21.134,10,3.654,27.125,14.609,29.0167,76.4583,10.8083,0.0,974.5125,-7.4317,6.5564,39.471
2025-07-20,27.395,10,5.177,36.042,20.773,30.1667,72.75,5.7208,0.0,974.5708,2.9744,4.4126,64.275
2025-07-21,35.967,9,11.791,56.708,15.337,28.9458,78.125,4.1958,0.4,976.8917,-0.7709,2.359,69.071
2025-07-22,45.702,10,10.245,60.375,27.711,30.1292,73.9583,3.9333,0.2,975.5208,2.0193,1.2558,80.483
2025-07-23,25.958,10,7.755,38.542,18.478,29.8125,77.8333,5.925,1.2,972.7542,3.694,1.3991,67.138
2025-07-24,34.419,10,9.288,51.565,26.13,30.7458,72.2083,7.0833,1.5,971.7333,5.888,-0.9749,74.571
2025-07-25,42.381,10,9.736,59.146,31.632,31.8042,68.125,6.35,0.5,971.4,5.2722,-2.4632,89.379
2025-07-26,30.738,10,6.495,43.024,22.236,31.0333,73.375,4.8125,2.3,972.5958,-1.7381,3.1093,75.825
2025-07-27,30.181,10,7.466,44.9,20.75,32.1625,67.5833,6.7208,0.9,972.5708,-6.4469,1.1643,61.979
2025-07-28,43.247,8,8.252,52.646,29.667,32.1708,67.2917,4.6833,1.6,972.7208,-3.0644,2.3125,66.421
2025-07-29,30.558,10,7.955,40.639,19.125,29.2083,82.25,5.0208,3.8,973.5,-3.9732,1.4713,51.512
2025-07-30,30.044,8,6.455,40.478,20.029,27.9542,88.0,7.7625,15.3,974.275,-7.4434,1.5749,44.242
2025-07-31,25.364,9,7.87,40.318,18.833,27.6917,88.0,5.9,29.2,975.0208,-3.0717,4.2315,42.171
2025-08-01,25.443,7,5.516,32.059,17.5,28.2917,85.375,4.3875,7.5,975.8833,2.1087,2.3305,51.767
2025-08-02,28.394,10,6.733,41.042,20.875,29.1458,78.5833,6.65,0.9,976.1917,6.1945,1.7462,49.967
2025-08-03,30.059,10,7.412,41.833,21.792,29.7083,77.2083,7.7167,0.7,977.3167,6.4497,1.7515,70.55
2025-08-04,31.642,10,6.772,41.066,21.699,28.6292,81.9583,7.475,0.1,978.6833,4.5646,3.117,87.383
2025-08-05,28.72,10,5.583,38.273,20.786,27.9375,84.4167,6.9,8.3,978.8875,1.8991,3.1522,76.454
2025-08-06,29.546,10,6.06,42.913,22.75,28.7375,79.9583,5.6417,0.5,979.3792,3.8436,2.0858,58.358
2025-08-07,29.542,10,8.313,50.792,21.167,29.9667,71.9583,8.5083,0.0,978.0292,8.1015,-0.6036,112.513
2025-08-08,30.227,10,11.017,60.583,21.083,29.9583,70.4583,7.35,0.0,979.1167,5.4816,-0.0742,126.887
2025-08-09,19.347,8,8.203,30.136,4.935,27.8333,84.1667,4.2792,8.9,981.25,1.2047,-0.6571,92.146
2025-08-10,32.26,10,13.543,52.708,0.0,28.9625,82.5417,3.1625,1.7,979.8875,1.5307,-1.2393,98.679
2025-08-11,31.818,9,13.751,45.5,0.0,29.7917,77.625,7.2917,1.6,978.5208,4.7744,0.8223,102.287
2025-08-12,30.826,9,15.075,56.905,0.0,29.1958,79.7083,5.8958,3.9,977.8875,4.3152,1.3859,79.55
2025-08-13,36.246,10,14.056,63.609,7.476,30.3,74.0833,5.9167,0.0,977.0,4.5949,-0.0304,98.854
2025-08-14,29.853,9,9.117,49.143,20.635,27.7958,87.5417,4.9458,8.2,979.6667,-3.7914,1.3825,63.667
2025-08-15,47.958,9,10.829,66.045,36.208,28.4667,85.9167,3.7875,4.6,978.575,-2.9624,0.7041,78.308
2025-08-16,50.884,9,8.571,63.391,37.062,28.6458,86.875,4.7792,4.1,977.4542,-4.0448,0.554,81.3
2025-08-17,40.139,8,7.129,54.409,30.103,29.0333,86.125,6.0708,3.6,978.3875,-5.781,-0.7128,53.238
2025-08-18,37.911,10,9.661,61.091,24.958,29.2042,83.25,8.2125,9.0,979.9208,-8.0478,0.0586,47.029
2025-08-19,32.228,10,9.382,56.318,22.542,29.1917,82.0,7.3375,5.4,978.5875,-6.7525,-0.0986,48.092
2025-08-20,26.707,10,7.696,47.111,18.875,29.3333,78.8333,9.6042,5.6,977.9583,-9.3873,1.1615,40.338
2025-08-21,31.676,9,10.484,57.591,23.208,29.6875,78.0417,6.5333,13.8,978.0958,-5.7289,0.5167,37.696
2025-08-22,52.086,9,13.625,85.952,39.059,30.325,75.4583,4.0833,3.3,975.95,-2.0838,1.3732,64.933
2025-08-23,34.161,8,7.366,51.182,27.826,28.3417,84.0,5.2125,13.2,975.8292,-4.6623,-0.831,43.267
2025-08-24,25.589,7,7.843,39.048,15.667,27.6292,86.8333,8.2042,11.8,976.6667,-7.3814,0.9904,36.879
2025-08-25,26.555,9,6.071,38.048,18.708,26.5792,89.3333,11.8292,19.7,975.9542,-10.9044,4.1131,28.554
2025-08-26,21.487,9,8.588,42.8,13.889,27.2083,88.5833,11.5458,6.7,978.45,-9.6232,6.2422,20.546
2025-08-27,37.315,9,8.989,53.773,25.646,28.4708,86.0417,5.6167,1.4,978.4792,-4.7952,2.5199,41.167
2025-08-28,60.088,10,13.932,87.261,44.455,28.6375,86.0417,5.3292,15.5,977.9792,-3.7699,2.2224,57.45
2025-08-29,49.056,8,12.09,73.0,36.875,27.875,87.8333,8.0417,12.6,979.1,-6.979,2.7108,36.946
2025-08-30,33.967,9,9.102,53.78,26.0,28.4125,83.9583,7.9417,3.8,980.6583,-7.6417,1.8796,36.488
2025-08-31,33.82,10,8.981,48.375,21.542,26.7417,90.5833,8.45,13.1,978.75,-7.2443,3.5987,35.754
2025-09-01,15.517,9,4.691,25.045,8.75,25.4667,92.3333,10.975,31.5,975.475,-9.1035,5.4884,21.275
2025-09-02,14.45,10,3.228,19.667,9.652,25.0625,92.75,12.8583,21.7,976.7625,-10.6534,6.5513,18.717
2025-09-03,24.801,9,8.269,42.381,14.565,26.2,88.875,7.4417,14.7,979.6625,-6.2668,0.4848,17.483
2025-09-04,30.472,8,8.227,48.714,21.958,27.1333,87.375,5.8292,17.7,980.1,-3.691,-4.1135,29.179
2025-09-05,29.136,10,10.077,54.0,19.045,27.5833,84.75,9.9042,4.8,980.0583,-9.3727,-1.5346,30.142
2025-09-06,33.955,10,9.063,56.81,25.667,27.6875,85.3333,10.1583,13.3,980.5875,-9.7284,1.86,32.575
2025-09-07,31.707,10,7.28,47.909,22.339,28.0042,85.1667,7.6875,2.3,980.2625,-6.2851,3.9192,38.85
2025-09-08,37.272,8,14.951,72.722,25.766,28.5917,81.2083,3.7667,0.7,981.1958,-1.4927,2.8694,44.817
2025-09-09,30.753,9,12.941,61.208,19.708,29.0708,75.875,7.4875,0.4,982.5333,6.7027,-1.6751,45.712
2025-09-10,25.917,10,7.42,39.565,18.0,29.2083,72.75,10.9708,0.0,981.5833,10.3633,-3.3857,35.292
2025-09-11,30.513,10,10.684,53.75,19.542,28.8958,69.125,10.1333,0.0,981.175,9.7746,-2.1049,44.021
2025-09-12,31.487,9,15.964,70.75,18.917,29.375,66.8333,7.5542,0.2,982.4542,7.0626,-0.9774,47.712
2025-09-13,33.198,10,17.992,81.417,20.167,30.8583,60.125,6.0917,0.9,982.7292,5.6396,-0.2856,52.679
2025-09-14,42.257,10,25.922,111.417,15.703,31.9375,56.75,6.3875,0.2,982.1875,5.1315,0.0458,55.421
2025-09-15,38.063,10,18.621,87.0,18.511,32.2833,53.8333,7.4333,0.0,980.4667,6.55,0.5715,46.175
2025-09-16,35.694,10,11.553,58.565,13.185,31.7208,56.3333,6.5875,0.1,980.675,0.7276,1.257,45.504
2025-09-17,44.324,9,12.774,55.25,16.901,31.1792,61.375,5.0958,0.2,981.3542,-0.3415,-0.5076,54.079
2025-09-18,51.385,10,13.24,69.3,17.18,30.2208,66.5833,5.3042,1.6,981.5125,-2.0127,-0.7319,59.667
2025-09-19,52.939,10,10.07,75.304,35.213,31.1333,61.9167,6.3375,0.7,982.0833,2.2716,-2.8411,58.513
2025-09-20,41.569,9,6.855,54.522,33.957,31.5292,56.125,8.3042,0.0,981.4958,6.5996,-4.2635,47.338
2025-09-21,40.616,10,16.372,84.87,25.106,31.225,53.25,9.2667,0.0,980.6417,8.2091,-3.3045,40.967
2025-09-22,43.708,9,21.771,100.579,30.0,31.65,50.5417,10.0583,0.0,981.1125,9.1102,-2.8325,45.217
2025-09-23,34.369,9,9.549,57.53,23.182,31.5542,47.4167,10.5958,0.0,980.7958,9.0676,-4.2976,42.417
2025-09-24,35.162,10,7.268,46.619,22.739,31.0083,49.625,9.8667,0.0,979.3125,8.8837,-3.3143,46.654
2025-09-25,35.155,10,6.268,46.529,27.391,31.1333,51.7917,8.7833,0.0,980.2042,7.694,-3.6965,43.683
2025-09-26,37.86,10,4.976,45.818,30.794,31.6292,52.2917,8.5167,0.0,981.3583,5.9088,-5.8252,43.158
2025-09-27,67.954,10,10.961,93.783,52.682,32.5917,53.75,3.8542,0.1,983.1417,-1.7254,-1.48,59.092
2025-09-28,42.262,9,10.155,63.304,32.0,32.3583,59.7083,8.6917,0.0,982.5083,-8.273,2.1959,35.979
2025-09-29,41.985,9,6.375,54.125,34.476,32.0375,58.2917,6.5292,0.2,980.95,-5.1977,3.4941,34.921
2025-09-30,43.113,10,6.681,51.875,32.543,30.6458,63.7917,4.3083,8.0,979.225,0.3528,1.8408,43.562
2025-10-01,47.73,9,6.769,60.323,40.917,28.3042,74.2917,4.25,2.8,979.4,0.5893,1.2476,48.879
2025-10-02,49.853,7,4.921,56.304,42.292,28.45,71.4583,5.7208,1.0,983.1208,-3.6203,1.9021,47.846
2025-10-03,37.188,9,6.576,46.125,26.125,29.15,70.6667,5.1917,0.0,985.8833,-4.7458,-1.2098,36.017
2025-10-04,75.163,10,8.343,90.75,62.182,30.3333,60.3333,6.9292,0.1,983.9125,4.9809,-2.3799,65.104
2025-10-05,71.771,9,6.864,81.49,57.292,29.2208,60.2083,7.3,0.7,982.8167,6.5862,-0.1773,64.45
2025-10-06,32.67,9,6.527,43.0,23.542,24.0542,84.8333,5.8958,14.6,984.8833,-0.7139,-0.1768,52.392
2025-10-07,23.92,8,4.254,30.375,17.083,23.4583,86.625,6.1958,5.2,985.2583,-3.1239,3.3674,26.442
2025-10-08,38.091,10,7.824,55.708,28.333,22.6792,85.6667,4.5542,0.2,986.7958,2.7886,-2.3264,42.083
2025-10-09,39.661,10,3.451,45.458,34.917,23.8,74.8333,6.7833,0.4,988.5833,5.1474,-3.8025,42.592
2025-10-10,67.288,10,8.913,88.069,55.609,23.5583,68.3333,4.7083,0.0,987.4708,4.066,-1.9564,49.796
2025-10-11,76.974,10,6.392,88.174,67.652,23.9083,67.625,5.8167,0.0,987.1833,5.1734,-1.2174,49.471
2025-10-12,65.995,10,8.266,77.542,55.625,25.2,63.4167,6.1625,0.0,986.8458,4.8884,-3.3704,62.696
2025-10-13,80.843,10,9.175,90.542,65.667,25.8208,59.375,3.3708,0.0,987.7333,2.2971,-1.4983,59.033
2025-10-14,84.673,9,15.727,106.727,66.333,26.4708,52.0833,3.225,0.0,986.8917,2.3789,-1.0042,62.7
2025-10-15,107.691,8,18.652,145.043,81.217,26.7458,48.5833,2.7208,0.0,986.9125,1.8411,-0.1766,67.646
2025-10-16,116.744,8,19.009,143.227,91.0,26.1667,51.4583,4.125,0.0,986.8125,3.4241,-1.2655,59.771
2025-10-17,117.256,9,10.251,136.75,102.875,26.5292,53.9583,4.2125,0.0,987.9875,3.1468,-1.5057,62.8
2025-10-18,129.331,9,22.522,162.25,90.347,27.2667,52.9167,2.975,0.0,987.5,2.0964,0.349,77.65
2025-10-19,174.196,9,31.601,245.667,141.542,27.9333,51.875,2.3208,0.0,986.9125,-0.0831,0.6766,95.533
2025-10-20,248.093,9,38.689,297.85,175.2,28.0917,48.9583,3.9042,0.0,987.2208,-2.7736,0.4437,85.058
2025-10-21,250.634,9,58.706,391.688,189.25,26.9792,57.125,4.3958,0.4,988.6125,-1.6652,1.7508,89.354
2025-10-22,219.646,10,25.62,253.042,161.75,27.6458,53.2917,4.5375,0.0,988.7667,3.6971,-2.1844,108.508
2025-10-23,146.04,10,18.304,185.167,124.284,26.5875,42.25,5.875,0.0,988.3,4.5716,-3.2424,62.229
2025-10-24,132.653,10,23.966,189.167,105.833,25.9458,45.75,3.7667,0.0,987.8458,2.4782,-0.2947,77.721
2025-10-25,159.215,10,34.264,237.792,126.256,25.7167,44.9167,3.3208,0.0,987.3667,1.5266,0.6242,100.062
2025-10-26,,0,,,,25.5042,45.7917,3.65,0.0,988.2583,-2.6344,2.1316,100.733
2025-10-27,156.233,9,20.072,192.318,137.069,24.2542,55.5,6.2125,0.0,988.825,-3.8154,3.5318,88.579
2025-10-28,137.31,10,10.629,150.143,120.318,23.3583,71.5417,4.2333,0.0,990.1583,-3.0151,1.5272,76.129
2025-10-29,166.292,10,21.813,205.042,135.627,24.8417,65.9167,4.0125,0.0,988.1458,0.3218,-3.5411,93.975
2025-10-30,206.256,10,22.958,255.0,179.75,24.5542,73.9583,3.7125,0.1,987.3958,-1.9937,1.2861,103.379
2025-10-31,102.504,10,14.719,126.458,76.003,25.3542,74.5417,4.5917,0.1,986.5,3.1056,0.6462,101.433
2025-11-01,216.354,10,39.458,279.833,135.659,25.0917,61.7917,6.4083,0.0,986.7208,5.802,-1.3701,96.804
2025-11-02,189.487,10,38.52,230.087,93.054,23.7,58.5,7.8,0.0,986.7042,7.3228,-2.1714,90.233
2025-11-03,176.934,9,56.106,275.368,122.158,23.525,52.9583,7.5167,0.0,984.8292,7.0832,-0.842,79.071
2025-11-04,,0,,,,23.4042,60.4167,5.5,0.0,984.8708,-1.8532,4.9164,81.008
2025-11-05,107.849,10,10.999,131.208,93.5,23.9583,62.25,6.7833,0.0,985.3833,3.1313,-3.0233,79.908
2025-11-06,200.698,10,26.434,242.364,165.125,20.6833,48.625,8.8375,0.0,988.1333,7.7737,-4.03,60.133
2025-11-07,232.72,10,29.438,271.163,179.583,20.3,47.3333,8.2125,0.0,989.5083,7.8476,-2.3025,51.3
2025-11-08,274.04,10,37.569,325.455,199.739,20.05,44.625,7.1208,0.0,990.4625,6.5714,-2.4856,53.175
2025-11-09,232.209,9,28.608,281.087,201.015,20.1042,45.9167,6.9792,0.0,989.1,6.5773,-1.957,65.225
2025-11-10,301.19,6,39.253,356.25,249.659,20.1625,46.5,5.5875,0.0,988.8583,5.0369,-1.7942,84.158
2025-11-11,323.565,9,33.873,378.348,272.763,20.0833,46.8333,6.7917,0.0,989.775,6.3687,-1.8791,90.371
2025-11-12,349.006,10,34.335,409.087,305.637,20.4208,47.5833,7.5583,0.0,990.675,6.7918,-2.5711,99.871
2025-11-13,304.269,10,33.2,367.522,254.766,19.3292,52.25,6.7375,0.0,992.0667,6.4323,-1.6936,108.633
2025-11-14,236.818,10,24.311,273.34,204.492,19.2375,49.9583,6.4833,0.0,992.0125,6.1789,-1.4806,87.071
2025-11-15,255.227,10,26.078,290.957,214.548,19.3625,49.9167,6.5333,0.0,992.8958,5.8956,-2.0736,86.196
2025-11-16,252.55,10,38.383,296.083,197.135,19.1708,49.8333,6.7292,0.0,994.5083,5.7445,-2.6909,67.65
2025-11-17,220.187,9,36.388,265.889,161.473,18.9875,50.2917,4.4708,0.0,993.9708,3.6145,-1.1578,105.346
2025-11-18,252.346,10,41.711,327.412,192.789,19.4042,58.25,4.0708,0.0,992.0375,3.2652,-1.0534,146.942
2025-11-19,271.492,10,61.929,363.458,161.0,19.7,62.625,3.1875,0.0,991.775,0.0045,1.2088,138.783
2025-11-20,244.504,10,49.411,308.625,170.826,20.0458,63.7083,3.45,0.0,992.3833,1.6486,2.1219,176.579
2025-11-21,212.182,10,60.683,302.583,100.682,20.3667,60.75,3.0125,0.0,993.5083,0.4709,1.8565,178.196
2025-11-22,235.935,10,54.847,321.167,130.833,20.3125,56.75,3.675,0.0,991.8542,3.2051,-0.3893,183.083
2025-11-23,278.484,10,58.18,384.696,191.826,19.35,55.5417,4.0625,0.0,991.9792,3.6239,-0.7825,173.662
2025-11-24,233.97,10,37.764,287.75,155.708,18.4458,57.9583,4.0875,0.0,993.3708,3.634,-1.5794,133.383
2025-11-25,206.664,10,32.747,255.333,138.0,17.4208,57.75,5.7292,0.0,993.2917,5.3753,-1.6404,93.375
2025-11-26,190.167,10,34.286,238.125,109.625,17.3667,57.25,3.6458,0.0,993.4333,2.4831,-1.5914,106.867
2025-11-27,266.511,10,50.568,339.174,181.0,18.1458,54.7917,2.0625,0.0,994.7667,-0.8291,-1.358,136.425
2025-11-28,228.317,10,37.717,290.0,156.625,18.0458,60.5417,5.0792,0.0,992.95,4.2255,-2.3663,81.879
2025-11-29,140.615,10,26.698,169.625,79.292,19.0042,54.2917,7.2458,0.0,991.2542,5.8116,-4.0402,55.338
2025-11-30,143.752,9,27.832,178.042,84.375,17.2833,49.5417,7.3708,0.0,990.2542,6.9291,-2.1451,57.929
2025-12-01,173.091,10,37.869,215.875,91.783,16.9458,49.2917,3.575,0.0,990.0208,1.6283,-1.046,98.533
2025-12-02,251.665,10,47.447,324.304,172.417,18.3083,56.9583,4.1667,0.0,990.0667,0.3066,-0.3625,111.525
2025-12-03,167.318,10,38.421,218.375,85.25,16.25,54.6667,6.075,0.0,993.1208,5.1706,-3.0031,90.808
2025-12-04,174.197,10,34.441,227.75,99.75,15.2333,55.8333,7.1208,0.0,994.0042,6.6233,-2.4166,90.796
2025-12-05,181.936,10,32.87,231.043,111.417,15.05,56.2083,5.2167,0.0,995.4417,5.0,-1.1454,93.5
2025-12-06,165.058,10,21.85,195.696,118.958,16.2375,53.0417,9.3958,0.0,994.2333,9.0905,-2.1434,75.412
2025-12-07,157.073,10,22.479,187.652,105.542,17.0417,56.25,8.6458,0.0,993.625,8.399,-1.9145,73.842
2025-12-08,147.906,10,20.31,176.208,104.783,18.0125,52.6667,9.4625,0.0,993.4625,8.921,-2.9843,64.113
2025-12-09,131.053,10,20.881,159.792,87.636,17.5542,53.75,9.9458,0.0,993.0,9.5879,-2.0977,53.721
2025-12-10,132.637,10,28.387,179.583,74.4,17.5417,57.0,7.6125,0.0,992.8,7.2039,-2.159,64.188
2025-12-11,178.217,10,39.697,235.455,98.391,17.375,60.4167,5.6625,0.0,991.6875,5.3476,-0.9082,97.725
2025-12-12,246.633,10,57.83,355.208,169.75,17.2792,62.7917,3.6125,0.0,990.9708,2.8986,-0.8391,161.112
2025-12-13,389.981,10,65.31,505.0,309.375,17.8292,65.7917,2.4167,0.0,992.0625,-2.0815,0.5234,212.283
2025-12-14,404.743,10,90.024,572.0,286.083,17.7333,69.5833,2.0417,0.0,993.2792,-0.5982,0.4585,230.846
2025-12-15,307.145,10,76.951,497.136,218.083,16.625,72.4167,5.6375,0.0,992.6958,5.5452,-0.4483,155.0
2025-12-16,177.979,10,27.705,210.318,118.417,16.9958,69.0833,9.4625,0.0,991.8958,8.8853,-3.1283,84.646
2025-12-17,193.316,10,36.802,241.292,134.625,17.0292,70.1667,8.0833,0.0,992.6708,7.7462,-1.9582,88.537
2025-12-18,270.952,10,66.211,344.609,141.55,16.4042,74.4167,5.4333,0.0,993.6417,4.2024,-3.0257,134.075
2025-12-19,236.318,10,38.356,281.986,171.261,15.7042,77.6667,5.8417,0.0,991.2792,5.5062,-1.779,121.946
2025-12-20,296.525,10,60.362,386.542,203.583,14.9958,78.4167,3.9875,0.0,990.1292,-0.6518,0.7323,148.308
2025-12-21,220.648,10,34.896,264.261,154.417,14.475,84.375,4.2667,0.0,992.2417,-3.3992,2.2306,205.013
2025-12-22,281.428,10,40.428,336.565,207.739,15.3708,83.3333,3.2125,0.0,992.25,-0.1553,0.6845,219.558
2025-12-23,256.845,10,35.622,302.583,205.875,16.5042,80.5417,7.8708,0.0,990.4583,7.4243,-2.0141,131.421
2025-12-24,112.322,9,22.675,136.435,73.5,15.85,69.25,8.825,0.0,990.4542,8.4036,-1.9981,57.646
2025-12-25,149.923,9,34.696,205.958,84.13,14.7333,64.1667,5.425,0.0,991.5417,5.2887,-0.177,92.321
2025-12-26,231.472,10,58.036,337.708,154.655,15.1833,66.8333,4.6583,0.0,991.9875,3.5244,-2.3425,129.504
2025-12-27,272.052,10,42.901,349.826,200.591,14.8708,76.7917,4.8375,0.0,991.8167,4.1047,-1.9986,147.808
2025-12-28,285.263,9,50.532,372.125,219.473,14.6125,78.25,4.2875,0.0,992.4333,3.3341,-0.9117,200.108
2025-12-29,290.078,9,47.607,358.25,241.14,14.0875,80.75,3.3292,0.0,992.1958,3.0397,-0.3925,181.029
2025-12-30,259.308,9,49.854,359.696,186.826,14.1833,78.5417,4.6042,0.0,989.4792,4.2169,-0.8946,147.833
2025-12-31,276.926,9,35.522,323.625,206.318,13.2042,83.5417,6.6375,0.0,987.6833,-5.6918,3.0213,169.312
2026-01-01,222.07,9,25.401,263.792,184.167,13.3125,89.9167,5.5417,1.6,989.8458,-2.3063,1.7361,162.325
2026-01-02,92.347,9,19.352,114.955,48.857,14.0333,78.5833,7.3833,0.0,992.8667,5.8197,-4.2394,109.767
2026-01-03,141.113,9,27.304,177.227,91.304,13.2083,77.25,3.85,0.0,993.6917,3.0359,-1.758,110.554
2026-01-04,140.886,9,34.316,178.435,74.292,12.4417,78.8333,5.0333,0.0,994.8125,3.9393,-2.2822,117.679
2026-01-05,126.726,9,23.252,169.417,82.917,12.475,79.4167,5.3625,0.0,995.9042,3.734,-3.4241,102.108
2026-01-06,164.934,9,26.56,195.5,125.542,11.9875,84.8333,5.825,0.0,995.8083,4.8811,-2.757,104.458
2026-01-07,142.065,9,23.175,170.913,99.833,10.8667,89.1667,6.1792,0.0,996.925,4.8731,-3.4734,116.625
2026-01-08,162.079,9,40.076,230.083,110.542,10.1458,87.7917,4.6625,0.0,997.1,2.8382,-3.3123,129.996
2026-01-09,212.872,10,52.256,281.208,135.1,11.4333,82.7083,3.4958,0.7,996.025,-0.4813,-2.7407,134.433
2026-01-10,162.828,9,32.51,212.474,113.011,11.3417,81.0833,6.1042,0.0,994.6542,5.3345,-2.7951,109.6
2026-01-11,,0,,,,10.5958,75.7917,7.8458,0.0,996.6458,6.9976,-3.4267,89.308
2026-01-12,,0,,,,10.575,70.375,4.9833,0.0,996.5833,3.1771,-2.4096,117.496
2026-01-13,,0,,,,11.1542,75.5,4.6,0.0,995.1208,3.4407,-2.7247,137.7
2026-01-14,,0,,,,10.7167,75.9583,6.5583,0.0,992.1667,5.8187,-2.9075,117.992
2026-01-15,,0,,,,11.1708,76.0417,6.5208,0.0,992.2542,5.7341,-2.7566,136.271
2026-01-16,,0,,,,12.6625,68.375,4.3958,0.0,991.0792,2.6865,-1.2887,151.579
2026-01-17,,0,,,,14.4292,69.6667,2.6833,0.0,989.4583,-1.9356,-0.0007,201.813
2026-01-18,,0,,,,14.7708,77.0,4.25,0.0,987.625,-3.4579,2.0348,198.204
2026-01-19,,0,,,,17.275,61.125,3.5708,0.0,989.6875,-1.558,-1.1435,159.308
2026-01-20,,0,,,,17.1917,60.9167,5.9792,0.0,990.9167,4.8189,-2.5595,147.233
2026-01-21,181.63,10,31.759,214.792,124.804,16.35,64.7917,5.3958,0.0,992.5958,4.3381,-2.5055,102.271
2026-01-22,180.528,10,37.759,218.375,120.28,17.4167,61.375,5.8292,0.0,991.15,-2.7589,2.709,117.229
2026-01-23,129.574,10,25.298,154.0,86.687,15.2583,83.125,12.35,23.9,990.3583,-8.7244,7.5408,88.787
2026-01-24,69.078,9,12.385,88.917,52.199,12.0917,68.9167,9.1875,0.0,996.9083,5.5165,-6.9617,57.475
2026-01-25,81.764,10,18.32,102.208,40.143,10.8792,73.5833,7.4292,0.0,994.5125,6.8992,-2.2388,68.25
2026-01-26,132.251,10,32.753,168.0,67.583,12.3917,77.1667,3.0292,0.0,994.1958,1.2055,-0.0036,124.646
2026-01-27,177.664,10,40.42,230.55,118.542,14.3875,82.5417,8.575,12.3,992.7625,-7.1327,3.8247,122.954
2026-01-28,130.675,10,23.767,158.167,82.25,14.2958,85.1667,5.3792,7.6,994.7042,3.0188,-2.9792,81.975
2026-01-29,104.043,10,26.058,135.208,54.875,13.4458,86.375,6.8083,0.0,994.8958,5.6525,-3.6744,85.983
2026-01-30,129.768,9,34.664,171.783,73.714,13.8167,81.7917,4.5,0.0,993.7167,3.9359,-1.1581,92.871
2026-01-31,203.246,10,49.42,255.909,131.525,14.125,86.5,5.4708,0.0,993.8292,-4.6283,2.6316,150.254
2026-02-01,108.896,9,16.526,129.083,76.255,16.0792,82.8333,5.7875,13.2,993.9125,-2.7197,4.0226,117.788
2026-02-02,120.607,10,26.077,157.826,80.0,15.2333,88.5833,5.2417,0.0,994.6333,4.5022,-2.2402,132.417
2026-02-03,,0,,,,14.6333,82.0417,4.0667,0.0,995.6458,2.59,-2.1407,137.825
2026-02-04,,0,,,,15.0792,77.3333,6.2708,0.0,996.3333,4.5662,-3.7736,118.692
2026-02-05,112.858,10,19.997,136.565,74.75,15.2792,72.0,8.5458,0.0,994.7917,7.9042,-3.0388,67.95
2026-02-06,103.332,10,17.86,126.667,69.35,16.3208,67.75,9.2,0.0,993.7625,8.3811,-3.3085,60.921
2026-02-07,98.193,9,19.446,119.25,60.619,17.5292,68.375,9.4875,0.0,991.5833,8.6764,-2.8474,56.25
2026-02-08,,0,,,,16.7375,62.0417,7.4625,0.0,990.5417,6.8489,-2.5033,53.154
2026-02-09,131.074,10,37.496,176.696,66.333,16.975,61.5417,4.7292,0.0,990.3458,-1.122,2.0084,107.037
2026-02-10,138.359,9,41.998,194.0,66.458,18.8167,59.9167,4.9083,0.0,991.3542,-3.1975,1.9826,113.4
2026-02-11,141.643,9,23.226,173.958,101.18,20.5375,57.9167,7.0083,0.0,993.9292,4.0293,-4.0704,79.85
2026-02-12,75.553,9,11.476,89.318,52.743,18.9333,53.7917,7.8833,0.0,993.1333,7.0888,-2.8992,48.554
2026-02-13,93.829,10,17.788,120.957,63.235,18.9958,52.75,5.7,0.0,991.0917,5.381,-0.8897,58.563
2026-02-14,113.286,10,25.437,142.792,59.391,19.8708,52.125,6.3542,0.0,990.0292,5.8149,-1.6292,67.108
2026-02-15,98.906,9,25.99,129.375,47.714,20.8458,52.7083,6.1083,0.0,989.2375,5.4996,-1.0106,62.221
2026-02-16,,0,,,,21.9583,50.4167,4.7333,0.0,988.5917,-0.3347,1.0257,85.15
2026-02-17,,0,,,,21.9125,54.2083,7.8792,0.0,989.825,-5.9737,4.8548,75.571
2026-02-18,77.667,6,11.675,99.062,65.875,18.9583,73.375,3.9583,0.9,990.9958,0.2515,-1.8971,74.412
2026-02-19,,0,,,,19.8375,67.4167,3.3292,0.0,992.2958,1.1938,-1.5492,88.992
2026-02-20,88.402,9,17.507,107.75,52.211,20.9958,63.5833,5.3708,0.0,993.3125,4.2194,-2.5939,69.617
2026-02-21,103.373,10,25.262,132.522,49.875,20.8208,62.0833,7.0125,0.0,988.725,6.6717,-1.5872,70.129
2026-02-22,100.05,10,24.128,128.304,55.222,21.5917,55.5833,5.5917,0.0,985.3042,4.6966,-0.4098,77.854
2026-02-23,105.506,10,25.649,130.85,45.15,22.3625,53.0,4.1125,0.0,985.3583,2.3451,-0.8777,82.975
2026-02-24,119.662,10,28.879,169.391,61.19,22.4333,52.5,4.575,0.0,987.3458,2.0581,-2.9708,80.546
2026-02-25,102.042,10,24.261,134.087,59.611,22.2667,47.5417,5.7583,0.0,988.3208,4.8324,-1.8194,72.096
2026-02-26,82.569,10,23.505,111.174,37.222,22.4833,45.375,7.6917,0.0,986.0375,7.3737,-1.6022,62.8
2026-02-27,81.427,10,23.79,100.792,29.118,23.6833,41.7917,5.85,0.0,983.6292,4.5468,-0.5845,62.542
2026-02-28,103.649,9,21.901,131.542,70.698,25.8958,41.0833,5.75,0.0,983.1125,3.7734,-2.1941,80.071
2026-03-01,77.352,10,19.832,97.609,30.0,23.9125,46.0,9.0083,0.0,984.5917,8.1997,-3.131,75.742
2026-03-02,90.799,10,25.452,118.55,30.316,23.9167,44.5,10.2042,0.0,986.7208,8.952,-3.8333,83.788
2026-03-03,82.475,10,20.914,110.25,35.222,24.5917,41.375,12.0542,0.0,987.1542,11.237,-3.978,87.333
2026-03-04,68.131,10,19.162,95.167,22.938,25.9708,43.1667,11.2625,0.0,987.8958,10.1403,-4.431,82.283
2026-03-05,63.771,9,8.197,77.583,49.846,27.2708,46.75,11.5875,0.0,985.5125,10.1225,-5.2467,101.492
2026-03-06,87.051,10,13.472,105.083,64.802,27.0708,45.75,6.1292,0.0,985.45,4.2998,-2.4238,80.329
2026-03-07,146.595,9,13.954,169.353,130.854,27.6583,52.75,4.075,0.0,987.15,0.3179,0.5081,91.033
2026-03-08,114.56,9,21.25,150.667,77.95,28.3583,46.9583,5.6417,0.0,987.425,4.0244,-0.6562,84.425
2026-03-09,105.752,9,15.088,124.174,80.818,28.0333,49.0833,6.8958,0.0,987.5083,5.3632,-2.803,89.525
2026-03-10,,0,,,,28.6667,51.375,3.7,0.0,989.5792,1.9294,-1.9082,121.775
2026-03-11,104.901,10,19.844,126.625,67.924,28.7708,39.2917,7.3167,0.0,987.6917,6.3591,-1.1062,94.217
2026-03-12,82.44,10,23.209,113.087,32.135,28.3333,33.3333,7.9875,0.0,984.2083,7.234,-0.3289,85.642
2026-03-13,77.941,9,18.543,102.909,53.148,27.0625,44.4583,9.1708,0.0,984.65,7.5313,-4.697,102.633
2026-03-14,79.513,9,16.422,108.042,55.458,26.7833,35.3333,6.8458,0.0,984.3208,4.7533,-2.6885,76.075
2026-03-15,61.18,9,15.157,98.5,49.054,23.1292,55.75,11.2708,2.6,984.8708,-8.1333,0.883,69.629
2026-03-16,44.923,9,15.224,83.625,29.906,23.3708,50.2083,11.125,0.3,983.85,-6.8562,2.2859,74.317
2026-03-17,80.24,9,17.561,113.042,53.809,24.2375,50.25,5.8125,0.0,984.5333,1.5002,-5.3525,68.567
2026-03-18,90.685,9,16.028,118.042,66.486,24.1125,56.75,5.4708,3.7,986.5625,0.4864,-1.8995,66.204
2026-03-19,61.382,9,17.307,99.042,38.47,22.1083,65.6667,8.0042,3.4,987.45,0.3685,-3.8341,50.912
2026-03-20,49.98,9,17.633,85.75,26.709,17.9875,86.0,5.0958,2.8,986.5875,2.6269,-3.0822,53.013
2026-03-21,66.421,9,16.986,97.5,41.389,19.7292,77.0417,4.9792,0.0,988.3792,3.3331,-2.837,75.971
2026-03-22,70.017,9,18.482,92.333,39.725,21.6958,65.9583,6.7083,0.0,988.1125,5.4326,-3.2607,69.208
2026-03-23,65.454,9,17.782,96.625,36.889,21.8958,70.375,5.3167,9.6,987.2125,1.1003,-1.1944,65.446
2026-03-24,85.479,10,20.24,116.545,51.752,23.5542,63.625,6.4917,0.0,986.125,4.3839,-2.538,78.771
2026-03-25,107.576,10,43.044,216.819,59.18,24.925,49.9583,5.8292,0.0,985.6,4.7236,-1.7887,64.5
2026-03-26,103.158,9,78.006,307.007,48.813,27.7333,43.25,6.2917,0.0,987.2417,4.6103,-2.8368,60.15
2026-03-27,53.636,10,13.984,85.125,34.904,25.725,49.0,7.6333,0.6,984.3792,3.3,-6.1167,52.4
2026-03-28,83.008,9,17.9,104.429,56.087,27.1458,43.875,5.4625,0.0,981.4417,3.6383,-0.7415,49.188
2026-03-29,86.661,10,11.764,109.458,63.361,28.1375,47.2083,7.7208,0.0,981.7,-5.2595,3.0193,71.275
2026-03-30,65.519,9,16.661,93.318,43.115,26.9625,50.1667,8.15,0.2,983.9458,4.1902,-0.4944,80.613
2026-03-31,64.726,9,21.433,103.429,43.7,26.2083,53.75,4.8792,0.3,985.6542,1.645,-1.5321,46.142
2026-04-01,52.704,10,15.976,85.0,34.507,26.425,51.0417,4.3667,0.0,985.9542,-1.1202,-1.1048,57.754
2026-04-02,88.435,10,18.597,120.522,58.54,28.375,47.125,4.6458,0.0,985.0375,-2.5976,0.2119,46.808
2026-04-03,87.345,10,22.341,141.667,67.333,25.8042,54.2917,8.9458,0.4,985.4917,7.0471,-1.7803,84.938
2026-04-04,57.159,9,13.913,84.083,34.903,24.4917,64.125,4.7208,2.3,985.3458,2.3572,-1.8967,48.137
2026-04-05,51.849,10,12.647,82.375,33.541,24.35,57.0833,5.2708,0.9,984.1375,2.4615,-1.7762,60.725
2026-04-06,55.299,10,18.908,88.609,29.866,25.9542,38.9167,6.4958,0.0,984.4625,4.8239,0.1421,67.233
2026-04-07,49.823,9,15.183,82.636,33.171,22.7792,56.5,8.6042,8.4,983.6083,-4.8095,1.6016,78.825
2026-04-08,38.455,10,14.659,70.917,21.703,20.4375,73.0,6.6,4.1,983.9,-1.6959,0.6929,45.846
2026-04-09,53.013,10,13.766,79.375,29.562,22.5792,60.7917,6.225,0.0,988.1583,-1.1931,-1.4816,51.233
2026-04-10,54.721,9,12.955,75.75,35.388,24.7917,42.5,12.5333,0.0,988.4417,10.4837,-6.3349,113.867
2026-04-11,48.3,10,13.648,81.353,30.715,27.6375,33.4583,10.3042,0.0,986.2458,6.7192,-6.6493,88.163
2026-04-12,63.281,9,15.425,92.583,40.185,28.6667,30.5833,9.1417,0.0,983.7458,5.6799,-5.8396,84.925
2026-04-13,62.212,10,15.236,84.913,40.974,28.6417,27.6667,9.1458,0.0,984.475,7.6372,-3.6383,61.904
2026-04-14,76.633,10,20.026,112.524,48.596,30.7,25.2917,7.0583,0.0,983.4583,4.3741,-3.134,56.9
2026-04-15,93.245,10,23.492,133.652,58.364,31.7417,21.7917,8.1375,0.0,981.0125,6.1048,-4.4416,53.513
2026-04-16,138.17,7,27.485,179.529,104.412,33.0458,21.4583,5.5708,0.0,981.8,1.9104,-2.0507,60.762
2026-04-17,115.045,10,29.127,157.125,75.008,32.5542,24.75,7.7,0.0,983.55,-1.1073,2.8198,58.417
2026-04-18,84.422,9,22.676,127.529,53.98,32.7417,28.9583,6.1167,0.0,982.725,4.7538,-1.7105,76.35
2026-04-19,128.987,10,23.988,167.136,99.358,33.55,21.9167,8.025,0.0,981.3542,6.794,-2.1415,63.913
2026-04-20,62.845,10,14.296,83.55,44.239,33.0167,21.9583,9.7917,0.0,981.2917,8.2036,-4.1831,92.663
2026-04-21,68.086,10,10.231,80.217,51.666,32.8208,17.7917,11.1208,0.0,980.8667,10.3124,-2.9929,87.542
2026-04-22,92.776,10,18.995,133.217,66.313,33.5375,21.2917,9.5,0.0,980.3792,8.5428,-2.5705,84.804
2026-04-23,71.267,10,18.543,101.857,48.386,34.2042,18.0,9.0208,0.0,981.1,8.6477,1.1914,62.683
2026-04-24,112.126,10,27.55,165.304,78.212,34.8667,22.5417,6.6042,0.0,980.5167,6.1785,-0.5634,61.717
2026-04-25,93.106,10,17.551,118.261,61.563,35.7,22.6667,9.3042,0.0,981.85,7.6254,-4.6276,112.562
2026-04-26,89.652,8,19.468,121.0,63.878,35.5083,23.5,9.7917,0.0,979.8708,8.2579,-4.5992,107.108
2026-04-27,89.888,7,30.214,146.478,60.61,35.6167,22.0833,10.1917,0.0,977.4667,8.683,-3.3062,103.954
2026-04-28,68.705,10,22.402,103.417,42.667,33.25,31.1667,7.4542,0.0,978.2792,2.4226,-2.9141,107.296
2026-04-29,49.852,8,15.408,79.182,33.417,31.8917,36.6667,5.8,0.0,977.975,-2.9378,-0.7297,53.188
2026-04-30,58.521,9,19.722,104.0,35.931,30.7917,41.0,8.3708,0.9,978.975,-5.2524,3.1432,64.562
2026-05-01,46.773,10,12.585,76.429,30.165,29.25,49.375,8.35,0.0,979.4958,-6.2363,3.3614,79.208
2026-05-02,68.939,9,13.224,94.882,56.778,31.4167,42.0,8.0708,2.3,977.75,-5.7852,4.1175,83.408
2026-05-03,47.687,8,17.829,91.042,34.381,30.6333,44.4167,11.8542,0.0,978.55,-9.0276,3.3698,97.796
2026-05-04,22.171,8,16.835,63.043,11.767,25.5333,64.625,11.5625,5.5,982.1917,-7.8211,-0.9036,50.512
2026-05-05,40.559,7,16.955,78.0,29.579,26.0,65.5833,5.9542,1.3,984.9917,-4.6601,-0.0148,40.958
2026-05-06,,0,,,,28.6167,47.875,4.7667,0.0,982.9917,-0.0378,-1.1615,58.825
2026-05-07,34.745,9,6.09,44.471,24.1,27.1708,50.0,13.1083,0.1,983.3042,-11.7242,4.7929,83.637
2026-05-08,44.691,10,12.918,75.857,28.283,28.2417,54.2083,10.3292,0.4,983.8833,-9.4825,2.274,66.196
2026-05-09,58.15,10,16.91,93.958,37.113,30.3167,45.6667,7.9667,0.0,983.7917,-7.6572,0.4551,56.142
2026-05-10,60.922,10,15.87,101.625,43.147,31.5542,42.875,7.95,0.0,983.2042,-6.7478,3.0773,67.617
2026-05-11,68.037,10,14.985,104.75,47.233,32.5625,41.1667,6.8167,0.0,982.7833,-5.4015,2.4777,69.625
2026-05-12,71.475,10,15.568,110.0,50.774,32.4375,45.5417,10.6875,7.0,980.0958,-8.453,3.7973,84.888
2026-05-13,68.051,10,15.71,109.783,53.964,32.75,47.4167,6.9042,0.3,978.2333,-5.2216,1.9548,96.167
2026-05-14,52.569,10,18.222,99.565,37.891,33.275,39.5417,6.375,0.2,977.3042,-0.0102,1.7364,122.162
2026-05-15,49.384,9,16.585,91.292,37.423,34.4,31.0417,9.1458,0.0,978.1083,4.5296,-3.5891,100.558
2026-05-16,77.633,10,17.92,104.364,51.659,35.0375,28.5833,8.6208,0.0,978.9083,6.011,-5.8628,133.537
2026-05-17,63.239,10,11.782,76.25,45.958,36.1958,26.125,11.1667,0.1,978.2542,9.1826,-5.7618,163.075
2026-05-18,53.416,8,8.362,64.215,41.125,37.1,25.2917,10.4917,0.0,976.375,9.3759,-3.952,162.979
2026-05-19,59.634,8,13.531,74.958,39.55,38.2625,18.4583,10.3333,0.0,977.275,9.5604,-2.1599,106.708
2026-05-20,52.338,9,18.29,91.083,35.5,37.9375,20.125,9.0875,0.0,976.5542,8.4133,0.0216,74.408
2026-05-21,48.126,8,11.185,67.354,37.125,37.8583,21.7917,13.7417,0.0,976.95,13.3313,0.0047,138.896
2026-05-22,51.315,10,13.049,73.96,36.348,37.3042,19.5,10.4208,0.0,979.4125,7.6813,-3.0084,125.562
2026-05-23,66.914,10,15.217,91.909,50.787,36.7458,22.375,9.875,0.0,979.5083,8.0166,-4.2008,123.896
2026-05-24,67.348,10,17.559,97.594,46.478,36.7833,21.7083,9.0417,0.0,978.5917,7.3734,-1.4136,132.125
2026-05-25,70.425,8,18.18,104.656,49.739,37.9417,19.0417,11.1417,0.0,977.1625,10.2465,-1.3564,133.708
2026-05-26,73.786,8,17.717,100.517,51.435,37.5708,16.75,9.5667,0.0,978.4625,7.723,-4.7309,145.292
2026-05-27,87.123,9,20.175,111.8,54.45,37.9583,17.0,9.0125,0.0,978.0792,7.6187,-3.9694,157.283
2026-05-28,75.511,9,10.921,91.318,54.773,34.1792,38.9167,8.8875,3.2,978.0708,-5.137,3.6051,174.321
2026-05-29,26.849,9,5.651,35.716,16.125,30.15,55.75,10.3583,1.0,980.0375,-7.4803,5.4727,123.417
2026-05-30,24.202,8,2.084,27.312,21.75,27.95,63.625,9.3125,4.7,981.7333,-6.5982,4.6475,80.487
2026-05-31,24.509,9,5.911,30.792,11.158,27.4833,63.6667,7.5833,0.8,982.9875,-5.5766,3.0743,68.433
2026-06-01,37.547,10,9.25,54.583,22.708,28.5958,61.75,6.0458,1.1,982.9042,-5.6946,0.8652,59.421
2026-06-02,41.392,10,10.6,57.583,25.5,30.7458,52.4167,6.2083,1.0,981.9458,-3.8909,2.9376,61.187
2026-06-03,60.179,10,9.292,70.458,41.667,33.8,43.4167,5.225,0.7,978.6083,-4.013,-0.1146,65.567
2026-06-04,52.407,10,8.868,72.569,39.238,32.9333,43.7083,8.325,0.6,976.8292,1.1801,1.384,79.467
2026-06-05,46.367,10,10.26,63.144,22.412,30.3792,56.5833,5.3333,2.1,978.1208,-0.2175,-2.3464,82.988
2026-06-06,62.537,8,8.449,80.453,53.803,34.1417,43.7083,6.05,0.0,978.15,2.6225,1.5277,85.204
2026-06-07,33.928,9,7.44,49.667,22.5,33.4292,43.0417,8.9708,0.4,978.1208,5.992,-0.1527,97.55
2026-06-08,41.128,9,13.643,72.511,24.0,36.5042,31.125,10.65,0.0,975.8917,10.0227,-1.9471,103.562
2026-06-09,36.633,8,5.025,44.826,28.3,37.4375,27.7917,10.3917,0.0,974.425,9.5851,-0.9389,107.042
2026-06-10,39.893,7,3.626,45.095,34.853,37.9542,27.5417,9.5708,0.4,974.1833,8.4355,1.8366,132.492
2026-06-11,34.888,10,5.925,47.25,23.667,33.8083,46.75,12.2958,0.2,975.2333,-8.4222,5.4736,177.642
2026-06-12,25.951,8,6.944,42.079,19.428,27.4333,75.0417,12.6292,8.1,980.2583,-10.188,1.3138,82.962
2026-06-13,38.936,9,9.491,59.187,26.1,28.7667,68.0417,3.925,0.7,980.5542,-0.4115,0.3152,108.258
2026-06-14,57.833,8,15.174,80.875,36.261,31.3125,60.0,4.7167,0.5,978.1792,2.6342,0.1352,116.079
2026-06-15,30.543,6,3.57,36.15,26.2,30.3625,54.125,7.8083,1.3,978.7375,6.1628,-1.9185,116.254
2026-06-16,38.897,7,2.99,44.0,35.381,28.1875,64.4167,6.2833,0.6,980.3333,5.6514,0.6063,118.025
2026-06-17,35.937,10,6.748,50.348,28.826,31.375,53.4583,5.45,0.0,980.0292,5.2089,-0.8681,108.962
2026-06-18,60.768,10,14.271,84.329,39.571,34.6375,41.9167,8.2125,0.1,979.025,7.437,-2.763,93.021
2026-06-19,34.503,9,5.987,44.409,26.1,33.925,41.125,9.2208,0.0,979.2292,8.6228,-2.4855,136.508
2026-06-20,46.611,9,8.702,60.591,30.348,34.3167,41.8333,9.1667,0.5,979.2042,8.5444,-1.5223,118.171
2026-06-21,,0,,,,34.1083,39.1667,9.3625,0.0,977.9875,9.2146,-0.3793,124.396
2026-06-22,33.067,7,15.827,58.561,12.931,33.1167,40.5,9.7167,0.4,978.2667,8.4331,-3.4438,107.567
2026-06-23,,0,,,,33.4333,42.7917,6.6375,1.4,976.6833,5.772,-0.4183,76.425
2026-06-24,,0,,,,32.5125,47.1667,7.2667,0.6,976.7167,4.026,2.6449,100.621
2026-06-25,,0,,,,34.4917,43.7083,4.9583,0.8,977.9042,1.7646,1.7321,97.283
2026-06-26,29.23,9,6.83,41.818,16.619,35.0542,44.4583,4.5375,1.2,978.7125,2.6448,1.0043,72.642
2026-06-27,48.538,10,7.915,63.167,35.326,35.475,45.625,5.4792,1.0,977.425,3.9007,0.4756,87.912
2026-06-28,50.121,10,8.94,68.292,38.969,36.6792,43.125,8.0125,1.0,975.1042,5.9083,-0.5928,84.775
2026-06-29,44.787,10,11.569,69.151,26.014,37.1375,40.375,8.7917,1.4,974.0958,5.8918,0.6734,115.917
2026-06-30,46.185,9,8.97,63.167,34.083,34.1917,53.9167,10.275,4.4,974.65,0.4098,2.1595,142.283
2026-07-01,39.085,9,6.243,48.043,30.489,30.2125,73.9583,8.3167,1.8,976.2708,-7.3123,2.9248,61.929
2026-07-02,38.974,9,7.863,51.182,26.885,28.9375,77.875,4.8958,6.8,976.925,-1.7683,-0.668,49.504
2026-07-03,49.027,9,10.756,61.545,32.271,31.1125,70.8333,5.2833,0.5,976.55,-3.3075,2.3057,41.45
2026-07-04,64.184,10,13.085,83.062,46.979,32.2042,69.3333,4.0,1.4,974.95,-1.6162,0.1887,53.854
2026-07-05,69.379,9,14.829,88.583,51.073,31.3542,76.0417,5.1917,3.7,974.325,-4.5356,0.0009,50.954
2026-07-06,37.624,9,9.101,52.792,27.08,32.1,71.0417,4.1625,0.5,974.5917,-2.7146,1.2475,38.967
2026-07-07,38.706,8,13.032,59.81,25.163,29.4625,84.75,4.7917,8.4,974.2292,-1.132,0.2929,50.579
2026-07-08,29.075,10,8.787,48.2,20.635,27.2625,91.125,8.0167,11.8,973.5208,-4.1624,-5.6635,38.25
2026-07-09,9.961,8,2.504,12.613,5.021,26.45,90.6667,10.3375,99.8,973.825,2.8506,-9.5733,34.896
2026-07-10,22.964,10,7.784,42.087,15.281,29.3167,81.1667,7.3667,0.6,974.9875,4.7723,-4.3915,78.021
2026-07-11,48.153,10,15.698,86.05,32.562,30.8375,75.7917,5.075,0.3,973.9667,3.3258,0.3121,140.142
2026-07-12,64.479,10,18.374,96.167,44.552,31.85,69.0,7.9125,1.5,972.4208,7.2874,0.6643,188.046
2026-07-13,38.6,10,13.122,72.542,23.84,32.1333,63.7917,8.4042,0.1,973.8042,7.487,0.5302,137.233
2026-07-14,37.546,10,12.284,68.55,22.62,30.775,70.2917,8.275,2.3,975.7375,6.4854,1.5774,106.633
2026-07-15,38.16,10,12.566,70.625,26.116,31.0542,67.4167,7.3625,3.4,977.4417,2.6952,2.5311,103.292
2026-07-16,44.999,10,13.15,75.0,28.26,33.8833,53.1667,8.1375,0.0,977.7208,7.2069,-2.3158,137.4
2026-07-17,51.91,9,13.166,84.042,38.635,34.1667,54.75,6.8417,0.3,977.0708,5.6458,-1.2595,171.208
2026-07-18,49.52,9,12.618,81.208,37.427,33.625,54.3333,8.0833,0.0,976.6542,7.1733,-0.4816,156.696
2026-07-19,50.376,10,13.81,82.0,29.522,32.6333,65.2083,6.9917,3.7,977.125,1.0716,2.1841,105.458
2026-07-20,41.937,10,10.891,66.167,27.399,28.675,87.1667,5.5583,31.9,977.825,0.1114,3.5598,56.837
2026-07-21,21.328,10,9.726,46.0,11.352,27.4125,89.8333,7.7667,14.7,977.7042,-7.3313,0.4835,24.746
2026-07-22,23.722,10,9.494,45.889,11.488,28.4917,83.2917,10.7417,5.7,977.0,-9.9643,2.458,30.933
2026-07-23,20.811,10,9.894,44.375,7.145,28.775,80.8333,11.1,9.8,975.5875,-10.6321,2.5484,27.462
2026-07-24,26.651,10,8.427,44.957,14.523,28.5417,83.7917,10.4375,8.5,975.2958,-9.6726,2.2659,28.733
2026-07-25,26.265,10,10.549,47.333,9.679,29.2417,79.7083,10.3792,2.3,977.3042,-9.3793,3.5376,32.958
2026-07-26,32.335,10,12.171,56.833,16.225,30.6167,78.6667,4.1083,1.4,977.1625,-3.4367,0.9464,48.192
2026-07-27,31.776,10,10.19,58.708,21.783,31.6667,73.3333,3.6042,0.6,974.7458,0.0798,1.3177,66.442
2026-07-28,27.787,10,9.436,47.9,17.841,27.9667,89.9583,7.1125,19.5,975.0458,-4.0151,4.3237,46.713
2026-07-29,47.737,10,17.372,81.656,29.354,29.3667,83.875,3.1833,5.6,975.7417,-1.949,1.1894,51.283
2026-07-30,42.451,10,11.35,62.652,27.877,29.6333,81.625,6.3583,10.8,975.1625,-5.1373,1.404,53.254
2026-07-31,24.407,10,8.687,39.667,12.885,29.5875,79.0833,11.2583,4.9,975.55,-11.0517,1.4982,29.683
2026-08-01,37.501,10,9.166,55.522,22.594,29.2167,82.4167,10.2583,5.5,975.3458,-10.0683,0.6963,35.8
2026-08-02,33.522,9,14.359,67.2,14.227,29.0292,84.4167,7.925,4.8,976.2292,-7.326,1.5294,37.296
2026-08-03,33.71,9,15.099,66.381,13.135,29.0833,86.8333,6.3458,14.3,976.8833,-4.4828,3.3873,40.283
2026-08-04,24.363,10,13.131,57.35,12.834,27.4833,93.2917,4.5208,13.6,977.775,-0.9283,0.7552,43.417
2026-08-05,41.33,10,18.328,86.048,23.236,28.8417,84.7917,4.3125,1.9,975.7292,1.3261,-0.5614,54.492
2026-08-06,29.053,10,15.572,69.8,16.745,27.2042,90.0,5.1208,12.8,976.0833,-1.0264,-1.3013,51.937
2026-08-07,27.385,10,14.016,59.562,10.268,26.5042,94.0417,9.0708,58.3,975.7875,-5.1491,-6.7941,33.663
2026-08-08,30.958,9,16.318,67.773,14.99,28.3333,86.1667,8.3375,28.9,976.8083,-6.7341,0.4156,42.983
2026-08-09,44.208,8,18.365,73.95,26.159,29.9542,80.5417,4.8375,3.0,977.9417,-3.8719,1.2167,59.829
2026-08-10,41.282,9,16.016,77.3,24.417,28.7625,86.7917,5.8333,7.7,977.2667,-4.0985,-0.4232,50.387
2026-08-11,33.161,8,10.643,50.833,19.076,28.5083,88.7083,5.7667,12.5,977.45,-4.3741,1.9168,58.096
2026-08-12,52.836,10,17.043,85.35,29.977,30.1125,81.875,3.6292,2.0,978.0875,0.7285,0.175,73.788
2026-08-13,42.053,10,20.475,89.75,14.944,30.2667,82.9167,4.2917,2.6,978.0792,2.6836,0.5214,51.367
2026-08-14,37.911,10,18.919,85.19,21.234,28.8333,87.875,3.4792,11.6,978.3792,0.0664,0.8074,59.133
2026-08-15,43.43,10,19.99,86.0,18.989,29.3708,85.5,4.5125,4.5,978.4125,2.1062,-0.207,73.075
2026-08-16,36.422,8,22.086,83.947,15.909,30.125,79.2917,7.0125,4.9,977.0333,5.5882,0.3908,84.054
2026-08-17,29.577,10,16.805,67.684,10.556,29.1583,81.125,7.0125,4.5,977.8625,5.098,0.3819,66.096
2026-08-18,36.175,9,16.858,70.304,13.843,29.6417,75.7083,5.3208,3.0,979.0458,3.4405,0.8704,62.375
2026-08-19,49.286,9,29.518,124.609,27.985,29.375,80.4583,3.675,5.2,979.6917,0.8423,-0.4709,62.692
2026-08-20,48.284,10,24.166,111.652,26.594,28.9042,85.5833,4.8917,4.5,979.925,3.2942,0.2911,51.046
2026-08-21,41.184,10,18.86,89.778,23.323,30.2167,77.75,7.2667,0.9,978.6208,6.1123,-2.7125,53.992
2026-08-22,35.905,9,13.193,62.0,18.225,29.0208,81.5833,6.7417,8.0,978.5583,3.1938,0.7602,65.504
2026-08-23,43.223,10,17.905,87.714,26.578,29.3375,81.2083,6.025,8.2,979.4875,3.1518,-0.7824,61.217
2026-08-24,53.823,9,25.43,117.818,33.927,28.7708,83.5,4.1208,6.9,979.6375,2.2013,0.2829,65.312
2026-08-25,53.452,7,14.687,76.455,26.865,28.9083,85.1667,3.3875,3.4,980.0042,-0.6051,1.1286,68.367
2026-08-26,60.724,8,18.927,98.625,41.104,28.6,88.25,4.3375,13.5,979.2167,1.4733,2.5562,95.312
2026-08-27,52.199,8,20.872,99.271,29.359,29.975,80.25,5.2042,0.0,977.8625,1.1859,2.3924,77.308
2026-08-28,,0,,,,30.4833,72.7917,8.0125,0.5,977.675,6.1991,-1.4118,111.433
2026-08-29,,0,,,,30.9917,67.875,8.4375,0.0,977.4333,7.7667,0.7001,114.679
2026-08-30,31.043,6,7.501,41.812,22.444,30.9167,65.875,7.8083,0.2,978.1583,6.266,2.1436,97.812
2026-08-31,31.099,7,8.648,43.792,22.5,31.0125,62.625,8.3042,0.7,978.5958,7.7255,0.3155,106.812
2026-09-01,29.103,7,10.131,44.042,15.125,30.2917,67.75,6.0583,3.9,980.0583,2.3316,-1.0475,80.171
2026-09-02,30.719,7,8.505,41.238,20.227,28.0042,81.0833,4.6583,13.6,980.975,-3.0997,-2.0478,45.65
2026-09-03,26.541,7,9.41,45.917,17.696,28.2833,83.25,5.6,3.5,980.3083,-5.2298,0.3124,29.1
2026-09-04,23.876,8,8.673,41.792,14.0,27.8083,87.0,5.9708,13.3,981.1917,-4.8954,-1.7419,44.942
2026-09-05,19.751,8,10.875,38.042,1.0,26.4625,92.5,6.2417,23.5,982.6583,-4.6284,-3.6219,29.4
2026-09-06,25.91,8,9.22,42.278,14.905,25.6958,92.25,5.7042,18.1,983.2083,-1.709,-4.1015,38.671
2026-09-07,52.611,8,17.922,82.219,29.591,28.3667,78.2917,3.8333,0.9,982.5917,2.2288,-1.8518,73.921
2026-09-08,31.021,8,13.563,52.143,14.778,28.8958,74.2083,7.0958,1.3,982.0875,6.3945,-0.1838,64.629
2026-09-09,31.342,9,5.804,39.969,21.15,29.85,67.875,8.5125,0.0,981.7458,8.0282,-1.0224,74.35
2026-09-10,33.706,9,6.202,41.217,24.667,30.3083,66.375,7.5208,0.0,982.6875,5.3028,-2.806,75.092
2026-09-11,44.341,10,6.43,53.042,32.591,28.45,81.8333,6.4583,8.7,984.2542,-5.9934,-0.7152,54.104
2026-09-12,27.393,10,11.01,46.938,11.45,28.7,83.25,6.625,7.6,985.1625,-5.8701,-1.3223,24.417
2026-09-13,29.24,10,7.305,40.167,18.667,29.4792,76.2917,8.6708,0.6,985.6,-8.441,-0.3692,27.704
2026-09-14,33.83,10,7.269,43.833,23.042,28.9417,77.625,8.9292,3.7,985.9667,-8.7915,0.6485,31.038
2026-09-15,48.144,10,9.033,59.87,32.417,29.4375,71.875,5.5833,1.6,985.3167,-4.5212,0.7034,51.525
2026-09-16,34.129,10,8.863,48.12,20.565,31.2,64.75,3.3833,0.3,983.9292,1.1743,0.3147,67.692
2026-09-17,42.223,10,9.006,55.996,29.647,29.1708,68.75,5.8625,2.0,983.0333,-1.1652,-2.2062,55.317
2026-09-18,27.689,10,6.455,38.466,14.737,28.1667,72.375,5.9833,2.2,984.1875,5.1622,-1.7317,35.342
2026-09-19,61.462,10,12.37,79.854,38.0,28.9708,68.7083,3.825,0.0,986.35,-0.0189,-2.2821,57.321
2026-09-20,78.36,10,10.92,96.583,60.875,29.7292,65.3333,2.6333,1.5,988.2833,-1.6222,-1.521,77.846
2026-09-21,72.09,10,8.99,83.562,56.056,29.9625,61.125,3.4708,0.1,986.4,0.1141,-3.143,71.937
2026-09-22,75.364,10,13.222,92.778,53.182,31.2083,58.0833,3.675,0.0,984.2875,1.482,-2.7412,68.767
2026-09-23,76.234,10,11.664,92.954,56.007,31.5625,57.1667,4.1625,0.0,983.2542,0.0355,-2.178,70.017
2026-09-24,52.64,10,11.869,68.333,28.667,30.0125,63.3333,6.7042,0.0,983.0333,-5.5717,3.5193,53.496
2026-09-25,19.96,9,5.432,27.286,12.043,27.8375,70.1667,8.7375,0.0,982.5708,-5.6994,6.1842,35.467
2026-09-26,15.812,9,4.832,22.368,9.958,25.1292,74.5,7.3125,4.6,980.075,-2.9975,-4.7044,50.088
2026-09-27,12.099,8,4.558,18.885,7.0,24.8292,79.125,6.15,1.1,982.05,-2.2805,-3.6105,27.396
2026-09-28,20.15,10,4.571,25.955,10.095,24.4,84.375,6.5042,1.5,984.0542,2.8083,-4.1926,31.037
2026-09-29,36.389,10,4.459,42.333,29.238,25.9625,76.125,7.4917,0.0,986.8583,5.3008,-5.1727,52.179
2026-09-30,63.222,9,7.368,74.857,50.5,27.4208,68.7083,8.2167,0.0,986.6042,6.3419,-4.4831,67.933
2026-10-01,66.357,9,8.798,80.438,50.438,28.3,64.0417,7.8417,0.0,987.8292,5.6822,-3.7225,77.379
2026-10-02,,0,,,,28.8375,59.8333,7.4292,0.0,989.4667,5.7871,-3.3659,73.621
2026-10-03,71.5,9,11.392,85.944,54.515,29.7375,56.0,5.9583,0.0,988.0083,4.9569,-1.363,76.654
2026-10-04,67.448,9,8.933,80.789,53.958,30.075,55.9583,6.0375,0.0,986.3292,4.2687,-0.9723,90.667
2026-10-05,56.548,7,6.23,66.584,46.69,30.2333,55.0833,7.6167,0.0,985.3583,5.3739,-1.3834,101.308
2026-10-06,62.36,7,5.753,68.458,52.812,30.4333,56.875,7.1042,0.0,987.7125,1.1796,-0.3799,84.587
2026-10-07,57.496,7,9.108,64.955,40.55,29.4375,60.9583,6.7167,0.4,990.675,-1.6653,0.6005,79.279
